{"filename": "Speaker8_France_Female_2_10", "pitches": [308.25683735269644, 267.9457298582109, 246.47555568130954, 247.717626558949, 248.98595473565507, 250.15763771762983, 250.01801753935348, 248.91421496372902, 250.05766230017738, 255.12164559618952, 261.21684602002074, 265.91544272532064, 269.1550571298695, 271.5434665417849, 272.82270050080865, 272.9422417521406, 271.3550601500992, 267.71538334066645, 263.37795707124576, 260.23781217260796, 258.6894716780204, 312.21677108379487, 309.38481728954594, 307.9364891031418, 306.02884739690273, 303.7644720052578, 301.08880103913737, 297.49686713384, 292.79949039747925, 291.8081536730133, 293.42692891516293, 294.41439700891414, 293.8125963420147, 291.8834062516704, 290.9398590904845, 291.8036105925446, 292.4536433898099, 292.88447257897093, 292.43613877882166, 291.3560864541811, 290.4068585057365, 286.869897696279, 277.2881000358062, 271.9202222859006, 264.5789687687393, 274.16434131526137, 271.78120928728856, 268.2595553724284, 274.81988656857914, 271.2087878597887, 269.01716603736014, 267.02760034005587, 262.3068254940028, 254.14621059896416, 245.51479487701698, 240.8548122442458, 186.68065730071987, 183.08804533437265, 181.35298062744752, 178.56368256017956, 174.33340789805476, 170.40617475757085, 165.75052243442926, 160.4451138444706, 156.76319191339792, 154.74409253345559, 155.65967951457134, 159.0064045579216, 161.05946817241912, 161.63208732820553, 161.46794951387264, 160.78855957459746, 158.7536569486464, 156.14931976209613, 153.37284086815689, 148.89959633405982, 146.61602531696104, 146.45259241318695, 146.57756041129392, 146.46723789408645, 145.89551917472917, 144.77306065592973, 144.81248423409747, 146.53538241980237, 147.5068700935454, 149.67352514140134, 148.1440926235352, 138.47247649971766, 136.71355366272493, 136.22564059528062, 135.09873299683593, 133.06005574642174, 130.1595629484639, 128.03560637269587, 126.2706810107419], "pitch_int": [0.28, 0.29, 0.3, 0.31, 0.32, 0.33, 0.34, 0.35, 0.36, 0.37, 0.38, 0.39, 0.4, 0.41, 0.42, 0.43, 0.44, 0.45, 0.46, 0.47, 0.48, 0.57, 0.58, 0.59, 0.6, 0.61, 0.62, 0.63, 0.64, 0.65, 0.66, 0.67, 0.68, 0.69, 0.7, 0.71, 0.72, 0.73, 0.74, 0.75, 0.76, 0.77, 0.78, 0.79, 0.8, 0.82, 0.83, 0.84, 0.9, 0.91, 0.92, 0.93, 0.94, 0.95, 0.96, 0.97, 1.16, 1.17, 1.18, 1.19, 1.2, 1.21, 1.22, 1.23, 1.24, 1.25, 1.26, 1.27, 1.28, 1.29, 1.3, 1.31, 1.32, 1.33, 1.34, 1.35, 1.36, 1.37, 1.38, 1.39, 1.4, 1.41, 1.42, 1.45, 1.46, 1.47, 1.49, 1.53, 1.54, 1.55, 1.56, 1.57, 1.58, 1.59, 1.6], "audio_url": "/file_processing/data_out/audio/Speaker8_France_Female_2_10.wav", "textgrid_url": "/file_processing/data_out/textgrid/Speaker8_France_Female_2_10.TextGrid", "labels": ["#", "Je", "vais", "faire", "les", "courses", "si", "j'ai", "le", "temps.", "#"], "label_int": [0.25, 0.09999999999999998, 0.13, 0.20999999999999996, 0.1100000000000001, 0.27, 0.15999999999999992, 0.14000000000000012, 0.029999999999999805, 0.22357000000000005, 0.24943000000000004]}