{"filename": "Speaker4_France_Male_2_29", "pitches": [220.67621926065485, 216.77310089456688, 214.59768672383012, 212.14750783225438, 134.92332592991764, 133.78363837786196, 132.97756329581904, 133.22036073211285, 133.7133060268523, 135.23999064321208, 136.48259408848713, 137.409833029199, 137.89988026396153, 138.01867959053857, 137.81896638934631, 136.87264259892342, 134.49611588336887, 130.6164412224676, 116.4637100393086, 112.53327188039128, 110.26782560157001, 109.54723185316877, 109.13407405825843, 109.84195868789811, 109.2270315352103, 100.68731702485643, 98.38880002523655, 95.78791489739572, 93.25820533451338, 91.27171581055764, 90.1517923488332, 90.19227996086212, 91.21325393960421, 91.63764016419258, 91.46272076014867, 91.07214885399421, 90.54224958174865, 90.16775201477671, 89.54223785314599, 89.01136838832032, 88.7553795061285, 89.17192578119713, 90.50432984018309, 92.70751656480454, 95.43687752485441, 98.80554579542985, 100.76011450407324, 102.41712984678058, 103.8299251882494, 105.97726446302849, 108.58262099968212, 110.5847365617811, 113.16895667061475, 115.71225375004964, 117.09217002583893, 118.2611589995943, 119.24939877674893, 120.2556648135039, 120.5768339321711, 120.84407129901601, 121.5956909581731, 122.07127016931771, 121.45751068500826, 120.32029604783361, 118.57912845373896, 122.15365838198147, 122.122033587994, 121.17053850822502, 125.59526330122155, 123.09138849149456, 117.57624024977083, 114.7603937329925, 111.34284355764652, 107.64079251805055, 105.42334852695733, 103.93117223466298, 118.6888802900694, 117.5149283521186, 116.72750080178261, 115.85889459637085, 114.78041385869817, 113.43676276173254, 111.35933850988013, 110.35006497080767, 111.07896915175168, 115.18652899861979, 117.24430199199537, 117.73506636735489, 118.03226512408978, 117.59368911189367, 117.02118509760687, 116.11721612453653, 114.53486622445371, 111.73004070950495, 109.57151097104605, 108.2204225169755, 106.84330792903128, 107.2563304263154, 108.6136523896665, 114.50349353269937, 116.44806671506026, 117.71347436050262, 115.91865890015643, 103.31155387663814, 102.36026593843688, 101.19606265323854, 98.96330329857598, 100.53639407338994, 100.54190715822747, 117.21830148422909, 117.86673622332614, 118.70341107914189, 120.83151855566683, 125.33432956645478, 133.0724999415036, 147.42524850261356, 151.13129469604226, 154.16050300660584, 151.28951089887016, 152.57872702828476, 152.89677179903177], "pitch_int": [0.31, 0.33, 0.34, 0.45, 0.53, 0.54, 0.55, 0.56, 0.57, 0.58, 0.59, 0.6, 0.61, 0.62, 0.63, 0.64, 0.65, 0.66, 0.69, 0.7, 0.71, 0.76, 0.77, 0.78, 0.79, 0.83, 0.84, 0.85, 0.86, 0.87, 0.88, 0.89, 0.9, 0.91, 0.92, 0.93, 0.94, 0.95, 0.96, 0.97, 0.98, 0.99, 1.0, 1.01, 1.02, 1.03, 1.04, 1.05, 1.06, 1.07, 1.08, 1.09, 1.1, 1.11, 1.12, 1.13, 1.14, 1.15, 1.16, 1.17, 1.18, 1.19, 1.2, 1.21, 1.22, 1.26, 1.27, 1.28, 1.3, 1.31, 1.32, 1.33, 1.34, 1.35, 1.36, 1.37, 1.55, 1.56, 1.57, 1.58, 1.59, 1.6, 1.61, 1.62, 1.63, 1.64, 1.65, 1.66, 1.67, 1.68, 1.69, 1.7, 1.71, 1.72, 1.73, 1.74, 1.75, 1.76, 1.77, 1.82, 1.83, 1.84, 1.91, 2.02, 2.03, 2.04, 2.05, 2.11, 2.13, 2.22, 2.23, 2.24, 2.25, 2.26, 2.27, 2.29, 2.3, 2.31, 2.47, 2.48, 2.49], "audio_url": "/file_processing/data_out/audio/Speaker4_France_Male_2_29.wav", "textgrid_url": "/file_processing/data_out/textgrid/Speaker4_France_Male_2_29.TextGrid", "labels": ["#", "Ce", "film", "\u00e9tait", "vraiment", "captivant,", "tu", "ne", "trouves", "#", "pas?", "#"], "label_int": [0.25, 0.13, 0.30000000000000004, 0.19999999999999996, 0.33999999999999997, 0.47, 0.06000000000000005, 0.030000000000000027, 0.34999999999999987, 0.03000000000000025, 0.20401999999999987, 0.24997999999999987]}