{"filename": "Speaker7_Russia_Female_3_1", "pitches": [181.28483674652085, 201.4364719614366, 201.45009563426396, 200.35287737974465, 199.83592980711822, 198.57459239318962, 197.7759977720567, 198.30941446458735, 221.74416647211868, 219.55824893922184, 216.95151292667748, 214.83822525454443, 212.52262189178055, 211.43978663240506, 212.4993866765848, 215.356734769057, 220.95361134805785, 227.8146288115585, 234.47776654610806, 237.63607660155378, 240.42699664447468, 244.29426831721435, 250.00657971579824, 255.9460807891773, 261.4919348736741, 267.7933204175643, 271.1190634903371, 273.5815659928937, 275.1967765149216, 275.57351310336844, 274.44594518800295, 272.2923611080835, 269.2941416032626, 265.4479322318034, 262.5867112695938, 258.98513287725837, 226.8719923282636, 223.15979876023795, 220.91456223597933, 219.20826937034093, 218.43098600496938, 218.90398201936188, 220.45200832995044, 223.18610882264335, 229.58232180557388, 236.4301960149258, 243.92513934374168, 251.1360948916381, 316.2908659383919, 325.4112928995383, 329.0355883801068, 218.58991817357986, 255.52187778763334, 214.66497837553734, 211.54614027781807, 205.17917133017508, 202.37259657280333, 200.50442836686173, 198.5439978844068, 197.1539567078078, 196.12134234554745, 195.19325261442017, 193.88034650868263, 192.90606334695113, 192.60112298853693, 193.06037632360108, 193.55101655995662, 193.10628687971277, 192.7352016371877, 192.73917293428786, 193.6849975858699, 194.2891242007931, 192.95794957739173, 191.93201097160022, 191.72500109025844, 192.00344551486322, 190.82023424195864, 223.1524186452341, 221.30537173217547, 218.03682800565863, 216.503843183406, 216.88444392519636, 220.81544872936064, 228.72160152634774, 235.8889294285535, 237.4016997395837, 221.1998202979581, 235.6510825440331, 232.56657176829754, 230.0618045919168, 228.1000671801431, 225.78137441791165, 224.2538223239746, 222.13830508101964, 219.42771492337695, 215.19730287214344, 215.6329106886801, 219.53407077217423, 222.03408368216515, 176.65182125416203, 177.29384975399088, 180.3789319268742, 182.6154944328965, 184.48089658738616, 188.5822550766122, 190.92837338426747, 189.9238575200713, 188.16947407752113], "pitch_int": [0.23, 0.26, 0.27, 0.28, 0.29, 0.3, 0.31, 0.32, 0.44, 0.45, 0.46, 0.47, 0.48, 0.49, 0.5, 0.51, 0.52, 0.53, 0.54, 0.55, 0.56, 0.57, 0.58, 0.59, 0.6, 0.61, 0.62, 0.63, 0.64, 0.65, 0.66, 0.67, 0.68, 0.69, 0.7, 0.71, 0.83, 0.84, 0.85, 0.86, 0.87, 0.88, 0.89, 0.9, 0.91, 0.92, 0.93, 0.94, 0.98, 0.99, 1.0, 1.14, 1.31, 1.36, 1.37, 1.38, 1.39, 1.4, 1.41, 1.42, 1.43, 1.44, 1.45, 1.46, 1.47, 1.48, 1.49, 1.5, 1.51, 1.52, 1.53, 1.54, 1.55, 1.56, 1.57, 1.58, 1.59, 1.64, 1.65, 1.66, 1.67, 1.68, 1.69, 1.7, 1.71, 1.72, 1.74, 1.84, 1.85, 1.86, 1.87, 1.88, 1.89, 1.9, 1.91, 1.92, 1.93, 1.94, 1.95, 2.04, 2.05, 2.06, 2.07, 2.08, 2.09, 2.1, 2.11, 2.12], "audio_url": "/file_processing/data_out/audio/Speaker7_Russia_Female_3_1.wav", "textgrid_url": "/file_processing/data_out/textgrid/Speaker7_Russia_Female_3_1.TextGrid", "labels": ["#", "Il", "travaille", "en", "France,", "#", "mais", "il", "n'est", "pas", "fran\u00e7ais.", "#"], "label_int": [0.25, 0.08000000000000002, 0.31, 0.07999999999999996, 0.47, 0.15000000000000013, 0.1299999999999999, 0.06000000000000005, 0.07000000000000006, 0.11999999999999988, 0.45601999999999987, 0.2499800000000003]}