{"filename": "Speaker8_France_Female_3_1", "pitches": [212.9152275295342, 208.4148075122186, 206.1029864852746, 204.79462255262322, 203.17615883253328, 190.309707778478, 244.8466992708357, 282.1645943934894, 280.87062357118873, 279.6862000934884, 277.5642904353822, 272.90962306236105, 271.7169991217013, 287.14833442667, 300.19836489036385, 309.75007291025344, 315.18701964617406, 318.04260610320523, 320.6610049000843, 323.1491228093157, 324.5232578575706, 323.9042850747483, 321.1732811775795, 317.702144554468, 312.41956122252384, 304.80823855324945, 292.899378617049, 287.3520819736883, 279.47168270754156, 274.2898224657884, 265.0647255956988, 257.00189830541865, 246.49150449872818, 235.74686520271942, 227.03770805156705, 221.05845322999724, 216.5220142629357, 213.7315081685642, 208.83298320557273, 206.3309124944918, 205.1129120149448, 213.1881583401072, 212.2320701187718, 213.54844722186516, 215.8916235646315, 222.43366161137618, 233.83676847339973, 241.75196877531187, 251.15519237697254, 261.65175006827366, 272.83497868850424, 288.0528725765183, 291.9075964250828, 294.3895294937622, 296.5758154485465, 301.6104572534206, 220.7025632313446, 217.06851722630827, 205.57573312473014, 184.28992748305458, 176.74747724610015, 171.18018679463188, 167.01933288268594, 163.18884029309825, 159.30094130105127, 156.13568138366722, 153.69590604061625, 151.20970282476867, 149.09374176108426, 147.61649481433108, 147.0962165745297, 147.32835987414938, 148.25102820728813, 149.47163246967602, 150.44089807734753, 150.92746740898477, 150.54162963872625, 150.13686843609204, 149.1151152011102, 148.3418852070616, 147.66201698315993, 148.09917693947943, 149.5768918966688, 151.0766095885508, 150.86759296079907, 234.28374639550987, 236.021354677702, 241.72056498450786, 250.6123453135166, 258.95531764860084, 264.2530271921644, 266.34834010526174, 264.56088697503975, 261.677656423244, 261.39646901993467, 183.27096041162673, 215.6899468487846, 211.06723101717415, 207.319832657589, 203.64428078814575, 196.24432859807072, 189.08213655471312, 183.21383217469486, 109.70365977850858], "pitch_int": [0.25, 0.26, 0.27, 0.28, 0.29, 0.31, 0.41, 0.5, 0.51, 0.52, 0.53, 0.54, 0.55, 0.56, 0.57, 0.58, 0.59, 0.6, 0.61, 0.62, 0.63, 0.64, 0.65, 0.66, 0.67, 0.68, 0.69, 0.7, 0.71, 0.72, 0.73, 0.74, 0.75, 0.76, 0.77, 0.78, 0.79, 0.8, 0.81, 0.82, 0.83, 0.98, 0.99, 1.0, 1.01, 1.02, 1.03, 1.04, 1.05, 1.06, 1.07, 1.08, 1.09, 1.1, 1.11, 1.12, 1.22, 1.23, 1.25, 1.27, 1.28, 1.29, 1.3, 1.31, 1.32, 1.33, 1.34, 1.35, 1.36, 1.37, 1.38, 1.39, 1.4, 1.41, 1.42, 1.43, 1.44, 1.45, 1.46, 1.47, 1.48, 1.49, 1.5, 1.51, 1.52, 1.58, 1.59, 1.6, 1.61, 1.62, 1.63, 1.64, 1.65, 1.66, 1.67, 1.78, 1.82, 1.83, 1.84, 1.85, 1.86, 1.87, 1.88, 2.07], "audio_url": "/file_processing/data_out/audio/Speaker8_France_Female_3_1.wav", "textgrid_url": "/file_processing/data_out/textgrid/Speaker8_France_Female_3_1.TextGrid", "labels": ["#", "Il", "travaille", "en", "France,", "mais", "il", "n'est", "pas", "fran\u00e7ais.", "#"], "label_int": [0.25, 0.08000000000000002, 0.41, 0.09999999999999998, 0.39, 0.06000000000000005, 0.06000000000000005, 0.11999999999999988, 0.18999999999999995, 0.4099999999999999, 0.25]}