{"filename": "Speaker5_Africa_Male_2_8", "pitches": [150.8747359508083, 107.07143722706311, 104.15524757841033, 103.87048317193896, 103.88982839740905, 104.0371937621746, 104.37523591964592, 104.71905564022344, 104.2452436098338, 102.94641452952506, 100.89177273727842, 99.2095838460706, 99.0142394005324, 100.09376327904859, 101.83421012909868, 103.20310203499704, 103.50288634358874, 103.30073380523238, 102.82460224227643, 101.5190657739978, 99.35643130559457, 103.01519534261678, 103.66256128027408, 104.32696330011758, 105.17626965309418, 105.87298844124766, 105.56750028913308, 105.09396022285904, 116.56410114152158, 114.91724780493256, 114.80132348993047, 115.38818050246695, 116.17290490985589, 116.9371319519563, 117.92625443690494, 119.77903474119992, 122.0767364290513, 122.87455432393418, 122.82246172775545, 122.82048263537871, 122.75603689011933, 122.44482320100573, 121.30720855088794, 119.42950713561282, 117.51917414361797, 116.36299561961553, 115.7526340893161, 117.35906051959297, 120.1982051355776, 120.7584499131476, 120.43802963380872, 121.37538382682914, 122.56944927381674, 123.59251072931544, 124.25641507685597, 124.79661353571746, 125.64881868035498, 127.03685087007513, 129.06794198308373, 131.47936547014697, 134.27316072260638, 137.08477184809024, 140.35610471484046, 144.15698750035114, 148.40959285332772, 151.76365282930163, 153.09335749868458, 152.73831848666754, 135.2240655890912, 150.51343544652093, 148.45001252706788, 147.42507326948515, 150.38607790499225, 148.22953700747618, 147.95900571457835, 124.60242924918185, 124.99132900866971, 125.37673331266885, 125.60572027335883, 125.74066198108679, 126.52807560700413, 127.82627080431413, 129.2650213820679, 130.801709100573, 132.31599812903195, 134.02747545835481, 134.50682086473927, 134.0416372460766, 132.70885823513, 131.13503969327735, 129.117857138198, 126.05190629527173, 123.97616994900727, 122.68228185569748, 121.02862394945448, 121.67954265687263, 124.98388199252624, 126.13634186688564, 126.35089328495866, 127.15299795880364, 127.50914846976251, 126.42316715271303, 124.69882650313639, 123.28483636300881, 122.10715580903098, 120.73444564234848, 118.49981999953863, 116.50582290100758, 110.07061916872217, 110.57371623176738, 113.11925799133604, 113.40114560669569, 112.43889985384985, 111.45203416685018, 110.11718106046645, 108.70250870862898, 81.78129344343282, 79.82347442149958], "pitch_int": [0.2, 0.28, 0.29, 0.3, 0.31, 0.32, 0.33, 0.34, 0.35, 0.36, 0.37, 0.38, 0.39, 0.4, 0.41, 0.42, 0.43, 0.44, 0.45, 0.46, 0.47, 0.5, 0.53, 0.54, 0.55, 0.56, 0.57, 0.58, 0.61, 0.62, 0.63, 0.64, 0.65, 0.66, 0.67, 0.68, 0.69, 0.7, 0.71, 0.72, 0.73, 0.74, 0.75, 0.76, 0.77, 0.78, 0.79, 0.8, 0.81, 0.82, 0.83, 0.84, 0.85, 0.86, 0.87, 0.88, 0.89, 0.9, 0.91, 0.92, 0.93, 0.94, 0.95, 0.96, 0.97, 0.98, 0.99, 1.0, 1.03, 1.06, 1.07, 1.08, 1.09, 1.11, 1.12, 1.21, 1.22, 1.23, 1.24, 1.25, 1.26, 1.27, 1.28, 1.29, 1.3, 1.31, 1.32, 1.33, 1.34, 1.35, 1.36, 1.37, 1.38, 1.39, 1.4, 1.41, 1.42, 1.43, 1.44, 1.45, 1.46, 1.47, 1.48, 1.49, 1.5, 1.51, 1.52, 1.53, 1.55, 1.56, 1.57, 1.58, 1.59, 1.6, 1.61, 1.62, 1.78, 1.79], "audio_url": "/file_processing/data_out/audio/Speaker5_Africa_Male_2_8.wav", "textgrid_url": "/file_processing/data_out/textgrid/Speaker5_Africa_Male_2_8.TextGrid", "labels": ["#", "Vous", "\u00eates", "#", "anglais", "#", "ou", "am\u00e9ricain?", "#"], "label_int": [0.25037, 0.17663, 0.13000000000000006, 0.05999999999999994, 0.3999999999999999, 0.20000000000000018, 0.1499999999999999, 0.4582900000000001, 0.2497100000000001]}