{"filename": "Speaker5_Africa_Male_3_23", "pitches": [134.1484343202337, 136.22060927811458, 137.43108268278024, 148.90668978674051, 149.87422363482756, 125.06657119539129, 113.87294995965314, 100.25819906943369, 93.71423850832014, 93.93185851399903, 94.33453214574374, 94.70075608794046, 95.90104365147678, 99.88241127603125, 101.5929618395694, 102.54706112293792, 102.58765160037244, 101.87846239811932, 100.64403787797323, 99.225985595617, 100.07170862982454, 147.45139372874038, 140.97982592765754, 138.84872910128155, 136.77693703646509, 134.0066231778094, 130.13739955849627, 126.71508355099698, 124.44662582865445, 122.91024152089271, 120.63932983967923, 118.0157306347111, 115.95748058776027, 113.99093017104762, 112.27355910819992, 110.30814573632655, 106.73365956437289, 103.40611489718583, 101.55493212876833, 99.90577996604628, 98.82882767594991, 117.67519962002866, 104.08238728413137, 103.00547719627639, 101.78725223324271, 99.01516012624666, 98.22016587771785, 115.59986288463536, 113.8530616670569, 112.13278977790648, 110.2391080476584, 108.75091717434634, 107.78205213814267, 106.56868355857141, 107.43275882941658, 108.17460305069861, 108.92817769728852, 110.25480662364177, 112.8391984559756, 116.01234510365995, 117.18394341320914, 118.01426386723284, 119.2687374395709, 121.2438672619241, 123.36113097349241, 125.3819335784498, 128.296902441006, 131.56466721929328, 135.2941814660799, 138.99652031742949, 141.9004234167861, 142.73443016767425, 142.68285089694234, 142.99787908915812, 142.02083856172555, 142.25410277003763, 141.37081028984318, 138.47027838878876, 135.50379510464322, 123.49030459802029, 119.65138554579977, 117.80456112906771, 115.72022976429993, 113.36706601457307, 111.52674548999411, 110.77192469041148, 110.71030620698573, 110.76626844095915, 105.00081646227994, 103.93401261043601, 103.3052404504398, 102.53315898293059, 101.11034870630041, 100.52032383933172, 135.34624803340586, 113.67970572083259, 112.6095034097449, 111.18991716808507, 109.58767912786776, 108.5931072894252, 106.51854890159926, 104.49263424240657, 104.12173902446186, 103.54851603904837, 101.35452371478505, 99.94002884952201, 100.23518195504803, 101.62961257575228, 102.12195418875467, 101.78705948055008, 100.24622706100659, 98.71242423881979, 107.60643755760609, 218.28176476857834], "pitch_int": [0.0, 0.01, 0.02, 0.11, 0.12, 0.23, 0.24, 0.25, 0.26, 0.27, 0.28, 0.29, 0.3, 0.32, 0.33, 0.34, 0.35, 0.36, 0.37, 0.38, 0.42, 0.55, 0.57, 0.58, 0.59, 0.6, 0.61, 0.62, 0.63, 0.64, 0.65, 0.66, 0.67, 0.68, 0.69, 0.7, 0.71, 0.72, 0.73, 0.74, 0.75, 0.87, 0.9, 0.91, 0.92, 0.93, 0.94, 1.06, 1.07, 1.08, 1.09, 1.1, 1.11, 1.12, 1.13, 1.14, 1.15, 1.16, 1.17, 1.18, 1.19, 1.2, 1.21, 1.22, 1.23, 1.24, 1.25, 1.26, 1.27, 1.28, 1.29, 1.3, 1.31, 1.32, 1.33, 1.34, 1.35, 1.38, 1.4, 1.42, 1.43, 1.44, 1.45, 1.46, 1.47, 1.48, 1.49, 1.5, 1.63, 1.64, 1.65, 1.66, 1.67, 1.68, 1.81, 1.84, 1.85, 1.86, 1.87, 1.88, 1.89, 1.9, 1.93, 1.94, 1.95, 1.96, 1.97, 1.98, 1.99, 2.0, 2.01, 2.02, 2.03, 2.33], "audio_url": "/file_processing/data_out/audio/Speaker5_Africa_Male_3_23.wav", "textgrid_url": "/file_processing/data_out/textgrid/Speaker5_Africa_Male_3_23.TextGrid", "labels": ["#", "Je", "suis", "impressionn\u00e9e", "par", "ta", "progression.", "#"], "label_int": [0.25, 0.13, 0.30999999999999994, 0.6500000000000001, 0.20999999999999996, 0.1299999999999999, 0.5600000000000003, 0.25]}