{"filename": "Speaker6_France_Female_1_6", "pitches": [256.35988841223246, 249.138855729613, 246.47006032862382, 243.97657347802698, 240.0042370100108, 237.61692951791747, 235.7496816499833, 234.18497405244938, 233.21353812179927, 232.36363543055853, 233.41771225068635, 237.57098137981495, 242.37315590556068, 245.52587618627996, 246.97970351563248, 247.2806213028545, 246.52555737890975, 243.86804542885685, 240.3974620524029, 238.1474573992963, 238.56710452125424, 237.86462277178617, 253.17457496804263, 247.35115325948044, 244.65865051823135, 243.4646329037318, 242.24911524184492, 240.09096815590158, 237.4826609486973, 234.57167856971887, 231.37515151802378, 230.69579960571156, 231.83346207907766, 232.0348458629925, 231.534106760176, 230.25842570826597, 226.92988735187942, 223.6701252719924, 223.44714376326206, 225.94634532245544, 227.1450444100661, 227.4920333622944, 229.01316543258554, 233.51220013388613, 236.67820547834714, 238.8630128128267, 240.97484173821329, 244.21930945523332, 250.07035258253975, 258.2139071531623, 270.5032412999545, 303.8281555937515, 320.2109254017017, 329.333184674131, 333.7518076493783, 345.3739500993064, 354.6273718978914, 362.20799296708446, 366.8155429734652, 367.3908220637059, 362.6288965035103, 356.4638445343226, 351.36604446811225, 344.16787137889827, 331.972220419416, 287.9006391158211, 282.45101364214156, 275.60618082502333, 270.08971014235163, 264.6844377669495, 260.2583013133882, 255.70701143585035, 250.0093659306536, 245.0176606206455, 240.98113757456989, 237.89676023055947, 234.9786405056172, 229.57379716141972, 226.6357934998406, 226.52106788528158, 226.40191900451043, 224.06357858015394, 222.6010682942353, 222.1861322281908, 222.45178085654643, 223.06255038924704, 223.13277610426246, 221.9063830753147, 220.04707536068742, 218.17624193987186, 215.14366622463157, 210.35671393154763, 206.50455529639274, 203.84292820545693, 202.10941702644877, 201.09866796461733, 200.83442657463132, 200.8683306162331, 201.0649020921089, 201.16782419814587, 200.61359435445692, 200.12463184032217, 204.84396111935598, 206.17137893112758, 201.9501970384685, 198.87905011477838, 196.33162870695418, 193.96021888610795, 191.76641082188607, 190.87776366433025, 192.13378867501513, 194.52491239121773, 197.18298165178115, 201.5918081568718, 206.50856087308728, 212.97344024026006, 219.60594530457422, 221.0781297113706, 218.85589104773516, 198.85951126152324, 199.30185957484593, 199.64102756529502, 198.74719154545986], "pitch_int": [0.3, 0.31, 0.32, 0.33, 0.34, 0.35, 0.36, 0.37, 0.38, 0.39, 0.4, 0.41, 0.42, 0.43, 0.44, 0.45, 0.46, 0.47, 0.48, 0.49, 0.52, 0.53, 0.56, 0.57, 0.58, 0.59, 0.6, 0.61, 0.62, 0.63, 0.64, 0.65, 0.66, 0.67, 0.68, 0.69, 0.7, 0.71, 0.72, 0.73, 0.74, 0.75, 0.76, 0.77, 0.78, 0.79, 0.8, 0.81, 0.82, 0.83, 0.84, 0.86, 0.87, 0.88, 0.89, 0.9, 0.91, 0.92, 0.93, 0.94, 0.95, 0.96, 0.97, 0.98, 0.99, 1.02, 1.03, 1.04, 1.05, 1.06, 1.07, 1.08, 1.09, 1.1, 1.11, 1.12, 1.13, 1.14, 1.15, 1.16, 1.17, 1.18, 1.19, 1.2, 1.21, 1.22, 1.23, 1.24, 1.25, 1.26, 1.27, 1.28, 1.29, 1.3, 1.31, 1.32, 1.33, 1.34, 1.35, 1.36, 1.37, 1.38, 1.41, 1.42, 1.46, 1.47, 1.48, 1.49, 1.5, 1.51, 1.52, 1.53, 1.54, 1.55, 1.56, 1.57, 1.58, 1.59, 1.6, 1.63, 1.64, 1.65, 1.66], "audio_url": "/file_processing/data_out/audio/Speaker6_France_Female_1_6.wav", "textgrid_url": "/file_processing/data_out/textgrid/Speaker6_France_Female_1_6.TextGrid", "labels": ["#", "Vous", "\u00eates", "anglais", "#", "ou", "am\u00e9ricain?", "#"], "label_int": [0.25082, 0.17118, 0.15999999999999998, 0.33000000000000007, 0.07999999999999996, 0.07000000000000006, 0.53, 0.25]}