{"filename": "Speaker9_France_Male_2_18", "pitches": [35.54432760223095, 56.39048943260319, 62.63425669070021, 99.41378428915002, 99.26487465428984, 126.59066785538273, 125.31939251122488, 125.33997827237098, 127.07638845685895, 129.37924481666556, 133.0812522930866, 136.95183148516136, 139.9770905166341, 141.764606271748, 142.41543163361317, 141.96159714732013, 141.03439647231522, 140.47390758615276, 139.09966219137723, 137.35500441924177, 134.89197513545173, 131.78785985994517, 128.4471891856446, 125.56133708965235, 123.3534755826483, 121.28757351690854, 117.67243247468213, 114.65947632403116, 112.47975562307948, 110.7817929507374, 109.53596641254418, 107.86581906393482, 105.103124537647, 103.00428539283702, 100.71651820793191, 94.64127881449265, 95.33436578323594, 95.124009792581, 90.87487985568266, 89.52790464398859, 88.49535389357142, 86.92417600604983, 92.04424404037276, 91.46734375488325, 90.5717829069724, 90.22538978864625, 90.2321390811743, 89.90985768183164, 90.09742844995509, 91.96859146801074, 93.55062419914995, 94.20280928308554, 94.60017406223085, 94.6986767565889, 94.63075304008404, 94.13701104863725, 131.97375679768382, 131.15941791565362, 131.5099367290591, 131.6102050809661, 132.04087009359603, 132.72628803473177, 133.26759901000239, 133.54719332719694, 133.51465707979838, 132.95501786212037, 124.00888077937702, 120.90391821643273, 118.00399366597736, 115.41786746431882, 112.16998050927612, 110.3683029499754, 100.84680129379439, 98.81493148782312, 98.1577660606019, 98.31139087751735, 98.7593311666143, 99.29691224258106, 100.12976912682689, 101.43569857878137, 102.85155201277021, 104.57806245844205, 106.11700088091239, 107.00479832716559, 107.46230633616537, 107.01582292108873, 105.50434631094538, 104.4126919929377, 136.38790826475088, 135.92078827158602, 135.06314557633078, 133.14944498994322, 131.07270732276584, 137.43455467572062, 136.42566434276893, 135.7366329554515, 134.65449025333578, 132.96255119583986, 130.73007338242067, 127.35105048557432, 115.51617773163218, 112.03762272426175, 109.07093341919881, 106.88461413730411, 104.23611237510994, 102.84228855572977, 102.254590719827, 100.66915191757603, 86.46483114465059, 85.82741660879711, 84.6632164188371], "pitch_int": [0.09, 0.2, 0.21, 0.29, 0.3, 0.47, 0.48, 0.49, 0.5, 0.51, 0.52, 0.53, 0.54, 0.55, 0.56, 0.57, 0.58, 0.59, 0.6, 0.61, 0.62, 0.63, 0.64, 0.65, 0.66, 0.67, 0.68, 0.69, 0.7, 0.71, 0.72, 0.73, 0.74, 0.75, 0.76, 0.81, 0.82, 0.83, 0.85, 0.86, 0.87, 0.88, 1.09, 1.1, 1.11, 1.12, 1.13, 1.14, 1.15, 1.16, 1.17, 1.18, 1.19, 1.2, 1.21, 1.22, 1.3, 1.31, 1.32, 1.33, 1.34, 1.35, 1.36, 1.37, 1.38, 1.39, 1.41, 1.42, 1.43, 1.44, 1.45, 1.46, 1.48, 1.49, 1.5, 1.51, 1.52, 1.53, 1.54, 1.55, 1.56, 1.57, 1.58, 1.59, 1.6, 1.61, 1.62, 1.63, 1.7, 1.71, 1.72, 1.73, 1.74, 1.93, 1.94, 1.95, 1.96, 1.97, 1.98, 1.99, 2.1, 2.11, 2.12, 2.13, 2.14, 2.15, 2.16, 2.17, 2.26, 2.27, 2.31], "audio_url": "/file_processing/data_out/audio/Speaker9_France_Male_2_18.wav", "textgrid_url": "/file_processing/data_out/textgrid/Speaker9_France_Male_2_18.TextGrid", "labels": ["#", "J'adore", "le", "rock,", "c'est", "mon", "genre", "de", "#", "musique", "pr\u00e9f\u00e9r\u00e9e.", "#"], "label_int": [0.25, 0.4, 0.09999999999999998, 0.25, 0.1100000000000001, 0.1299999999999999, 0.17999999999999994, 0.050000000000000044, 0.030000000000000027, 0.32000000000000006, 0.49744999999999995, 0.24955000000000016]}