{"filename": "Speaker9_France_Male_1_0", "pitches": [659.6372664779507, 653.8949567732943, 116.26831126374438, 115.37347737937091, 114.16830961853499, 113.44223980838008, 112.73937561851285, 111.69197810439796, 110.06938913501246, 106.69865019212389, 120.79482919060177, 118.789637600199, 117.49954991935725, 116.3353113394464, 114.53538630232602, 112.67957376882745, 109.52020732716933, 106.45742991107136, 104.91620453506673, 105.23092539938786, 108.51868717351758, 113.66949617638875, 117.42939380336455, 119.53681473668468, 120.71571864789135, 121.41921247181905, 122.34798497284856, 122.7192720475574, 122.99243192797928, 123.33954367985154, 123.71773979950478, 124.15268056570837, 124.02042513246302, 123.2764903430575, 121.22479156612663, 117.81249890175205, 114.05548668675443, 109.49798488001518, 103.8156762769942, 101.24481456086596, 98.8929197230706, 97.40681622028966, 95.83302043017665, 94.69564032751961, 93.38705882896414, 92.11384420366429, 134.510207610677, 133.12261182862395, 133.15470095330048, 134.03702783338542, 135.632653900072, 138.18638258140172, 140.5787573134671, 142.4971326177477, 143.3921262365796, 142.8979774572479, 141.87960938891567, 124.43032011226103, 119.81319902407533, 110.58276440177563, 107.22704295463528, 104.27735780065149, 102.88978455829222, 101.11228079782416, 98.8854167909927, 96.64226102297752, 96.85035410809178, 96.52861205195174, 97.5476728438256, 100.70659857871698, 104.89466500573025, 104.93325930802459, 103.4548815969788, 101.08138575714194, 99.04259575138234, 98.05995386136395, 98.06657108773496, 98.56390845339149, 98.61456406498193, 98.07358462449095, 97.37560656382297, 96.86412914660093, 96.74607598996838, 97.51404733111616, 98.36400248380397, 98.626773274815, 98.11476410246856, 97.79622767470364, 97.49097968526132, 97.12659343886355, 96.30202485852776, 124.82062824424253, 131.7267802689099, 128.8326611625224, 128.3482156682068, 128.31350285994168, 128.28658703854953, 128.37897943221316, 128.04326596465347, 127.12659539746682, 124.11281024125688, 126.10306040398495, 104.89215921118024, 103.23345065022237, 102.36420033391235, 100.58069925161092], "pitch_int": [0.28, 0.29, 0.81, 0.82, 0.83, 0.84, 0.85, 0.86, 0.87, 0.88, 1.04, 1.05, 1.06, 1.07, 1.08, 1.09, 1.1, 1.11, 1.12, 1.13, 1.14, 1.15, 1.16, 1.17, 1.18, 1.19, 1.2, 1.21, 1.22, 1.23, 1.24, 1.25, 1.26, 1.27, 1.28, 1.29, 1.3, 1.31, 1.32, 1.33, 1.34, 1.35, 1.36, 1.37, 1.38, 1.39, 1.57, 1.58, 1.59, 1.6, 1.61, 1.62, 1.63, 1.64, 1.65, 1.66, 1.67, 1.79, 1.8, 1.82, 1.83, 1.84, 1.85, 1.86, 1.87, 1.89, 1.9, 1.91, 1.92, 1.93, 1.94, 1.95, 1.96, 1.97, 1.98, 1.99, 2.0, 2.01, 2.02, 2.03, 2.04, 2.05, 2.06, 2.07, 2.08, 2.09, 2.1, 2.11, 2.12, 2.13, 2.14, 2.21, 2.22, 2.23, 2.24, 2.25, 2.26, 2.27, 2.28, 2.29, 2.3, 2.45, 2.48, 2.49, 2.5, 2.51], "audio_url": "/file_processing/data_out/audio/Speaker9_France_Male_1_0.wav", "textgrid_url": "/file_processing/data_out/textgrid/Speaker9_France_Male_1_0.TextGrid", "labels": ["#", "Il", "travaille", "en", "France,", "mais", "il", "n'est", "pas", "fran\u00e7ais.", "#"], "label_int": [0.791, 0.10999999999999999, 0.41999999999999993, 0.08000000000000007, 0.3999999999999999, 0.14000000000000012, 0.05999999999999983, 0.14000000000000012, 0.1499999999999999, 0.45999999999999996, 0.25]}