{"filename": "Speaker8_France_Female_2_25", "pitches": [303.0736196473893, 300.2654998157376, 299.5012669274719, 300.29754954084916, 303.9115432093765, 320.7549807530558, 326.5969873066541, 329.8725787511951, 331.07972592385386, 329.99343593586224, 326.9253363966436, 324.31275984113194, 321.83334288005875, 318.6371185809544, 315.9528307588032, 313.67407480932644, 311.9263768331212, 308.85799968553204, 304.12179889921487, 295.95667395635536, 289.8445814362021, 284.7827537403334, 282.2338370725186, 284.29070408696776, 284.8625276474751, 283.402513268476, 281.181501588123, 279.138485401297, 277.94357603121614, 276.3630140711481, 272.627043338501, 265.9049202489188, 264.0192398428944, 273.95913562964125, 301.456052407512, 301.8483647675571, 303.3659844180624, 303.9927209833857, 303.6066770425031, 301.3626779316473, 297.2268372959633, 292.7988105237884, 289.3569113359806, 285.098051887786, 279.18527478414, 275.1163178312093, 271.4823897247792, 265.06731776733244, 258.4622543018458, 251.81489305735496, 243.1529431739702, 240.62709953356202, 247.24857323130078, 256.9049329645443, 257.9265549849037, 258.03295327114586, 258.8861435302981, 259.87060219403895, 259.8544889005108, 258.92275244792927, 257.7107032623726, 257.3237999432969, 257.4450068950263, 258.4348620492994, 260.06899545184973, 262.02936450935954, 263.7497132760221, 266.02152305473714, 270.0450783322465, 276.6111728719591, 281.14889360721594, 286.8644070508254, 292.11412851759326, 298.56894826127876, 305.87425667211687, 313.80181261737135, 332.73479151108035, 349.1371338033563, 386.8609008711729, 434.1520446176742, 443.7925126414948, 446.7157772314233, 446.3016419973401, 443.8716973356849, 440.60039966147247, 333.97562566691, 331.2627232213827, 325.436672723792, 318.61940657726785, 313.43155399795967, 301.6344857676221, 295.6547356150194, 330.8061048741604, 323.4354880082025, 313.3636795732131, 307.50466757961334, 305.7837471376612, 307.61297179305865, 316.25166602599506, 330.33727134755173, 343.0007312793203, 386.65078642550486, 419.57392311688574, 421.5411452357711, 421.21921465683755, 417.67926879639816, 152.47704244220324, 150.20821002660878, 149.34989326698943], "pitch_int": [0.32, 0.33, 0.34, 0.35, 0.36, 0.37, 0.38, 0.39, 0.4, 0.41, 0.42, 0.43, 0.44, 0.45, 0.46, 0.47, 0.48, 0.49, 0.5, 0.51, 0.52, 0.53, 0.54, 0.55, 0.56, 0.57, 0.58, 0.59, 0.6, 0.61, 0.62, 0.63, 0.64, 0.66, 0.73, 0.74, 0.75, 0.76, 0.77, 0.78, 0.79, 0.8, 0.81, 0.82, 0.83, 0.84, 0.85, 0.86, 0.87, 0.88, 0.89, 0.9, 0.91, 1.01, 1.02, 1.03, 1.04, 1.05, 1.06, 1.07, 1.08, 1.09, 1.1, 1.11, 1.12, 1.13, 1.14, 1.15, 1.16, 1.17, 1.18, 1.19, 1.2, 1.21, 1.22, 1.23, 1.24, 1.25, 1.27, 1.28, 1.29, 1.3, 1.31, 1.32, 1.33, 1.42, 1.43, 1.44, 1.45, 1.46, 1.47, 1.48, 1.6, 1.61, 1.62, 1.63, 1.64, 1.65, 1.66, 1.67, 1.68, 1.7, 1.72, 1.73, 1.74, 1.75, 1.96, 1.97, 1.98], "audio_url": "/file_processing/data_out/audio/Speaker8_France_Female_2_25.wav", "textgrid_url": "/file_processing/data_out/textgrid/Speaker8_France_Female_2_25.TextGrid", "labels": ["#", "Tu", "viens", "avec", "nous", "au", "cin\u00e9ma", "#", "ce", "soir?", "#"], "label_int": [0.25, 0.10999999999999999, 0.13, 0.24, 0.08000000000000007, 0.07999999999999996, 0.43000000000000005, 0.09999999999999987, 0.07000000000000006, 0.3899999999999999, 0.25]}