{"filename": "Speaker3_France_Male_1_14", "pitches": [205.7921019577562, 163.31204792842655, 130.65394792404024, 121.45470642010619, 117.5725771726713, 116.27212187171656, 115.22299519261185, 110.6263076763436, 109.28798458962844, 125.20356894682865, 126.89129493088836, 127.48876792009034, 127.4983494313876, 126.82150331619687, 125.81143022141772, 124.6113033009557, 123.2544985493314, 120.50205439979335, 127.91847536829917, 127.6118158957236, 128.63562399324132, 128.8593930301345, 128.704106364988, 127.7849354636411, 126.53222907791675, 125.16944801417587, 124.1809304623101, 126.57150433892964, 125.68784426043845, 125.26212358231147, 150.46296294051277, 147.70913772055033, 144.49761530069117, 140.77158917920607, 136.7347560778767, 133.51981907907066, 131.17505979800427, 130.88879524853687, 131.73908659102847, 131.86030950502573, 131.77714267734393, 132.48391837565703, 134.0783575252793, 136.31048622850568, 140.42813379184204, 143.56134709202766, 145.62783616388072, 148.01109233266993, 150.19706557932997, 152.36765528550174, 153.07848970461433, 152.6361053653707, 151.02952306879854, 149.48388884801986, 149.75644216860198, 151.12104311374628, 150.47016527268687, 151.221299677581, 151.81619332245396, 151.85883855356212, 152.8508740793408, 152.01857704462205, 150.304325186128, 152.30298148068545, 152.7913516513689, 149.8790171892694, 147.013822600533, 141.9019277013503, 139.21041746494242, 138.2169061656916, 138.2606635377643, 138.55007636526773, 138.72652123764098, 138.48020360640666, 138.19504088873646, 138.0157953097403, 137.80936480155816, 137.57217839174288, 136.9852867789311, 136.24311085214782, 135.09375658122502, 137.83011783083538, 137.34633946177348, 136.41438975648805, 145.34000188784705, 147.48727022931934, 148.9288965463718, 149.73081759769943, 151.76611875066234, 154.14453841118, 158.05208409160565, 163.1570611303911, 165.89907029462927, 170.07414715410465, 173.46161191763662, 171.00104268749936, 167.2807991846053, 161.3800616169597, 161.90598916436386, 134.65830351256506, 134.14747089666153, 134.2583887391789, 136.66429909451085, 138.9907660795341, 140.64313124040737, 140.5051956457525, 139.10792948424026, 136.8346896425914, 134.94950515193344, 137.56807232422202, 151.02667531064466, 152.82526284116415, 154.55370245490062, 155.58183790038322, 151.34359861939018], "pitch_int": [0.04, 0.1, 0.29, 0.3, 0.31, 0.32, 0.33, 0.34, 0.35, 0.37, 0.38, 0.39, 0.4, 0.41, 0.42, 0.43, 0.44, 0.45, 0.5, 0.51, 0.52, 0.53, 0.54, 0.55, 0.56, 0.57, 0.58, 0.61, 0.62, 0.63, 0.67, 0.68, 0.69, 0.7, 0.71, 0.72, 0.73, 0.74, 0.75, 0.76, 0.77, 0.78, 0.79, 0.8, 0.81, 0.82, 0.83, 0.84, 0.85, 0.86, 0.87, 0.88, 0.89, 0.9, 0.91, 0.92, 0.93, 0.94, 0.95, 0.96, 0.97, 0.98, 0.99, 1.02, 1.03, 1.04, 1.05, 1.06, 1.07, 1.08, 1.09, 1.1, 1.11, 1.12, 1.13, 1.14, 1.15, 1.16, 1.17, 1.18, 1.19, 1.24, 1.25, 1.26, 1.29, 1.3, 1.31, 1.32, 1.33, 1.34, 1.35, 1.36, 1.37, 1.38, 1.39, 1.4, 1.41, 1.42, 1.5, 1.53, 1.54, 1.55, 1.56, 1.57, 1.58, 1.59, 1.6, 1.61, 1.62, 1.63, 1.72, 1.73, 1.74, 1.75, 1.77], "audio_url": "/file_processing/data_out/audio/Speaker3_France_Male_1_14.wav", "textgrid_url": "/file_processing/data_out/textgrid/Speaker3_France_Male_1_14.TextGrid", "labels": ["#", "parler", "Pouvez-vous", "parler", "plus", "lentement", "s\u2019il", "vous", "pla\u00eet?", "#"], "label_int": [0.25, 0.00272, 0.38816, 0.25912, 0.16343999999999992, 0.33655999999999997, 0.15000000000000013, 0.06000000000000005, 0.22483999999999993, 0.24916000000000005]}