{"filename": "Speaker6_France_Female_1_11", "pitches": [248.83614853274636, 246.80029784073284, 246.74032032220634, 247.10880898623245, 247.78495609452975, 248.50762285038226, 249.4709583891513, 250.98311509787368, 251.87749487865614, 251.03065193204662, 249.27310398948012, 245.89772442640137, 241.30867958166888, 237.8616965952692, 238.2420057881072, 240.03255012867103, 239.7353012395395, 239.50388589265583, 239.697468074904, 240.69804591012758, 241.0016573976012, 239.84927132021176, 237.29025030254095, 233.86484121916533, 231.7027479640135, 230.51868135660732, 231.2176124546741, 232.10608999349802, 232.1258358430961, 232.07930432106997, 232.08159015952327, 272.48794054497534, 276.38410483287555, 279.3092063872516, 282.3907116820057, 238.83358945810886, 238.12141532609886, 237.1977220934292, 226.89430018416124, 225.6395086043615, 222.88267819463476, 217.879997968324, 213.85176366128826, 213.61852282092886, 218.6229064450257, 218.16794557210937, 215.31460258256027, 212.5684394490402, 209.91491711544214, 208.38799150227103, 206.55898734706454, 205.0116486087649, 203.84533208840145, 253.60484338718737, 243.71320344432303, 239.85530286759808, 238.0491775827274, 236.67489444317084, 234.68530618351366, 231.82375508096302, 228.24331348703592, 224.9058440753373, 222.94590078978604, 221.98288370046902, 220.83480258021072, 219.0792532288941, 214.49162620354275, 209.45691352640011, 206.58298932995095, 206.2462164421146, 219.44666034587124, 206.09832433756003, 204.09687443010762, 200.65412834108074, 214.05889256266335, 206.57324151812728, 203.7331187084792, 202.4642657934956, 201.8892104356337, 201.06127014562927, 199.94068735280453, 199.38915033735577, 197.76808829927927, 196.0769914580031, 194.6517226558291, 192.9658138343238, 190.93916015608838, 189.80637997877096, 189.01642152563477, 188.50278246475867, 187.6362158746704, 186.58623042974793, 186.78593530036557, 188.81932760865536, 192.1325177037909, 192.65396688302278, 189.24635919644095, 186.08897658041428, 185.32304543019026, 186.05307478259715, 186.1456286805576, 188.55825066738151, 191.6975550070755, 193.35024780072177, 193.97167992557075, 194.69655440452638, 195.79800761708753, 193.48352652582295, 194.8171625482973, 193.50913478633632, 192.47991133778834, 188.9859362767393, 187.70847797357052, 186.26275137995694, 184.5446556476034, 182.10011920138047, 178.06696325691428], "pitch_int": [0.29, 0.3, 0.31, 0.32, 0.33, 0.34, 0.35, 0.36, 0.37, 0.38, 0.39, 0.4, 0.41, 0.42, 0.43, 0.44, 0.45, 0.46, 0.47, 0.48, 0.49, 0.5, 0.51, 0.52, 0.53, 0.54, 0.55, 0.56, 0.57, 0.58, 0.59, 0.63, 0.64, 0.65, 0.66, 0.74, 0.75, 0.77, 0.85, 0.86, 0.87, 0.88, 0.89, 0.9, 0.91, 0.92, 0.93, 0.94, 0.95, 0.96, 0.97, 0.98, 0.99, 1.07, 1.08, 1.09, 1.1, 1.11, 1.12, 1.13, 1.14, 1.15, 1.16, 1.17, 1.18, 1.19, 1.2, 1.21, 1.22, 1.23, 1.27, 1.3, 1.31, 1.32, 1.35, 1.39, 1.4, 1.41, 1.42, 1.43, 1.44, 1.45, 1.46, 1.47, 1.48, 1.49, 1.5, 1.51, 1.52, 1.53, 1.54, 1.55, 1.56, 1.57, 1.58, 1.59, 1.6, 1.61, 1.62, 1.63, 1.64, 1.65, 1.66, 1.67, 1.68, 1.69, 1.7, 1.76, 1.77, 1.78, 1.79, 1.8, 1.81, 1.82, 1.83, 1.84, 1.85], "audio_url": "/file_processing/data_out/audio/Speaker6_France_Female_1_11.wav", "textgrid_url": "/file_processing/data_out/textgrid/Speaker6_France_Female_1_11.TextGrid", "labels": ["#", "Paris,", "#", "c'est", "le", "#", "c\u0153ur", "du", "#", "pays.", "#"], "label_int": [0.25, 0.37, 0.16000000000000003, 0.10999999999999999, 0.08999999999999997, 0.050000000000000044, 0.17999999999999994, 0.1100000000000001, 0.030000000000000027, 0.26, 0.25]}