{"filename": "Speaker3_France_Male_2_16", "pitches": [565.3237272663902, 165.47441563346604, 155.12209306210127, 153.8272314413066, 152.8475536165143, 150.58721586771202, 150.78400057413563, 153.40579997308262, 159.32997320511342, 183.67524418532162, 186.63677903218064, 188.2058377212168, 187.9345173089409, 186.4129895864412, 184.0380310437411, 181.45841564042604, 168.08619651297403, 164.5601763293578, 166.4433990052206, 182.10416958764742, 187.55838256987946, 201.04605021319009, 205.45660930748437, 207.002427954163, 206.6387346476124, 164.5030995044755, 200.0493598738369, 198.46690750134815, 169.86891680997317, 161.6779199994255, 156.8089543162935, 155.4876475731325, 156.21792035118045, 159.17460361398565, 161.5207014439461, 163.35655040900014, 165.13322449642888, 175.10553930403748, 176.49670706929982, 176.50946801490275, 176.67876878044663, 176.98015748751408, 177.71844590272693, 176.6877790761621, 172.78989123994728, 167.8564944691034, 163.38101021301213, 164.8549550402498, 166.74743789066235, 172.62143257910867, 174.95689824044388, 177.25500768411794, 176.87080077970637, 176.46921634926915, 175.95829059189566, 174.97666722599544, 201.79880127796397, 201.88837757980866, 202.27813506822432, 201.9823131606503, 199.15581851529998, 192.36026100003676, 188.21370257710956, 187.31309946427064, 187.7061897632032, 188.15894973978448, 187.55799340064755, 185.94590245880244, 183.102277241661, 180.0355955941706, 176.7294905798865, 173.45366888529952, 168.79753661193377, 165.83618098688157, 156.2897960251558, 156.20428685466146, 154.77415712920939, 152.3580239831817, 148.32344339294693, 134.66988417297637, 130.10314772492995, 126.78531730628342, 124.21491403746845, 122.18890328948893, 119.19153926845729, 117.06359622975972, 115.69452208827028, 114.0513805724118, 118.84094139900058, 116.30311227929012, 115.70505758015715, 114.65588490314046, 112.77728952812522, 111.07902362219265, 110.77573958913767, 112.30695534777391, 114.33399964075531, 114.27468021964584, 113.79415267624715, 112.57024464583752, 110.5167600897322, 113.35950148581028, 111.77744855431301, 110.15222580830049, 108.34492608060631, 105.31445626989554, 103.12297307123309, 100.97948495044689, 98.7276738188394, 97.71259998047853, 128.69637856474384, 210.83265257516877, 210.74820840152444, 210.76116159914704, 211.54072361022497], "pitch_int": [0.04, 0.29, 0.31, 0.32, 0.33, 0.34, 0.35, 0.36, 0.37, 0.4, 0.41, 0.42, 0.43, 0.44, 0.45, 0.46, 0.47, 0.48, 0.49, 0.51, 0.52, 0.53, 0.54, 0.55, 0.56, 0.59, 0.66, 0.67, 0.7, 0.71, 0.72, 0.73, 0.74, 0.75, 0.76, 0.77, 0.78, 0.79, 0.8, 0.81, 0.82, 0.83, 0.84, 0.85, 0.86, 0.87, 0.88, 0.89, 0.9, 0.91, 0.92, 0.93, 0.94, 0.95, 0.96, 0.97, 0.99, 1.0, 1.01, 1.02, 1.03, 1.04, 1.05, 1.06, 1.07, 1.08, 1.09, 1.1, 1.11, 1.12, 1.13, 1.14, 1.15, 1.16, 1.24, 1.25, 1.26, 1.27, 1.28, 1.29, 1.3, 1.31, 1.32, 1.33, 1.34, 1.35, 1.36, 1.37, 1.49, 1.5, 1.51, 1.52, 1.53, 1.54, 1.55, 1.56, 1.57, 1.58, 1.59, 1.6, 1.61, 1.66, 1.71, 1.72, 1.73, 1.74, 1.75, 1.76, 1.77, 1.78, 1.83, 1.94, 1.95, 1.96, 1.97], "audio_url": "/file_processing/data_out/audio/Speaker3_France_Male_2_16.wav", "textgrid_url": "/file_processing/data_out/textgrid/Speaker3_France_Male_2_16.TextGrid", "labels": ["#", "Pouvez-vous", "parler", "plus", "lentement", "s\u2019il", "vous", "pla\u00eet?", "#"], "label_int": [0.25, 0.31999999999999995, 0.31000000000000005, 0.17000000000000004, 0.32999999999999985, 0.17000000000000015, 0.06000000000000005, 0.25603, 0.24997000000000003]}