{"filename": "Speaker2_Spain_Male_1_6", "pitches": [145.66294902750997, 136.49643665027145, 134.2544613933639, 132.86116745565982, 131.3504486066341, 130.4049682167975, 129.24946665456727, 128.0055948872321, 126.035126327061, 136.2260037064868, 133.58153654550176, 131.70540373902983, 129.74744684474788, 127.13369832276143, 125.65220863970697, 124.63756091028912, 123.71942400662995, 123.12948546971452, 122.31006543717899, 121.46088701495385, 120.74879632712707, 119.61958716508938, 117.86045541843953, 116.08184372297997, 113.49469542447048, 110.98199664718612, 119.20449353609811, 121.86521528759371, 122.56782579935127, 122.52824741002215, 121.48033723120125, 119.68308453831455, 117.93176749996985, 116.61558621955207, 116.23527874885909, 116.12728780048046, 115.8397969727858, 115.88162833880519, 116.0047014085446, 115.86679742076473, 115.57876181250529, 114.75948947189282, 113.94491892076451, 113.3109389442643, 112.98293223038478, 113.05230021891431, 113.26290019574455, 113.4148872681665, 113.2818248612957, 112.86413330827286, 112.12217291202148, 111.9032653786563, 112.22129757434074, 112.4889936150989, 112.69662536971828, 112.35997380983, 111.93425656649256, 111.61577065643358, 111.46956328135296, 111.92526957680478, 111.8831478678684, 111.666872523202, 111.21552495886655, 110.37760556595892, 112.69293777509388, 112.25491672559929, 111.24685550322619, 111.51833969471815, 111.76204604882653, 111.58619401442309, 111.2003265476261, 111.21145579632532, 111.75934602907145, 117.87969490608658, 115.79309509462006, 113.34412048114281, 113.74389183863212, 113.63431939441712, 113.22047522050171, 112.16364071808562, 110.92577916541808, 110.34468863833042, 113.69389587244885, 104.61755364643415, 102.11421716393727, 100.62110212431983, 100.09782650375848, 100.94383941534473, 101.68641283164284, 117.21684881541618, 117.26851049652802, 117.2491534396934, 117.15092777168009, 224.6451709947327, 212.181888953875, 213.22837406236889, 204.02636002119937], "pitch_int": [0.33, 0.36, 0.37, 0.38, 0.39, 0.4, 0.41, 0.42, 0.43, 0.53, 0.54, 0.55, 0.56, 0.57, 0.58, 0.59, 0.6, 0.61, 0.62, 0.63, 0.64, 0.65, 0.66, 0.67, 0.68, 0.69, 0.71, 0.72, 0.73, 0.74, 0.75, 0.76, 0.77, 0.78, 0.79, 0.8, 0.81, 0.82, 0.83, 0.84, 0.85, 0.86, 0.87, 0.88, 0.89, 0.9, 0.91, 0.92, 0.93, 0.94, 0.95, 0.96, 0.97, 0.98, 0.99, 1.0, 1.01, 1.02, 1.03, 1.04, 1.05, 1.06, 1.07, 1.08, 1.11, 1.12, 1.13, 1.14, 1.16, 1.17, 1.18, 1.19, 1.2, 1.23, 1.24, 1.25, 1.28, 1.29, 1.3, 1.31, 1.32, 1.33, 1.36, 1.42, 1.43, 1.44, 1.45, 1.46, 1.47, 1.59, 1.6, 1.61, 1.62, 1.73, 1.86, 1.87, 1.89], "audio_url": "/file_processing/data_out/audio/Speaker2_Spain_Male_1_6.wav", "textgrid_url": "/file_processing/data_out/textgrid/Speaker2_Spain_Male_1_6.TextGrid", "labels": ["#", "C'est", "combien,", "#", "le", "caf\u00e9?", "#"], "label_int": [0.25, 0.2, 0.6300000000000001, 0.15999999999999992, 0.10000000000000009, 0.4226599999999998, 0.24934000000000012]}