{"filename": "Speaker2_Spain_Male_1_19", "pitches": [153.68972391099763, 150.1499729474097, 147.09054569795737, 144.05227810645232, 139.80290095989815, 137.054052520478, 136.27498418929912, 136.53961767530245, 137.29985246286114, 137.42003989645414, 137.18843434155167, 136.87767951470738, 135.99817516209967, 135.14317727898745, 134.13750792730747, 131.70536541829273, 135.09355151516448, 133.32393701159373, 130.53566666794526, 127.27289487275846, 125.39182404529777, 124.29893988981965, 123.28307801115892, 121.85399088769458, 119.55353932890742, 119.94800046527357, 123.90736917519115, 126.09943283113311, 127.13164779116164, 127.32979844483975, 126.45146587352659, 125.20212634290564, 124.89811771423412, 124.10849223086772, 124.3859973680091, 124.5012264220494, 125.33110419907726, 136.33253395214885, 122.89858141262482, 122.76884379994094, 122.79029177878033, 123.36963597388207, 124.52592598437562, 125.78296871007355, 126.41248766417033, 125.80978949723394, 124.88096109386615, 124.37163824386062, 124.51313852939296, 124.59150872881438, 123.64815316096278, 126.20901793245658, 119.8827613074834, 64.35365084993398, 63.7654124937668, 63.08973612940203, 62.3722493256794, 61.852530527330806, 61.548583034656026, 61.29059074313247, 61.05404780859818, 60.75795814969878, 60.315704858645205, 59.38180467272289, 59.383750949155065, 59.49133037306293, 59.642036475671674, 59.32537652021344, 58.731302994118614, 58.460978322615595, 58.21070029337938, 58.04892790188147, 57.863876172901996, 57.89743162962843, 57.66392144222918, 57.30890827314175, 57.31573527960629, 58.29991877896351, 63.855877381344555, 72.32362284357546, 84.15325769695764, 91.35273782252409, 110.00687545211053, 119.60682075390453, 120.09633365381886, 119.96258802193628, 120.16970456797834, 120.07079712233498, 119.7422369666514, 118.96634867146965, 117.78471026676485, 116.6521127275243, 115.87916202839628, 110.96416865536808, 132.84658830365873, 130.94228077358164, 128.91824914083875, 126.82658464537825, 124.16602846449236, 122.61350815746128, 119.66231731703263, 117.16173563153043, 115.40122452491809, 113.33115431399051, 122.11172313363394, 120.62619260674057, 120.54423877599439, 120.26884057397682, 125.76277046349857, 113.34863281334802, 112.94186762566457, 112.78275470954377, 112.61870255055643, 111.96826464338866, 111.17371983462215, 110.63816520581041, 110.56807774219371, 110.40403091784933, 109.71488712502124, 109.02776278509661], "pitch_int": [0.3, 0.31, 0.32, 0.33, 0.34, 0.35, 0.36, 0.37, 0.38, 0.39, 0.4, 0.41, 0.42, 0.43, 0.44, 0.45, 0.54, 0.55, 0.56, 0.57, 0.58, 0.59, 0.6, 0.61, 0.62, 0.63, 0.64, 0.65, 0.66, 0.67, 0.68, 0.69, 0.7, 0.73, 0.74, 0.75, 0.76, 0.79, 0.81, 0.82, 0.83, 0.84, 0.85, 0.86, 0.87, 0.88, 0.89, 0.9, 1.03, 1.08, 1.09, 1.19, 1.25, 1.4, 1.41, 1.42, 1.43, 1.44, 1.45, 1.46, 1.47, 1.48, 1.49, 1.5, 1.51, 1.52, 1.53, 1.54, 1.55, 1.56, 1.57, 1.58, 1.59, 1.6, 1.61, 1.62, 1.63, 1.65, 1.66, 1.67, 1.68, 1.69, 1.7, 1.71, 1.72, 1.73, 1.74, 1.75, 1.76, 1.77, 1.78, 1.79, 1.8, 1.81, 1.91, 1.92, 1.93, 1.94, 1.95, 1.96, 1.97, 1.98, 1.99, 2.0, 2.03, 2.04, 2.05, 2.06, 2.11, 2.15, 2.16, 2.17, 2.18, 2.19, 2.2, 2.21, 2.22, 2.23, 2.24, 2.25], "audio_url": "/file_processing/data_out/audio/Speaker2_Spain_Male_1_19.wav", "textgrid_url": "/file_processing/data_out/textgrid/Speaker2_Spain_Male_1_19.TextGrid", "labels": ["#", "Je", "ne", "parle", "pas", "#", "beaucoup", "fran\u00e7ais.", "#"], "label_int": [0.25, 0.09999999999999998, 0.12, 0.21999999999999997, 0.2400000000000001, 0.6999999999999998, 0.3600000000000001, 0.5772100000000002, 0.24978999999999996]}