{"filename": "Speaker6_France_Female_3_13", "pitches": [264.7268331327645, 262.7241099191736, 259.6826754378467, 255.954267222649, 251.65424841983153, 244.8373630044944, 238.04950273770416, 232.44547412154165, 226.64033605650758, 221.20348788118267, 217.80587580324806, 212.85182551291544, 208.23722303089252, 206.21846454494377, 206.4951413365962, 207.5401927736645, 207.15163767296292, 207.11981018660154, 207.17178108940334, 207.47627954026964, 207.7972808663605, 207.01752194765817, 206.16230463311518, 205.664527935631, 205.77351597471113, 206.05981650495642, 205.962657536084, 205.94347040689908, 206.35744511981628, 207.08164347489713, 208.83333633195573, 212.5194808773044, 219.9016535282875, 225.51166083259318, 232.474735747787, 235.03603887852992, 211.03005773709634, 207.0152974337009, 207.02892856925615, 207.23921715816257, 215.41436608527295, 213.11476698292668, 210.19384219172497, 207.75111443318912, 204.15950967605454, 201.51945580673353, 200.79584039872782, 203.34680736547554, 222.3550632346596, 219.30430385101954, 216.3293031710275, 214.1148447509916, 213.10318846232838, 211.8148467383696, 210.84717781939895, 210.45814073382158, 211.2196196024231, 214.0116832707846, 221.56865919764297, 219.28072605492952, 216.52689084567515, 215.2635940192606, 213.71549445345636, 213.1673350751269, 212.62162251098133, 210.8223555711694, 208.73377780034858, 206.8038087192372, 205.36179034009484, 214.71979556130165, 237.57521884281016, 229.54304026137552, 226.8198525105606, 224.36042470527792, 221.81935317352938, 218.1517253727775, 215.3736627287843, 211.52258024560774, 208.42069808776455, 206.3463776523942, 204.4034111206699, 202.4796603733169, 200.94243364288278, 199.98877267002527, 200.05142694904978, 201.6776716960245, 203.1314499973198, 203.21258554794125, 202.67677232351585, 181.82087725752336, 181.77036062500534, 181.49795773921366, 181.17420338433502, 182.0687815923635, 183.00409650076557, 184.15580539130428, 184.97562210797227, 184.8852248813281, 184.47061024432463, 184.25738377927618, 174.85706179400015, 181.355507992978, 194.70939866481967, 196.0960911338714, 183.8247610946692], "pitch_int": [0.51, 0.52, 0.53, 0.54, 0.55, 0.56, 0.57, 0.58, 0.59, 0.6, 0.61, 0.62, 0.63, 0.64, 0.65, 0.66, 0.67, 0.68, 0.69, 0.7, 0.71, 0.72, 0.73, 0.74, 0.75, 0.76, 0.77, 0.78, 0.79, 0.8, 0.81, 0.82, 0.83, 0.84, 0.85, 0.86, 0.95, 0.99, 1.0, 1.01, 1.05, 1.06, 1.07, 1.08, 1.09, 1.1, 1.11, 1.12, 1.18, 1.19, 1.2, 1.21, 1.22, 1.23, 1.24, 1.25, 1.26, 1.27, 1.31, 1.32, 1.33, 1.34, 1.35, 1.36, 1.37, 1.38, 1.39, 1.4, 1.41, 1.44, 1.46, 1.47, 1.48, 1.49, 1.5, 1.51, 1.52, 1.53, 1.54, 1.55, 1.56, 1.57, 1.58, 1.59, 1.6, 1.61, 1.62, 1.63, 1.64, 1.77, 1.78, 1.79, 1.8, 1.81, 1.82, 1.83, 1.84, 1.85, 1.86, 1.87, 1.99, 2.01, 2.03, 2.04, 2.11], "audio_url": "/file_processing/data_out/audio/Speaker6_France_Female_3_13.wav", "textgrid_url": "/file_processing/data_out/textgrid/Speaker6_France_Female_3_13.TextGrid", "labels": ["#", "Si", "tu", "viens,", "#", "nous", "pourrons", "commencer.", "#"], "label_int": [0.25064, 0.16936, 0.21000000000000002, 0.20999999999999996, 0.21000000000000008, 0.06000000000000005, 0.2999999999999998, 0.46608000000000005, 0.24991999999999992]}