{"filename": "Speaker7_Russia_Female_3_7", "pitches": [202.86555042026805, 199.75693548292978, 200.4792773745675, 201.7742306287567, 205.17999544619022, 207.2143126582263, 207.57991772484232, 206.42790510648058, 204.71990794400836, 189.24559083553356, 213.0351862321311, 211.48194480421725, 210.62419161871173, 208.20531257260808, 204.46725228335328, 202.1987267096279, 200.8598117429238, 200.62712168411852, 200.89971475299083, 202.4992109079339, 202.9539410621933, 216.46222321074555, 210.5967534273327, 207.98061438856405, 206.12684296674914, 204.23234508514756, 202.54969523484849, 201.00261058541886, 199.61778597774625, 199.3367321837836, 200.27275764720403, 201.2717271298996, 201.23621561009924, 200.42833228288146, 208.271722803945, 210.88044256728168, 212.333520877183, 214.0800917471862, 217.87795540142324, 222.50131480683282, 228.19078990533853, 234.1856430774966, 238.78605827959245, 245.00220970551885, 253.32394803923393, 264.1074224030016, 275.8687047284061, 328.4348070752826, 332.99892377813285, 338.42222817390706, 344.4475086435563, 349.51602784521407, 350.77105235104887, 250.3063877129294, 247.95570944089914, 246.25502338975423, 246.4644102307613, 246.30204856079646, 245.85798690376632, 245.30941610977905, 243.44361983036674, 238.58172394786317, 234.12632524433758, 233.82846537871802, 234.8828816909401, 235.7158541556006, 236.11630715560366, 235.05985377730963, 232.94633903012195, 229.48596313763844, 226.13156738492992, 223.09655419755245, 219.65428180555122, 216.8984553706589, 215.8541643934024, 215.23843417490238, 214.95674783019712, 215.73935739082293, 216.31492588233408, 216.1902954014298, 215.03946656071474, 212.9904855720152, 187.83597217820355, 183.73188993057127, 179.71968511521143, 175.56914339736903, 171.1153783667786, 168.4034637204967, 167.55642196713868, 167.2390764722458, 167.01638020763352, 166.65576556068817, 166.2835389923843, 166.88515342430605, 168.29958302857955, 172.51874933530783, 176.88893855430968, 179.13043960254646, 180.42416320069663, 181.91147682081476, 182.32253068906476, 183.2022442367594, 183.57258866121597, 174.98391794290944, 176.08114996380897, 175.2456545387359, 168.32020426002586, 167.1583289866754, 167.51954345991894, 168.8320017688061, 168.43378374098975, 167.85507241428562, 174.31461739036604, 174.41375850905072], "pitch_int": [0.28, 0.29, 0.3, 0.31, 0.32, 0.33, 0.34, 0.35, 0.36, 0.38, 0.4, 0.41, 0.42, 0.43, 0.44, 0.45, 0.46, 0.47, 0.48, 0.49, 0.5, 0.53, 0.54, 0.55, 0.56, 0.57, 0.58, 0.59, 0.6, 0.61, 0.62, 0.63, 0.64, 0.65, 0.68, 0.69, 0.7, 0.71, 0.72, 0.73, 0.74, 0.75, 0.76, 0.77, 0.78, 0.79, 0.8, 0.83, 0.84, 0.85, 0.86, 0.87, 0.88, 0.99, 1.0, 1.01, 1.02, 1.03, 1.04, 1.05, 1.06, 1.07, 1.08, 1.09, 1.1, 1.11, 1.12, 1.13, 1.14, 1.15, 1.16, 1.17, 1.18, 1.19, 1.2, 1.21, 1.22, 1.23, 1.24, 1.25, 1.26, 1.27, 1.35, 1.36, 1.37, 1.38, 1.39, 1.4, 1.41, 1.42, 1.43, 1.44, 1.45, 1.46, 1.47, 1.48, 1.49, 1.5, 1.51, 1.52, 1.53, 1.54, 1.55, 1.59, 1.6, 1.61, 1.62, 1.63, 1.64, 1.65, 1.66, 1.67, 1.69, 1.7], "audio_url": "/file_processing/data_out/audio/Speaker7_Russia_Female_3_7.wav", "textgrid_url": "/file_processing/data_out/textgrid/Speaker7_Russia_Female_3_7.TextGrid", "labels": ["#", "Vous", "\u00eates", "anglais", "ou", "#", "am\u00e9ricain?", "#"], "label_int": [0.25052, 0.16547999999999996, 0.12000000000000005, 0.2899999999999999, 0.030000000000000027, 0.13, 0.54739, 0.2496099999999999]}