{"filename": "Speaker4_France_Male_1_27", "pitches": [234.56077498053924, 232.9881632026388, 234.67578295578176, 234.95161276825226, 236.69477190353655, 99.2154563871392, 98.87528163764915, 98.047964017995, 97.02600068775712, 95.99999659648344, 98.91959738680926, 123.3792082695947, 122.49779071412055, 121.29299354075522, 119.9364402885741, 118.38619847980826, 117.1823724217287, 115.7827572751164, 113.60004335184243, 112.24792841990549, 115.89956794316342, 117.2064522271074, 118.14811426525495, 118.45714309432681, 117.34905306626985, 148.7671812764295, 149.41332906917094, 148.97042146793862, 147.97493332269235, 146.93546034482335, 145.72847487872525, 142.62300490002298, 137.44191645396126, 133.8406027152333, 129.7941640240756, 125.54403098566675, 123.86898331664837, 122.26761450275929, 119.78159174922561, 117.29045873467734, 114.53841973201978, 111.66228392249464, 109.07002626702754, 107.24481193761096, 105.99516320716894, 105.05417889495342, 104.11022057575977, 102.87005462349262, 100.5012583899604, 98.3783635245804, 96.774193558137, 95.55491541931326, 118.93100323315223, 120.77595235510859, 121.25334154908613, 121.63846419285224, 122.30701938917105, 123.39876700652901, 124.74686395853014, 126.38490752235471, 128.5274865031604, 130.82083345954584, 133.31205757336994, 134.7005807173196, 135.34086138055804, 135.2633224374844, 134.7458090897688, 133.71146837830088, 132.56571509084355, 132.18080610360906, 145.79906080448094, 141.48422669112608, 138.05428516636536, 135.84282460201266, 133.4502498929277, 130.63349875263623, 127.45416872114583, 123.93567339133755, 120.82759842018852, 117.28670750644844, 112.41776936540032, 108.61375735362685, 105.46190617866928, 101.4247698417405, 97.58332611587575, 95.00898555582289, 93.73171774257943, 92.27371065551486, 121.87622894008581, 115.05201485420089, 111.12665944867494, 102.6065961078423, 97.17416825860005, 96.85973126616624, 96.5175941604827, 96.33150435590828, 96.09759306252451, 95.74134013842834, 96.91709354082035, 98.1337062231548, 126.12096235528954, 125.4112300258827, 125.1125931999121, 125.00037304932269, 125.06435021170583, 125.29982999907438, 144.36203293829286, 144.21270179780527, 144.88415286922807, 124.76977057375719, 144.93923598933983, 122.0337938717025], "pitch_int": [0.02, 0.03, 0.04, 0.05, 0.06, 0.29, 0.3, 0.31, 0.32, 0.33, 0.37, 0.45, 0.46, 0.47, 0.48, 0.49, 0.5, 0.51, 0.52, 0.53, 0.56, 0.57, 0.58, 0.59, 0.6, 0.65, 0.66, 0.67, 0.68, 0.69, 0.7, 0.71, 0.72, 0.73, 0.74, 0.75, 0.76, 0.77, 0.78, 0.79, 0.8, 0.81, 0.82, 0.83, 0.84, 0.85, 0.86, 0.87, 0.88, 0.89, 0.9, 0.91, 0.98, 0.99, 1.0, 1.01, 1.02, 1.03, 1.04, 1.05, 1.06, 1.07, 1.08, 1.09, 1.1, 1.11, 1.12, 1.13, 1.14, 1.15, 1.23, 1.24, 1.25, 1.26, 1.27, 1.28, 1.29, 1.3, 1.31, 1.32, 1.33, 1.34, 1.35, 1.36, 1.37, 1.38, 1.39, 1.4, 1.66, 1.67, 1.68, 1.69, 1.71, 1.72, 1.73, 1.74, 1.75, 1.76, 1.81, 1.82, 1.87, 1.88, 1.89, 1.9, 1.91, 1.92, 1.98, 1.99, 2.0, 2.11, 2.15, 2.24], "audio_url": "/file_processing/data_out/audio/Speaker4_France_Male_1_27.wav", "textgrid_url": "/file_processing/data_out/textgrid/Speaker4_France_Male_1_27.TextGrid", "labels": ["#", "On", "se", "retrouve", "\u00e0", "20", "heures,", "#", "d'accord?", "#"], "label_int": [0.25017, 0.07583000000000001, 0.08999999999999997, 0.36000000000000004, 0.12, 0.33999999999999997, 0.26, 0.1499999999999999, 0.3799999999999999, 0.25]}