{"filename": "Speaker3_France_Male_2_8", "pitches": [33.99902671305079, 117.2929647791422, 122.72836242070412, 121.53415458937948, 120.97865284063218, 121.6011694735481, 122.63987741108016, 123.41372736775489, 123.79326195041342, 124.15315241266555, 124.43536706944842, 124.5388531496138, 124.46006643342662, 124.23370690316163, 124.24920131439782, 124.48558422719914, 125.51676093796092, 127.47268864586623, 130.86653507936813, 134.54109939942168, 137.45337322953358, 140.23451683703485, 142.38153156277693, 144.00220372858448, 145.24536014893275, 145.66863161856094, 145.60419963510975, 144.61800287478448, 142.75867403981422, 139.25638994148238, 137.44189871850529, 135.80092327273897, 134.35320703884977, 133.48669462196708, 132.45045383124256, 131.13185442850585, 129.47095714924305, 127.37527020089206, 125.19258360804513, 123.21747699024894, 121.38992648999597, 119.5848271656056, 119.08493581267996, 119.80604382743144, 121.7410165112693, 134.00596531054555, 135.91819846607214, 146.9354584939326, 185.22082444649837, 198.43847409594872, 203.4232534273933, 206.0203675183828, 207.3244802105969, 206.7756610258446, 205.65366360137165, 197.29770230848086, 202.2128909330076, 205.42128727735496, 208.0743486006837, 210.13462071993726, 212.2218209475019, 213.72182974864114, 213.90037378232367, 214.63845171385293, 208.71947872418468, 211.01311927485574, 206.08737228284912, 147.25327066841578, 141.4475992808393, 139.42024931905746, 138.34647443758553, 137.3784229326863, 137.45146993313273, 137.23372819805996, 136.51608812184895, 135.41429264298532, 134.5072024368017, 133.80434170808206, 133.19428287468793, 133.28461711324042, 133.8935175972091, 134.334254536416, 133.83697934829104, 132.54260503522363, 130.72037313020263, 128.99754135459327, 127.9428011672992, 127.30823126183196, 134.20591913706772, 134.73430452095843, 134.24738010828167, 134.47189178285018, 135.55051568126234, 135.0334091983105, 133.7447458217771, 130.89688528585006, 128.6360253813676, 127.02763047415048, 125.88547204731594, 134.28684157600833, 132.5577238108703, 129.1498047485181, 125.1568151226137, 121.36591695262342, 116.98919536857801, 114.33674676827135, 111.72147524778877, 109.34459607436851, 106.92479837817373, 103.68844415218634, 100.84277963749548, 97.28688089478445, 94.99441182265014, 94.44122566286558, 94.23365070096695, 93.65690945342516, 106.64033790549948, 120.00579385958352, 137.66162158053493, 156.527681585065, 171.76528058563449, 174.60388778660405], "pitch_int": [0.03, 0.27, 0.28, 0.29, 0.3, 0.31, 0.32, 0.33, 0.34, 0.35, 0.36, 0.37, 0.38, 0.39, 0.4, 0.41, 0.42, 0.43, 0.44, 0.45, 0.46, 0.47, 0.48, 0.49, 0.5, 0.51, 0.52, 0.53, 0.54, 0.55, 0.56, 0.57, 0.58, 0.59, 0.6, 0.61, 0.62, 0.63, 0.64, 0.65, 0.66, 0.67, 0.68, 0.69, 0.7, 0.71, 0.72, 0.74, 0.77, 0.79, 0.8, 0.81, 0.82, 0.83, 0.84, 0.86, 0.87, 0.88, 0.89, 0.9, 0.91, 0.92, 0.93, 0.94, 0.98, 0.99, 1.01, 1.06, 1.07, 1.08, 1.09, 1.1, 1.11, 1.12, 1.13, 1.14, 1.15, 1.16, 1.17, 1.18, 1.19, 1.2, 1.21, 1.22, 1.23, 1.24, 1.25, 1.26, 1.3, 1.31, 1.32, 1.33, 1.34, 1.35, 1.36, 1.37, 1.38, 1.39, 1.4, 1.44, 1.45, 1.46, 1.47, 1.48, 1.49, 1.5, 1.51, 1.52, 1.53, 1.54, 1.55, 1.56, 1.57, 1.58, 1.59, 1.6, 1.61, 1.62, 1.63, 1.64, 1.65, 1.68], "audio_url": "/file_processing/data_out/audio/Speaker3_France_Male_2_8.wav", "textgrid_url": "/file_processing/data_out/textgrid/Speaker3_France_Male_2_8.TextGrid", "labels": ["#", "Vous", "vivez", "en", "ville", "#", "ou", "\u00e0", "la", "campagne?", "#"], "label_int": [0.25058, 0.11341999999999997, 0.19000000000000006, 0.08999999999999997, 0.31999999999999995, 0.09000000000000008, 0.07999999999999985, 0.040000000000000036, 0.09000000000000008, 0.47262000000000004, 0.24937999999999994]}