{"filename": "Speaker9_France_Male_2_8", "pitches": [103.01938540422162, 102.45263524231858, 102.0159146743872, 101.68257762125768, 101.0209785911149, 100.70296714153238, 100.55561429452241, 100.94112335738166, 101.77378248181293, 102.50069008116193, 102.78376502698436, 102.91691358911498, 103.10455052642334, 103.37625760328402, 103.85885433531136, 104.43815014249944, 105.51673667770052, 107.41802443176047, 108.85460861242484, 109.45817599357045, 109.57983872095608, 109.39467498752771, 109.02506601579027, 108.46975390975604, 107.80734450818653, 107.35684963251336, 106.94911918622466, 106.67631100384267, 106.26525611038369, 105.79214337755438, 105.83004979778445, 106.04987067076166, 106.55649222174719, 106.9883450698675, 107.37895986990316, 107.89185690702334, 108.39743279080254, 108.47938548203157, 108.19314560852592, 107.41529427187695, 105.2737034468486, 103.05711463444834, 100.94950908885066, 148.9282989974898, 151.48681719695873, 153.69135644880737, 166.16991934319972, 170.66242397374648, 177.83231218320378, 183.39117825891458, 191.1661999579823, 196.18336763003703, 197.79145753660254, 196.82934097301194, 194.2959944406492, 193.15602760373918, 191.3182325428552, 187.4661142470395, 183.667909302235, 178.36062230961966, 175.3419434548778, 136.94587767887867, 122.40808243317463, 120.58039131215975, 117.97132127044324, 114.3067587568872, 112.78526387939122, 111.94266175783291, 111.76443710853638, 111.89788321627688, 111.5247876792796, 110.89833183126572, 110.25692121026862, 109.49751974572166, 107.763009023179, 106.1707505413957, 108.43947851375148, 109.21745469831583, 108.8597142621967, 107.96913889441329, 107.16154073963077, 106.58866054187476, 105.6123861393994, 104.51968679414614, 103.58055811922785, 102.04631867737733, 100.16000894599404, 102.11070418665601, 101.31349533735731, 100.49163841784991, 100.0707050129719, 99.92630485106984, 99.31325664457417, 98.48422709452274, 97.16242375312805, 115.26097718762523, 98.17350369651683, 97.88130484565215, 97.56592170554009, 97.61906271949096, 98.27802988942175, 99.80998771702205, 101.48032187066437, 103.9520614402347, 106.21760682049822, 107.64582780204309, 108.11174768023642, 107.14642034932174, 105.51434971268408, 105.23957454671287, 106.15530504361585, 107.47062273343708, 107.55456551168149, 106.97508565682051, 106.99379809607927, 107.44492921306013, 107.39616873611622], "pitch_int": [0.28, 0.29, 0.3, 0.31, 0.32, 0.33, 0.34, 0.35, 0.36, 0.37, 0.38, 0.39, 0.4, 0.41, 0.42, 0.43, 0.44, 0.45, 0.46, 0.47, 0.48, 0.49, 0.5, 0.51, 0.52, 0.53, 0.54, 0.55, 0.56, 0.57, 0.58, 0.59, 0.6, 0.61, 0.62, 0.63, 0.64, 0.65, 0.66, 0.67, 0.68, 0.69, 0.7, 0.77, 0.78, 0.79, 0.81, 0.82, 0.83, 0.84, 0.85, 0.86, 0.87, 0.88, 0.89, 0.9, 0.91, 0.92, 0.93, 0.94, 0.95, 1.15, 1.17, 1.18, 1.19, 1.2, 1.21, 1.22, 1.23, 1.24, 1.25, 1.26, 1.27, 1.28, 1.29, 1.3, 1.31, 1.32, 1.33, 1.34, 1.35, 1.36, 1.37, 1.38, 1.39, 1.4, 1.41, 1.52, 1.53, 1.54, 1.55, 1.56, 1.57, 1.58, 1.59, 1.67, 1.71, 1.72, 1.73, 1.74, 1.75, 1.76, 1.77, 1.78, 1.79, 1.8, 1.81, 1.82, 1.83, 1.84, 1.85, 1.86, 1.87, 1.88, 1.89, 1.9, 1.91], "audio_url": "/file_processing/data_out/audio/Speaker9_France_Male_2_8.wav", "textgrid_url": "/file_processing/data_out/textgrid/Speaker9_France_Male_2_8.TextGrid", "labels": ["#", "Vous", "vivez", "en", "ville", "#", "ou", "\u00e0", "la", "campagne?", "#"], "label_int": [0.25018, 0.12882, 0.18000000000000005, 0.1499999999999999, 0.24, 0.22000000000000008, 0.09999999999999987, 0.030000000000000027, 0.1100000000000001, 0.56932, 0.24968000000000012]}