{"filename": "Speaker1_Argentina_Female_2_21", "pitches": [238.7162742064175, 222.1344815075403, 225.162721477535, 227.50113231731487, 228.86841019745225, 229.61308502028243, 229.67860624537028, 228.82608397773666, 227.26585865930537, 226.01377364319643, 223.9643749890621, 222.42557545227427, 222.0357307043042, 223.1850316020912, 226.14349948167828, 230.06662294386769, 233.69518204990266, 236.42437090201162, 238.81269597249542, 239.66258450137244, 239.18653229691617, 235.3460611901124, 230.55142739394404, 232.44548032019398, 235.6565306966475, 220.22628662121537, 217.84909228954373, 215.64462645867536, 214.60608479610812, 212.8722769671349, 212.44760980785944, 211.8369091476008, 212.22854335532804, 210.3759708001014, 213.61904048583204, 218.40857705657362, 222.05091493370193, 220.93285246820648, 219.50418163363446, 214.64233276813923, 212.18844077782796, 214.08853648531675, 219.59075321767287, 218.07911886333676, 216.83045018049972, 212.60911990749204, 210.14225871088627, 207.75816798464933, 205.5058317741396, 204.799954961668, 206.7741160321414, 229.4250516455702, 236.43831007384333, 243.26821496518593, 274.89208112807864, 281.22183718723545, 301.4113526001902, 315.0324074912611, 318.2527880315545, 317.9779178853512, 314.1953980893154, 271.3721925754885, 264.242872935112, 207.71867041147476, 208.31901573152774, 209.0982924997158, 211.59275148146685, 296.3852289650777, 304.0222826435135, 308.40110550739007, 310.34263690971375, 307.46813645374294, 247.43949025055844, 247.31544314171188, 247.07850373559947, 247.60133551799555, 247.80027311289714, 248.66523565463797, 249.58857770083995, 250.77778647119106, 252.04497690750625, 253.6784927924994, 255.65275697773149, 259.60237583243173, 264.8795512681601, 265.2652479423649, 255.85439845010032, 249.51005822850885, 246.9818822703938, 247.7060740487861, 248.0888548034774, 248.62718676973586, 247.66764027843897, 246.1880894262936, 245.23569301007004, 246.1979461869636, 248.12524769447037, 252.16023234306698, 253.71687263386133, 254.65635946808834, 254.0011032910022, 256.0371884774199, 258.5647611232072, 257.4948180207858, 252.16697469837172, 250.06848236536013, 248.61306529243888, 251.12084594978165, 252.32247929860898, 254.20808418962326, 249.82497051047446, 245.07373180194404, 242.3305402204698, 240.76758771611645, 241.38319828593185, 242.84574044792748, 250.8199084512117, 250.66175195889548, 249.02094991372624, 246.99303636038493, 243.47637378881495], "pitch_int": [0.32, 0.36, 0.37, 0.38, 0.39, 0.4, 0.41, 0.42, 0.43, 0.44, 0.45, 0.46, 0.47, 0.48, 0.49, 0.5, 0.51, 0.52, 0.53, 0.54, 0.55, 0.56, 0.57, 0.58, 0.59, 0.62, 0.63, 0.64, 0.65, 0.66, 0.67, 0.68, 0.69, 0.7, 0.71, 0.72, 0.73, 0.74, 0.75, 0.76, 0.77, 0.78, 0.79, 0.8, 0.81, 0.82, 0.83, 0.84, 0.85, 0.86, 0.87, 0.89, 0.9, 0.91, 0.93, 0.94, 0.95, 0.96, 0.97, 0.98, 0.99, 1.02, 1.03, 1.14, 1.15, 1.16, 1.17, 1.22, 1.23, 1.24, 1.25, 1.26, 1.33, 1.34, 1.35, 1.36, 1.37, 1.38, 1.39, 1.4, 1.41, 1.42, 1.43, 1.44, 1.45, 1.46, 1.47, 1.48, 1.49, 1.5, 1.51, 1.52, 1.53, 1.54, 1.55, 1.56, 1.57, 1.58, 1.59, 1.6, 1.61, 1.62, 1.63, 1.64, 1.65, 1.66, 1.67, 1.68, 1.69, 1.7, 1.71, 1.72, 1.73, 1.74, 1.75, 1.76, 1.78, 1.79, 1.8, 1.81, 1.82], "audio_url": "/file_processing/data_out/audio/Speaker1_Argentina_Female_2_21.wav", "textgrid_url": "/file_processing/data_out/textgrid/Speaker1_Argentina_Female_2_21.TextGrid", "labels": ["#", "Tu", "m'impressionnes,", "#", "bravo!", "#"], "label_int": [0.25, 0.10999999999999999, 0.68, 0.06000000000000005, 0.5215599999999998, 0.2494400000000001]}