{"filename": "Speaker6_France_Female_1_21", "pitches": [239.4906555995453, 224.4326424488711, 220.83762018872568, 216.85949364404198, 212.57512958353092, 209.37339407162938, 207.1814181762303, 205.4979437010805, 204.19267636045316, 202.4411642459957, 198.83953048472108, 195.19763647881476, 192.88680235746014, 191.18935092472285, 190.47628330774688, 190.33840176321914, 190.81216641848118, 191.93954706755926, 193.0113862384617, 192.78441620882717, 191.5198111178927, 188.70980538631818, 186.10240195425666, 184.00395405366731, 259.83243904664994, 255.7711456645007, 255.13199957873098, 254.425944367502, 253.00923868381182, 250.53894130342272, 247.6400614893322, 244.31899736069835, 241.3820967667709, 239.39248771929283, 222.00952213361455, 217.86511655350688, 212.98335014966597, 210.23208900794484, 207.53289119682205, 205.75476425525434, 204.10638766950694, 202.3467041508885, 199.73244857020165, 196.7888158382463, 196.4081530800249, 198.59797430756575, 204.79237586511317, 229.37460945344856, 237.7763166125429, 243.34266475265835, 247.280871110836, 249.76298944948303, 250.73592818196857, 249.59910106657517, 247.66636704542552, 244.8182648320716, 240.00278066047034, 235.9379913827306, 228.75612606351876, 222.32104541112983, 213.6900170137395, 206.15996391038098, 200.10940973511933, 194.47340944715364, 191.04443317560714, 189.0457727980748, 186.50568442123543, 185.70150931767807, 198.7030206907993, 197.08398725054315, 197.51664087669417, 195.78003518053947, 191.65909886616376, 187.85710985351028, 186.54489795290294, 185.34698461143762, 184.53611237232144, 183.54711118860095, 182.08223983391602, 180.5957505143924, 181.13244252892548, 184.23015749513303, 189.45140992899883, 196.16367361566066, 214.64488042201114, 219.3881881542839, 241.59193223122858, 252.5329475971791, 265.9969202695096, 272.5790684678308, 275.1282540153543, 275.7139003865277, 274.3322943969848, 272.19553361572173, 270.78422525941596, 269.59084269972493, 268.5518506218887, 265.7449998714468, 265.0441851102992, 271.6227883752196, 273.9294264805268, 274.4583206254309, 274.30762379846, 273.94632882368563, 272.7112991932772, 272.02181804073956, 273.18412106161543, 273.3086885525763, 273.51869070333476, 271.46001368390785], "pitch_int": [0.35, 0.37, 0.38, 0.39, 0.4, 0.41, 0.42, 0.43, 0.44, 0.45, 0.46, 0.47, 0.48, 0.49, 0.5, 0.51, 0.52, 0.53, 0.54, 0.55, 0.56, 0.57, 0.58, 0.59, 0.69, 0.7, 0.71, 0.72, 0.73, 0.74, 0.75, 0.76, 0.77, 0.78, 0.87, 0.88, 0.89, 0.9, 0.91, 0.92, 0.93, 0.94, 0.95, 0.96, 0.97, 0.98, 0.99, 1.01, 1.02, 1.03, 1.04, 1.05, 1.06, 1.07, 1.08, 1.09, 1.1, 1.11, 1.12, 1.13, 1.14, 1.15, 1.16, 1.17, 1.18, 1.19, 1.2, 1.21, 1.27, 1.28, 1.29, 1.3, 1.31, 1.32, 1.33, 1.34, 1.35, 1.36, 1.37, 1.38, 1.39, 1.4, 1.41, 1.42, 1.44, 1.45, 1.47, 1.48, 1.49, 1.5, 1.51, 1.52, 1.53, 1.54, 1.55, 1.56, 1.57, 1.58, 1.59, 1.6, 1.61, 1.62, 1.63, 1.64, 1.65, 1.66, 1.67, 1.68, 1.69, 1.7], "audio_url": "/file_processing/data_out/audio/Speaker6_France_Female_1_21.wav", "textgrid_url": "/file_processing/data_out/textgrid/Speaker6_France_Female_1_21.TextGrid", "labels": ["#", "Tu", "m'impressionnes,", "#", "bravo!", "#"], "label_int": [0.25, 0.15000000000000002, 0.7699999999999999, 0.030000000000000027, 0.3700000000000001, 0.25]}