{"filename": "Speaker3_France_Male_2_11", "pitches": [147.8326630071627, 145.82387718743712, 143.75061773246327, 141.7501829639502, 138.87560305948818, 136.9786047299399, 135.43753364377875, 134.34087137290894, 140.8278487008688, 176.97174738629832, 175.48057313598818, 173.8222606874404, 171.8662380623111, 169.97804711071296, 166.31665823573906, 162.34806800786072, 157.40888813170275, 152.18454557750167, 165.63158346437257, 166.80044945309822, 169.43089027404395, 171.21428655924447, 170.48586352088563, 177.3411836550862, 182.699768221331, 184.10559908767573, 185.06776404010185, 183.18427483090835, 175.76490515596387, 171.05891811573326, 167.51774801558673, 165.45417348575296, 164.0654496494386, 162.1196780303333, 160.1397750513169, 157.36901154514496, 155.2103689028169, 153.6845019898362, 152.11125893033164, 151.76563069472672, 150.58099996973783, 149.22501994142343, 148.15017227018623, 147.80095507548162, 147.64504408788054, 147.4791548690832, 146.9732809609155, 146.78033668060243, 146.72609365850732, 152.79021556561779, 152.44759711965133, 150.48889151093687, 152.40800317081423, 169.60042180121525, 168.88347769369614, 168.5614582115512, 167.1209908661659, 164.2254680534106, 161.18981219551836, 147.483554335438, 173.00981377905433, 173.54712357561465, 173.35590935187037, 172.13737772535075, 171.28419238977645, 169.438516136239, 167.7672004209323, 166.65876345084854, 168.6329882314537, 168.05537246160324, 170.10301866397086, 174.5962346373252, 170.1354774289589, 155.44322618868168, 150.9975295410685, 151.37659142834667, 151.48803839903968, 150.36347896732445, 148.14094889664207, 146.11066601987693, 132.6503563696146, 156.84071132007037, 154.8969816901068, 149.45614252064087, 147.36820232956535, 146.62335857891844, 146.0564945472329, 144.95300073241086, 142.73069710820803, 139.49865760564762, 137.12721174740835, 135.0145105545142, 149.00886951422885, 146.5888949542133, 143.93702710989027, 140.45741248543342, 135.72739529265223, 130.88056913177925, 124.937880680927, 110.4814046901167, 107.94552002284208, 105.59557962924939, 103.62482293659059, 101.1900448211503, 98.85253047650818, 97.8303500204328, 97.22948844352959, 96.86079037546446, 144.04215174541625, 199.75563314155823], "pitch_int": [0.31, 0.32, 0.33, 0.34, 0.35, 0.36, 0.37, 0.38, 0.42, 0.44, 0.45, 0.46, 0.47, 0.48, 0.49, 0.5, 0.51, 0.52, 0.55, 0.56, 0.57, 0.58, 0.59, 0.61, 0.62, 0.63, 0.64, 0.65, 0.66, 0.67, 0.68, 0.69, 0.7, 0.71, 0.72, 0.73, 0.74, 0.75, 0.76, 0.77, 0.78, 0.79, 0.8, 0.81, 0.82, 0.83, 0.84, 0.85, 0.86, 0.9, 0.93, 0.94, 0.95, 0.97, 0.98, 0.99, 1.0, 1.01, 1.02, 1.06, 1.1, 1.11, 1.12, 1.13, 1.14, 1.15, 1.16, 1.19, 1.2, 1.21, 1.22, 1.23, 1.24, 1.27, 1.35, 1.36, 1.37, 1.38, 1.39, 1.4, 1.42, 1.47, 1.48, 1.49, 1.5, 1.51, 1.52, 1.53, 1.54, 1.55, 1.56, 1.57, 1.6, 1.61, 1.62, 1.63, 1.64, 1.65, 1.66, 1.68, 1.69, 1.7, 1.71, 1.72, 1.73, 1.74, 1.75, 1.76, 1.9, 2.11], "audio_url": "/file_processing/data_out/audio/Speaker3_France_Male_2_11.wav", "textgrid_url": "/file_processing/data_out/textgrid/Speaker3_France_Male_2_11.TextGrid", "labels": ["#", "Ces", "chaussures", "ne", "m\u2019ont", "co\u00fbt\u00e9", "que", "50", "euros!", "#"], "label_int": [0.25, 0.12, 0.32999999999999996, 0.06000000000000005, 0.10999999999999999, 0.30999999999999994, 0.10000000000000009, 0.3400000000000001, 0.29601999999999995, 0.24997999999999987]}