{"filename": "Speaker8_France_Female_1_24", "pitches": [276.2592837293752, 273.0500126833067, 271.9442428528836, 270.4410124668939, 265.86501079810296, 262.02399793204773, 294.2668233086631, 299.31239090183647, 303.55229061589216, 305.8888385943793, 307.49298892290955, 308.93541985973394, 310.9367067804437, 312.7587513051507, 313.82630388118935, 313.9246403301722, 313.6351390748095, 312.86850713200715, 310.6020772626147, 306.01665139349643, 298.89191001716335, 290.9596137903446, 280.658421699252, 282.15055386117035, 285.1409951039964, 285.3620806505233, 284.4065845868811, 281.0811097499596, 277.04598490188073, 274.2858636143496, 269.08924304743107, 263.7120897823922, 289.8760968021555, 291.16914432642665, 292.9084615360637, 295.2461126993977, 296.5901978166959, 296.58645039666555, 295.3564404172664, 293.20786874367764, 290.3891503623117, 287.03880727937747, 282.5549466725663, 278.0273970723776, 274.8733302709071, 270.39945488094673, 262.7561762688864, 255.83080798361433, 241.12039156212037, 242.05156835193617, 255.28366437709866, 255.05740332342828, 255.54207399395472, 255.83426734745797, 255.79508559758796, 255.10420557898937, 253.5608800783213, 250.48543961319444, 247.56332064898777, 245.14477558258312, 243.00900746279865, 241.41796009630764, 240.30186321772462, 239.45582383807934, 238.15235538636162, 236.9981425141592, 237.00256645356552, 238.38955964430087, 240.52018398571215, 241.40048088814382, 243.25768289644643, 245.66513742461905, 248.6490188390721, 254.09195755448565, 261.3702967969238, 300.3771785353819, 385.27787873522385, 391.6426409983226, 393.50443918342614, 393.2300438752449, 394.03572831061024, 299.99829287054365, 289.8314244860813, 287.1455090072067, 285.12748265047253, 277.8480076371148, 270.1826266088938, 263.01692982067766, 258.2509105991369, 291.01855545191825, 291.0391303531039, 288.98996819485984, 289.385752782119, 291.1832265008778, 297.43800268515935, 310.5533236483502, 322.08280171864493, 331.22501326952795, 339.06158651416064, 351.2096356333677, 390.761749102134, 391.9838280604414, 391.29380807093645, 390.09727550596415], "pitch_int": [0.33, 0.34, 0.35, 0.36, 0.37, 0.38, 0.41, 0.42, 0.43, 0.44, 0.45, 0.46, 0.47, 0.48, 0.49, 0.5, 0.51, 0.52, 0.53, 0.54, 0.55, 0.56, 0.57, 0.58, 0.59, 0.6, 0.61, 0.62, 0.63, 0.64, 0.65, 0.66, 0.75, 0.76, 0.77, 0.78, 0.79, 0.8, 0.81, 0.82, 0.83, 0.84, 0.85, 0.86, 0.87, 0.88, 0.89, 0.9, 0.92, 0.93, 1.02, 1.03, 1.04, 1.05, 1.06, 1.07, 1.08, 1.09, 1.1, 1.11, 1.12, 1.13, 1.14, 1.15, 1.16, 1.17, 1.18, 1.19, 1.2, 1.21, 1.22, 1.23, 1.24, 1.25, 1.26, 1.28, 1.32, 1.33, 1.34, 1.35, 1.36, 1.45, 1.46, 1.47, 1.48, 1.49, 1.5, 1.51, 1.52, 1.66, 1.67, 1.68, 1.69, 1.7, 1.71, 1.72, 1.73, 1.74, 1.75, 1.76, 1.78, 1.79, 1.8, 1.81], "audio_url": "/file_processing/data_out/audio/Speaker8_France_Female_1_24.wav", "textgrid_url": "/file_processing/data_out/textgrid/Speaker8_France_Female_1_24.TextGrid", "labels": ["#", "Tu", "viens", "avec", "nous", "au", "#", "cin\u00e9ma", "#", "le", "soir?", "#"], "label_int": [0.25, 0.13, 0.08999999999999997, 0.28, 0.07999999999999996, 0.08000000000000007, 0.04999999999999993, 0.3900000000000001, 0.10999999999999988, 0.06000000000000005, 0.39096, 0.24904000000000015]}