{"filename": "Speaker6_France_Female_2_12", "pitches": [139.22232562772635, 138.01869500808468, 269.27192862345527, 264.6512897394066, 261.13776681410906, 259.7741571518629, 254.20068835641186, 247.03989698728844, 237.68818229612725, 232.99986864006866, 228.79796276571554, 225.27795077781582, 222.29259238883955, 219.28299324865026, 216.38403311335512, 213.017529329765, 214.66661047098484, 219.44865187655103, 220.06527625113102, 217.9860650835502, 215.3744380498446, 213.16250773845377, 210.98818604273927, 209.42980050110353, 208.80925706476347, 209.02879690624718, 210.00581751748112, 211.73811270147823, 213.76503212939699, 215.00622103261026, 216.97046686095874, 220.1043375613799, 240.66695503297092, 246.35702167234368, 251.24479864060572, 254.7160657606351, 257.73531648344925, 260.7084245942783, 262.50844304208493, 215.4109203058074, 215.19262595057316, 214.61430302298197, 211.50921708869933, 220.78047176172743, 228.71553193924285, 226.77834831069185, 220.94830977936394, 214.13176360771644, 210.24748833410132, 236.02554401420608, 231.18074347483793, 228.04288540032286, 226.67887829182285, 225.42612684029632, 223.4133449426942, 221.59962892322926, 220.66711985963852, 220.05494694245652, 221.5992466166442, 232.45883715112507, 226.91544443244536, 224.03436860878992, 221.4446532604708, 219.33538077112487, 217.83255156520468, 216.83863790058479, 216.05766118063673, 215.16295853368007, 213.56300878996026, 211.32625582333173, 209.32399470383479, 208.9820559194777, 248.26686258746602, 247.51969947305486, 246.06866063966498, 245.45138073047917, 243.11849192645258, 238.19141879401934, 234.22160818166412, 232.1136930669276, 229.26082164025146, 227.00223328204538, 225.52530586390174, 224.2616125973569, 223.59776082031317, 222.56331977399418, 221.99329436436363, 221.33342101306857, 220.23602971320602, 217.8867162232305, 213.93418456224762, 209.73996722315314, 186.30142409606327, 185.3335509476026, 183.86133404514268, 181.08472157763276, 179.84578007499383, 180.88583060027207, 183.01553268347317, 183.26339807492207, 182.10188997343175, 181.21559950883596, 214.20659863897248, 180.34294813457421, 179.3101490916613, 180.58996414566732, 181.37450277561027, 182.96421726376406], "pitch_int": [0.01, 0.02, 0.48, 0.49, 0.5, 0.51, 0.52, 0.53, 0.54, 0.55, 0.56, 0.57, 0.58, 0.59, 0.6, 0.61, 0.62, 0.63, 0.64, 0.65, 0.66, 0.67, 0.68, 0.69, 0.7, 0.71, 0.72, 0.73, 0.74, 0.75, 0.76, 0.77, 0.79, 0.8, 0.81, 0.82, 0.83, 0.84, 0.85, 0.93, 0.94, 0.95, 0.96, 0.99, 1.02, 1.03, 1.04, 1.05, 1.06, 1.14, 1.15, 1.16, 1.17, 1.18, 1.19, 1.2, 1.21, 1.22, 1.23, 1.25, 1.26, 1.27, 1.28, 1.29, 1.3, 1.31, 1.32, 1.33, 1.34, 1.35, 1.36, 1.37, 1.43, 1.44, 1.45, 1.46, 1.47, 1.48, 1.49, 1.5, 1.51, 1.52, 1.53, 1.54, 1.55, 1.56, 1.57, 1.58, 1.59, 1.6, 1.61, 1.62, 1.73, 1.74, 1.75, 1.76, 1.77, 1.78, 1.79, 1.8, 1.81, 1.82, 1.88, 2.04, 2.05, 2.06, 2.07, 2.08], "audio_url": "/file_processing/data_out/audio/Speaker6_France_Female_2_12.wav", "textgrid_url": "/file_processing/data_out/textgrid/Speaker6_France_Female_2_12.TextGrid", "labels": ["#", "Si", "tu", "viens,", "#", "nous", "pourrons", "commencer.", "#"], "label_int": [0.25083, 0.13017, 0.16000000000000003, 0.30999999999999994, 0.1499999999999999, 0.06000000000000005, 0.31000000000000005, 0.46446999999999994, 0.24953000000000003]}