{"filename": "Speaker6_France_Female_3_16", "pitches": [247.6828436638414, 240.74186542071897, 236.17098579917234, 234.83572902413712, 233.58450350565235, 232.58982952248547, 231.511092289486, 229.17551295213255, 225.80118347112958, 222.22524354843938, 221.64905914597202, 224.8984142148975, 235.45539039577005, 243.1132562584239, 248.3080583058986, 251.57715847128094, 254.06669064970131, 252.24749013190856, 248.2438700784118, 228.7321303909825, 241.11560708476958, 234.62229650587574, 229.7288784896774, 224.90663927584046, 220.32135081467558, 215.9866973418894, 214.15333876419857, 212.79485705559, 211.12781378975288, 209.56131102139693, 208.21532453204168, 207.69115914494466, 207.6636648177778, 207.73318546217575, 207.41957549428122, 207.08922339927057, 206.63988736774866, 205.88701119514897, 204.61904344208824, 203.86770395470302, 202.9609503935567, 203.563332040424, 206.8935698817832, 210.39070537724467, 213.0245782404058, 236.94010960567942, 233.46025694535552, 227.33916154106024, 225.65223133305722, 222.35083513523594, 219.182444548612, 216.91018630567325, 214.56577064772313, 211.06954450885925, 205.70049652628887, 200.5816486386604, 194.69219502244667, 190.65072325762227, 188.3515125288957, 186.96107765931518, 185.54056854760813, 184.85509933443063, 205.24516309676724, 197.39463730751226, 195.63873169460032, 191.15571709851764, 188.75176985650683, 188.28733442849344, 190.3268451527765, 195.39458139864183, 202.58899161209422, 207.3840068370688, 269.58401751727024, 271.00200009114496, 271.6438537668462, 271.1191173669402, 269.59265207138054, 269.07476573826875, 290.6528612337156, 284.75685430983134, 281.2324155861143, 278.74862506385523, 274.21257504777054, 267.47697227577396, 260.42059153959167, 256.976248646251, 257.11918470606184, 259.6895315227087, 263.2316245541635, 266.6433436991117, 267.5560646019054, 266.16691350765285, 263.7346872630558, 262.25501415791535, 262.51320639439683, 262.4358094257442, 297.1579212209057, 288.1375783607782, 284.5429585759897, 283.44662681885615, 282.317405483536, 281.73510424407, 283.6451788432574, 286.18451529023406, 288.2649904303369, 291.39895198340605, 294.3653199273835, 296.1571253247016, 297.1098690961659, 296.3005169668301, 283.64967256255636, 281.94752521976545, 281.6930001993735, 281.4835076064676, 281.17621179010837, 276.67085264320013, 290.6323688505675, 285.5716294903139, 283.17567894270843, 285.3455404559953, 285.43713478339964], "pitch_int": [0.34, 0.35, 0.36, 0.37, 0.38, 0.39, 0.4, 0.41, 0.42, 0.43, 0.44, 0.45, 0.46, 0.47, 0.48, 0.49, 0.5, 0.51, 0.52, 0.56, 0.58, 0.59, 0.6, 0.61, 0.62, 0.63, 0.64, 0.65, 0.66, 0.67, 0.68, 0.69, 0.7, 0.71, 0.72, 0.73, 0.74, 0.75, 0.76, 0.77, 0.78, 0.79, 0.8, 0.81, 0.82, 0.87, 0.88, 0.89, 0.9, 0.91, 0.92, 0.93, 0.94, 0.95, 0.96, 0.97, 0.98, 0.99, 1.0, 1.01, 1.02, 1.03, 1.06, 1.14, 1.15, 1.16, 1.17, 1.18, 1.19, 1.2, 1.21, 1.22, 1.25, 1.26, 1.27, 1.28, 1.29, 1.3, 1.38, 1.39, 1.4, 1.41, 1.42, 1.43, 1.44, 1.45, 1.46, 1.47, 1.48, 1.49, 1.5, 1.51, 1.52, 1.53, 1.54, 1.55, 1.64, 1.65, 1.66, 1.67, 1.68, 1.69, 1.7, 1.71, 1.72, 1.73, 1.74, 1.75, 1.76, 1.77, 1.8, 1.81, 1.82, 1.83, 1.84, 1.85, 1.87, 1.88, 1.89, 1.9, 1.91], "audio_url": "/file_processing/data_out/audio/Speaker6_France_Female_3_16.wav", "textgrid_url": "/file_processing/data_out/textgrid/Speaker6_France_Female_3_16.TextGrid", "labels": ["#", "Pouvez-vous", "parler", "plus", "lentement", "s\u2019il", "vous", "#", "pla\u00eet?", "#"], "label_int": [0.25053, 0.27847000000000005, 0.25, 0.15999999999999992, 0.36, 0.16000000000000014, 0.06999999999999984, 0.040000000000000036, 0.20538000000000012, 0.24961999999999995]}