{"filename": "Speaker4_France_Male_1_22", "pitches": [231.79046275689618, 230.2703695994677, 229.19703278476223, 228.46558963148266, 229.61932713397687, 231.41723917818786, 231.7590895063414, 231.01082992202888, 228.6198972167769, 219.15115686415578, 225.36751710513408, 228.86922151174423, 230.77317272969884, 231.72989342969484, 228.69772248887688, 160.94880015085192, 159.10091334093966, 158.00634955890973, 156.82757975033252, 155.444031049535, 154.38712826509604, 152.4758765671033, 150.9459238183028, 149.3758641094445, 148.32449186472198, 148.88902054445995, 152.6501022479187, 155.0881133419515, 155.00944797485212, 155.45628048917683, 155.64329140319495, 155.18857192550644, 155.2934544675498, 141.29421979886484, 138.78904839577532, 137.17107154374958, 135.98181544602062, 134.65021154049649, 133.4480989512014, 131.90757899614528, 132.1441111616345, 135.18725267661213, 138.55738118400208, 141.24375332176615, 143.88813060715884, 146.39070747756855, 148.0965250328993, 149.73830912789245, 151.79659010882378, 152.44348814404876, 152.14704896671603, 151.7393974331163, 142.81845957321818, 148.67874837782622, 150.18482538211578, 127.15505224615396, 123.9890755098993, 120.68070647165976, 116.92321451770621, 113.5797462695507, 109.9958022456045, 119.43973700689634, 118.164918614671, 116.41007224527682, 114.95836005429493, 112.36658263650989, 109.68117688144216, 108.33582947842186, 112.76515956222548, 108.05237534939722, 107.04629098433541, 106.33466631914652, 105.93576161417766, 105.33101751447197, 105.17172995620852, 105.36150324837996, 105.53427709199633, 105.42990650108236, 105.072821250895, 104.3413653265175, 103.35506097704598, 103.63720716243562, 106.19549284777594, 108.41575524467709, 108.79398090169465, 108.44715692712477, 122.58921264404799, 137.1108556741194, 155.08372715770858, 174.55906552794318, 213.21067748950298, 213.99647909632776, 213.1831847318732, 211.91135283085802, 211.25681893192933, 211.17766196496603, 211.68540276274967, 211.68414993498857, 211.51238008277022, 212.2668809868136, 212.51244791943068, 232.01081938059033, 269.9771106683022, 272.3916644902446, 268.13300835060096, 208.77079851577014, 210.38918712913295, 213.0983883223072, 213.20542673524858, 212.35793400064517, 210.6899899923546, 212.87813417477795, 214.31621378298888, 211.52072047154934, 207.45149580556125, 207.4513873631496], "pitch_int": [0.37, 0.38, 0.39, 0.4, 0.41, 0.42, 0.43, 0.44, 0.45, 0.48, 0.49, 0.5, 0.51, 0.52, 0.53, 0.57, 0.58, 0.59, 0.6, 0.61, 0.62, 0.63, 0.64, 0.65, 0.66, 0.67, 0.68, 0.69, 0.7, 0.71, 0.72, 0.73, 0.74, 0.79, 0.8, 0.81, 0.82, 0.83, 0.84, 0.85, 0.86, 0.87, 0.88, 0.89, 0.9, 0.91, 0.92, 0.93, 0.94, 0.95, 0.96, 0.97, 1.0, 1.02, 1.03, 1.07, 1.08, 1.09, 1.1, 1.11, 1.12, 1.23, 1.24, 1.25, 1.26, 1.27, 1.28, 1.29, 1.35, 1.42, 1.43, 1.44, 1.45, 1.46, 1.47, 1.48, 1.49, 1.5, 1.51, 1.52, 1.53, 1.54, 1.55, 1.56, 1.57, 1.58, 1.59, 1.6, 1.61, 1.62, 1.66, 1.67, 1.68, 1.69, 1.7, 1.71, 1.72, 1.73, 1.74, 1.75, 1.76, 1.79, 1.81, 1.82, 1.83, 1.87, 1.88, 1.89, 1.93, 1.94, 1.95, 1.96, 1.97, 2.0, 2.04, 2.05], "audio_url": "/file_processing/data_out/audio/Speaker4_France_Male_1_22.wav", "textgrid_url": "/file_processing/data_out/textgrid/Speaker4_France_Male_1_22.TextGrid", "labels": ["#", "Je", "suis", "impressionn\u00e9e", "par", "ta", "progression.", "#"], "label_int": [0.25073, 0.05891999999999997, 0.08664, 0.6227099999999999, 0.17000000000000015, 0.09999999999999987, 0.59918, 0.24981999999999993]}