{"filename": "Speaker3_France_Male_1_9", "pitches": [136.96040937611212, 136.2404699927766, 135.0152452972972, 133.8277299543205, 131.45724151395885, 127.2515535396788, 124.37480134391694, 153.45634242489044, 152.69388494757035, 152.1960811659178, 151.5080146950609, 149.5632081493511, 148.0087887816401, 146.40776235000024, 149.73299159592412, 151.22566641369383, 151.95309566770484, 153.1852907837579, 152.5623515341266, 152.10134329905628, 150.54035773015943, 148.74844561525828, 151.95222421480034, 168.05839706539277, 167.31191073140343, 166.84567690734067, 166.20146100455185, 165.30297797517224, 164.6816495882763, 164.0259654758094, 163.63352700519306, 163.62299987154583, 163.73017443923476, 163.71568788014338, 163.79056775253733, 163.69726879012174, 163.3829152276107, 163.74937241951469, 164.15700340599145, 164.0804776361105, 163.06453609413597, 160.66280649860585, 157.18955796492173, 153.7276558619666, 146.81816521928437, 140.4372516746128, 134.9684718381283, 131.6674763950667, 129.37556559420565, 128.65144291713125, 129.59928899639658, 131.67059495396364, 133.09721561144346, 133.77121881564508, 134.78809697013006, 134.94734678434475, 134.28503759748367, 133.3101121089828, 132.5491554404399, 131.44931316514516, 130.38148207610996, 129.32281176623493, 131.8820676298144, 147.97895339630014, 145.42899633858124, 143.818644638018, 142.5854812838641, 139.3456883411592, 135.49289343603232, 132.72205672139776, 156.24382340912143, 157.73931720125015, 158.16379162348878, 158.22495518451296, 158.65818558891053, 159.80915794737896, 160.355763559498, 132.3940698007572, 129.43744875444034, 127.95011061727543, 125.6356935390486, 156.4173189450719, 137.0905788970162, 136.80994876524585, 136.70651848228434, 136.06424747652218, 134.4951756830466, 133.03358173465608, 131.24457873641117, 128.58766437934196, 140.5279900305516, 140.9592010630168, 141.34395078777493, 140.87966572739325, 139.7169965235276, 137.62147653379063, 135.0176557997526, 132.69279914602618, 116.26821593680899, 112.4856413785194, 110.83313022461702, 108.78655388995229, 107.03843941619537, 104.95011650822644, 103.20507021999106, 100.82556270449395, 99.25549783507434, 98.67094159487266, 125.54146360616757, 211.91652567328848, 210.4004964100393, 208.82384094488822, 206.73307546171895, 204.71839401047131, 207.73871212116939, 210.15147056030966], "pitch_int": [0.37, 0.38, 0.39, 0.4, 0.41, 0.42, 0.43, 0.52, 0.53, 0.54, 0.55, 0.56, 0.57, 0.58, 0.61, 0.62, 0.63, 0.64, 0.65, 0.66, 0.67, 0.68, 0.71, 0.74, 0.75, 0.76, 0.77, 0.78, 0.79, 0.8, 0.81, 0.82, 0.83, 0.84, 0.85, 0.86, 0.87, 0.88, 0.89, 0.9, 0.91, 0.92, 0.93, 0.94, 0.95, 0.96, 0.97, 0.98, 0.99, 1.0, 1.01, 1.02, 1.03, 1.04, 1.05, 1.06, 1.07, 1.08, 1.09, 1.1, 1.11, 1.12, 1.19, 1.24, 1.25, 1.26, 1.27, 1.28, 1.29, 1.3, 1.38, 1.39, 1.4, 1.41, 1.42, 1.43, 1.44, 1.51, 1.52, 1.53, 1.54, 1.59, 1.63, 1.64, 1.65, 1.66, 1.67, 1.68, 1.69, 1.7, 1.74, 1.75, 1.76, 1.77, 1.78, 1.79, 1.8, 1.81, 1.9, 1.91, 1.92, 1.93, 1.94, 1.95, 1.96, 1.97, 1.98, 1.99, 2.03, 2.12, 2.13, 2.14, 2.15, 2.16, 2.17, 2.18], "audio_url": "/file_processing/data_out/audio/Speaker3_France_Male_1_9.wav", "textgrid_url": "/file_processing/data_out/textgrid/Speaker3_France_Male_1_9.TextGrid", "labels": ["#", "Ces", "chaussures", "ne", "m\u2019ont", "co\u00fbt\u00e9", "que", "50", "euros!", "#"], "label_int": [0.25, 0.18, 0.44, 0.12, 0.1399999999999999, 0.32000000000000006, 0.09000000000000008, 0.3699999999999999, 0.28955, 0.24944999999999995]}