{"filename": "Speaker6_France_Female_2_10", "pitches": [207.68263449225225, 229.21449264562708, 227.00345123804667, 225.1012051631943, 220.59513694547826, 213.62202152323903, 212.36239134760237, 216.35594457521148, 222.3536315303021, 226.67280623141184, 230.51884832920368, 233.10407782918801, 234.10839608674905, 234.50033841057103, 233.976092126014, 232.99854377625095, 229.8765398664918, 223.82055509499162, 218.50933443523442, 253.8076911232416, 250.62765082519496, 248.6358382112706, 246.97273439507603, 244.9617264837172, 242.0443741262813, 240.7409576984139, 239.88376442150974, 238.66419676356293, 236.14662417847177, 232.03151382983236, 210.00904274722552, 208.89443917716773, 213.13993560295694, 216.58529215401674, 216.96874592271814, 215.93125454506827, 214.37687865746594, 210.2410669863357, 207.17955235237508, 205.62937064170035, 222.50006815381977, 221.55251101958143, 220.2038733689264, 219.0955624160061, 218.95668160635245, 220.84856362580058, 225.3483390893459, 232.63322260143187, 240.5295375274921, 247.82053221092013, 253.35265614160153, 259.94218830208473, 222.80408653201025, 222.25175599951922, 221.8316183533741, 226.25310098906908, 224.21453729383742, 221.31607771326946, 217.4094915929483, 213.23381643688006, 209.33069341246207, 206.87683312174352, 205.64156145379226, 205.29527089519667, 205.4973346731333, 205.17981554503862, 204.02099073646872, 202.06084896206463, 198.3227826373478, 194.5051711767329, 193.96923300337252, 197.3468839877445, 199.7491766333405, 201.43971475139776, 201.8929717993724, 201.30495659364314, 198.99721922593986, 196.41893316688964, 193.89267598656514, 189.82089067265306, 186.34816752057566, 196.0677435257814, 196.96068141570862, 197.22136303620232, 200.95604008832873, 197.95224472723436, 195.39448284788037, 191.55533024031993, 187.26301376398825, 185.034241683386, 184.4593157713404, 184.5095934838491, 185.10706765659475, 186.8475645340069, 188.1003933531673, 187.30140476893473, 186.38644558786925, 188.4196746965531, 197.4444956943144, 194.88022004389666, 192.12001977583978, 192.22407360988763], "pitch_int": [0.22, 0.35, 0.36, 0.37, 0.38, 0.39, 0.4, 0.41, 0.42, 0.43, 0.44, 0.45, 0.46, 0.47, 0.48, 0.49, 0.5, 0.51, 0.52, 0.58, 0.59, 0.6, 0.61, 0.62, 0.63, 0.64, 0.65, 0.66, 0.67, 0.68, 0.7, 0.71, 0.72, 0.73, 0.74, 0.75, 0.76, 0.77, 0.78, 0.79, 0.92, 0.93, 0.94, 0.95, 0.96, 0.97, 0.98, 0.99, 1.0, 1.01, 1.02, 1.03, 1.14, 1.15, 1.16, 1.43, 1.44, 1.45, 1.46, 1.47, 1.48, 1.49, 1.5, 1.51, 1.52, 1.53, 1.54, 1.55, 1.56, 1.57, 1.58, 1.59, 1.6, 1.61, 1.62, 1.63, 1.64, 1.65, 1.66, 1.67, 1.68, 1.7, 1.73, 1.74, 1.8, 1.81, 1.82, 1.83, 1.84, 1.85, 1.86, 1.87, 1.88, 1.89, 1.9, 1.91, 1.92, 1.93, 1.99, 2.01, 2.02, 2.03], "audio_url": "/file_processing/data_out/audio/Speaker6_France_Female_2_10.wav", "textgrid_url": "/file_processing/data_out/textgrid/Speaker6_France_Female_2_10.TextGrid", "labels": ["#", "Je", "vais", "faire", "les", "courses", "#", "si", "j'ai", "le", "temps.", "#"], "label_int": [0.2501, 0.13090000000000002, 0.14, 0.19999999999999996, 0.06000000000000005, 0.4600000000000001, 0.11999999999999988, 0.19999999999999996, 0.09000000000000008, 0.030000000000000027, 0.2587599999999999, 0.24924000000000013]}