{"filename": "Speaker7_Russia_Female_3_23", "pitches": [187.15424398631214, 187.06600742882543, 189.44130443860354, 195.09489646205276, 201.36893677845958, 204.0720233710632, 204.6400288176303, 203.2600124461712, 201.49051895183112, 198.7714145194721, 195.96713069199595, 247.43095948640484, 247.29800105905372, 248.45030353739548, 249.94156679796993, 251.32482404571357, 252.39995834165467, 253.9025646673902, 255.14101389417795, 254.8403298429558, 253.2013200902091, 250.81826868113023, 248.26346235751703, 248.4605798629924, 249.19632683237796, 248.06622860856146, 257.61866569116415, 250.93278221499304, 249.35581029888425, 249.09873573703794, 244.38770910840378, 239.0006996000088, 248.67659220693665, 246.9864107690783, 246.1806927626917, 244.3571409483044, 240.36389973534858, 238.03647137267825, 236.57456889316987, 234.76750005746317, 233.00900839310265, 233.62332571665294, 238.0875522966861, 242.504557165711, 252.30679987521216, 267.56732404242683, 272.98687619486856, 277.7806792472572, 288.666507697419, 294.6063417945925, 296.98968365778023, 297.4828928054897, 255.9931617369856, 254.8185559420454, 252.34391991933265, 246.66804474616697, 240.30452012479049, 203.72226252888038, 202.0730071436216, 199.94014598584022, 198.11808428228815, 196.6986543575274, 182.92818627676178, 181.48927555051102, 180.18252400654947, 177.8513544647279, 174.98942924826537, 172.26898131116715, 168.69224941252497, 168.8560633906041, 172.55674911780747, 177.93866164804916, 180.04576203633866, 179.77055126581587, 179.2337307194448, 178.41824949686813, 176.82072879193095, 175.40462522461775, 174.87465357850277, 174.42568784295509, 173.61820275014458, 172.91028100179008, 170.82231841388926, 169.3707654028679, 169.04855154665285, 168.91261602414284, 169.49148433185547, 170.57334755978022, 171.9279639533585, 173.05306479823474, 174.32777851043934, 175.45818215539714, 175.64953841269033, 173.80424941179174, 172.45443305156698, 174.48850827976256, 175.75359501688058, 174.66894254395186, 173.52945550296255, 173.19664265930766, 172.89282894455513, 172.63445459189168, 171.35511411828017, 168.77552661681364, 166.37616995072517, 166.83352558125276, 169.34785894286907, 171.10357103671652, 172.66895786726676, 173.30695264726228, 172.62274819384092, 172.0081256349492, 172.26979826156534, 173.25100170161113, 174.787500086491, 178.4143375843302, 178.11862904837145, 177.30495915959483, 176.88676924125429, 175.77498090238296], "pitch_int": [0.24, 0.25, 0.26, 0.27, 0.28, 0.29, 0.3, 0.31, 0.32, 0.33, 0.34, 0.44, 0.45, 0.46, 0.47, 0.48, 0.49, 0.5, 0.51, 0.52, 0.53, 0.54, 0.55, 0.56, 0.57, 0.58, 0.67, 0.68, 0.69, 0.7, 0.71, 0.72, 0.82, 0.83, 0.84, 0.85, 0.86, 0.87, 0.88, 0.89, 0.9, 0.91, 0.92, 0.93, 0.94, 0.95, 0.96, 0.97, 0.98, 0.99, 1.0, 1.01, 1.07, 1.08, 1.09, 1.1, 1.11, 1.21, 1.22, 1.23, 1.24, 1.25, 1.38, 1.39, 1.4, 1.41, 1.42, 1.43, 1.44, 1.45, 1.46, 1.47, 1.48, 1.49, 1.5, 1.51, 1.52, 1.53, 1.54, 1.55, 1.56, 1.67, 1.68, 1.69, 1.7, 1.71, 1.72, 1.73, 1.74, 1.75, 1.76, 1.77, 1.78, 1.79, 1.82, 1.83, 1.84, 1.85, 1.86, 1.87, 1.88, 1.89, 1.9, 1.91, 1.92, 1.93, 1.94, 1.95, 1.96, 1.97, 1.98, 1.99, 2.0, 2.01, 2.02, 2.03, 2.04, 2.05, 2.06, 2.07], "audio_url": "/file_processing/data_out/audio/Speaker7_Russia_Female_3_23.wav", "textgrid_url": "/file_processing/data_out/textgrid/Speaker7_Russia_Female_3_23.TextGrid", "labels": ["#", "Je", "suis", "impressionn\u00e9e", "par", "ta", "progression.", "#"], "label_int": [0.25, 0.08000000000000002, 0.15999999999999998, 0.52, 0.1399999999999999, 0.1100000000000001, 0.5834299999999999, 0.24957000000000007]}