{"filename": "Speaker9_France_Male_3_25", "pitches": [100.77584524034654, 100.03583788385717, 99.32544602330569, 99.45511750332061, 101.27762316385852, 102.73626119442277, 103.77756493440417, 105.35051284866371, 108.85197332842509, 114.16881002730149, 118.93646321478492, 123.76904463890284, 129.30894815877602, 134.48739262088245, 141.2539391809946, 148.3348579512294, 152.6527023168042, 156.45019414708605, 159.08600205149355, 160.67856853905835, 161.22110081361527, 161.09042293143256, 159.91060501250493, 158.26875185217037, 156.39754148097362, 154.62849878334796, 152.7222963870855, 151.6517449069528, 151.09033147024985, 149.8189336207169, 148.56863936112634, 146.79710708227617, 145.41323327488874, 143.80999099926862, 141.29409766725627, 152.78167261287615, 152.04670818900746, 150.71726523760628, 149.1521294610742, 148.2474960809319, 148.63602549264317, 150.50002474515355, 153.26362123128266, 155.17594668826314, 155.93786599067988, 156.1502547584889, 155.40431166635858, 153.73511942383502, 150.69885762493521, 148.36031442888776, 146.77930115235918, 144.63469961354605, 149.2064569901696, 146.36321614838312, 144.16493850599613, 142.82907320113824, 140.7863619864831, 139.2071004411437, 138.33229065465557, 138.0989520789722, 138.00822127041607, 137.564160076175, 136.85617708140924, 136.05766575700312, 135.5528297559599, 134.72555658277886, 133.8414222636521, 133.74079467192962, 134.8005153951358, 137.4410989905669, 138.9608726614928, 140.6318869362923, 144.48465441991337, 147.51287027050563, 148.7821343025057, 149.15894620469078, 150.23489070227674, 152.08335912287393, 155.01989535772458, 159.961245814618, 164.7995066767628, 167.91158668616492, 171.8001511478966, 172.65509918666896, 172.26584844078306, 161.4638698445398, 160.5998676474597, 160.23874941557517, 159.85305589928137, 160.30731353737747, 162.09614871701837, 164.3916720353451, 166.23711485238786, 167.42891832989432, 167.98376985905384, 166.8579228591658, 164.67254041443437, 162.1074675391301, 159.59791442731876], "pitch_int": [0.33, 0.34, 0.35, 0.36, 0.37, 0.38, 0.39, 0.4, 0.41, 0.42, 0.43, 0.44, 0.45, 0.46, 0.47, 0.48, 0.49, 0.5, 0.51, 0.52, 0.53, 0.54, 0.55, 0.56, 0.57, 0.58, 0.59, 0.6, 0.61, 0.62, 0.63, 0.64, 0.65, 0.66, 0.67, 0.77, 0.78, 0.79, 0.8, 0.81, 0.82, 0.83, 0.84, 0.85, 0.86, 0.87, 0.88, 0.89, 0.9, 0.91, 0.92, 0.93, 1.03, 1.04, 1.05, 1.06, 1.07, 1.08, 1.09, 1.1, 1.11, 1.12, 1.13, 1.14, 1.15, 1.16, 1.17, 1.18, 1.19, 1.2, 1.21, 1.22, 1.23, 1.24, 1.25, 1.26, 1.27, 1.28, 1.29, 1.3, 1.31, 1.32, 1.33, 1.34, 1.35, 1.7, 1.71, 1.72, 1.73, 1.74, 1.75, 1.76, 1.77, 1.78, 1.79, 1.8, 1.81, 1.82, 2.04], "audio_url": "/file_processing/data_out/audio/Speaker9_France_Male_3_25.wav", "textgrid_url": "/file_processing/data_out/textgrid/Speaker9_France_Male_3_25.TextGrid", "labels": ["#", "Tu", "viens", "avec", "nous", "au", "cin\u00e9ma", "#", "ce", "#", "soir?", "#"], "label_int": [0.25, 0.10999999999999999, 0.16000000000000003, 0.26, 0.08999999999999997, 0.06000000000000005, 0.43000000000000005, 0.10999999999999988, 0.040000000000000036, 0.030000000000000027, 0.30000000000000004, 0.24999999999999978]}