{"filename": "Speaker2_Spain_Male_2_18", "pitches": [128.9259043108215, 133.07671758826274, 134.8680644733263, 135.0911472754157, 135.11165278986402, 134.91246811993105, 134.13943974326588, 133.44449319650056, 131.7556369128626, 129.98456481560464, 130.16593844809913, 131.80972802435085, 132.5718308345263, 132.4001880113636, 131.4945947183876, 130.71199781296673, 130.479156967979, 130.18793250005933, 129.68753300600352, 128.918415000158, 126.95965232252377, 124.09442925911009, 132.6996026287789, 131.71327615306586, 133.91353428395908, 134.45682004119965, 132.48925871073794, 128.92934167751363, 126.6733690493654, 124.66638733115289, 123.06166506465962, 122.29179573197597, 122.19744461108189, 122.72717283457405, 123.18322256277983, 123.23005982229658, 122.84600766684736, 121.98156645454235, 120.09684008484015, 118.2123168499262, 123.33773761024126, 123.09645256317332, 123.16898045465015, 123.37132950459923, 124.18894919094201, 124.59248315569342, 124.12878641488189, 123.86740045641487, 123.44459114902001, 123.32343193211057, 125.30913464674784, 125.69465546528954, 123.57399120741033, 121.42128849512119, 118.94446383628645, 117.32111597734603, 116.3856125438071, 115.91712987790527, 115.69237771821932, 115.60948963327769, 115.3743200795299, 115.0221251889595, 114.7941569305464, 114.92460947828177, 115.0312349810867, 115.1005535286807, 115.23807878569215, 115.2190308283199, 115.41023627185707, 115.1220576928349, 114.61075770028557, 113.76758186900625, 112.676031498168, 111.41127235402662, 109.92810537957048, 108.68759688147068, 110.4796965732964, 110.96681675864419, 111.53022184117724, 111.529300886792, 124.97912493744411, 123.57569162170768, 122.74615981088715, 121.99208265616184, 120.89095810868486, 119.64030957856284, 118.26638273793797, 117.01603005463724, 116.01282248019822, 115.22935906213053, 116.10199423202707, 120.56250368821807, 127.4176683374952, 125.48695534210873, 123.79606232901301, 122.48052515992902, 121.6095840630124, 112.82583255215413, 110.28009081670211, 107.64797767344663, 106.2004222776727, 105.5287044109601, 106.00205910747434, 106.41370118870215, 106.60048987764134, 107.54211198149758, 108.84010203862546, 108.99683978718173, 106.947443841607, 106.74942839984452, 106.23358364532159, 100.97694548260313, 105.338335172916, 105.21207947855933], "pitch_int": [0.28, 0.3, 0.31, 0.32, 0.33, 0.34, 0.35, 0.36, 0.37, 0.38, 0.39, 0.4, 0.41, 0.42, 0.43, 0.44, 0.45, 0.46, 0.47, 0.48, 0.49, 0.5, 0.54, 0.55, 0.56, 0.57, 0.58, 0.59, 0.6, 0.61, 0.62, 0.63, 0.64, 0.65, 0.66, 0.67, 0.68, 0.69, 0.7, 0.71, 0.75, 0.76, 0.77, 0.78, 0.79, 0.8, 0.84, 0.85, 0.86, 0.87, 0.88, 0.89, 0.9, 0.91, 0.92, 0.93, 0.94, 0.95, 0.96, 0.97, 0.98, 0.99, 1.0, 1.01, 1.02, 1.03, 1.04, 1.05, 1.06, 1.07, 1.08, 1.09, 1.1, 1.11, 1.12, 1.13, 1.21, 1.22, 1.23, 1.24, 1.26, 1.27, 1.28, 1.29, 1.3, 1.31, 1.32, 1.33, 1.34, 1.35, 1.36, 1.39, 1.43, 1.44, 1.45, 1.46, 1.47, 1.62, 1.63, 1.64, 1.65, 1.66, 1.67, 1.68, 1.69, 1.7, 1.71, 1.72, 1.76, 1.8, 1.81, 1.84, 1.9, 2.02], "audio_url": "/file_processing/data_out/audio/Speaker2_Spain_Male_2_18.wav", "textgrid_url": "/file_processing/data_out/textgrid/Speaker2_Spain_Male_2_18.TextGrid", "labels": ["#", "Je", "ne", "parle", "#", "pas", "beaucoup", "fran\u00e7ais.", "#"], "label_int": [0.25, 0.14, 0.12, 0.26, 0.08999999999999997, 0.29999999999999993, 0.32000000000000006, 0.41999999999999993, 0.25]}