{"filename": "Speaker4_France_Male_1_11", "pitches": [114.37339620677251, 112.7456341674737, 110.96066808414747, 109.27417762410421, 108.05925235330365, 107.23163974334625, 106.65449799261125, 106.94526895616013, 108.48551945147759, 109.96774518497334, 111.66039321093177, 115.70507112239812, 119.80722334642817, 124.86879215488891, 127.40821466662184, 129.99862723512723, 132.27957543342, 134.1882460930373, 135.53054789404976, 135.74444757805983, 135.52996238955632, 135.3142619050467, 135.92118949470705, 136.82853214505755, 137.71445108268918, 137.89616499934297, 137.5725409691316, 136.70114340924846, 135.25726833109462, 133.41193307851466, 143.4519480239973, 160.70014767103712, 180.86267029614072, 269.3701708457655, 271.58407110620203, 270.31856351935113, 268.6554247702351, 268.1315935960931, 267.74254998772085, 268.19343095243704, 274.3894409876326, 276.08182217695963, 263.82782435672294, 127.10369413839993, 124.8463431312172, 122.82189663109682, 120.08331598650157, 116.97288225524912, 114.457003824746, 112.15207914253129, 109.55189142755002, 108.67964028543469, 108.67228829895237, 108.62346281671834, 107.88938755998878, 105.38650836727554, 100.35859547628957, 97.15675220468833, 94.51396443379002, 90.88186806716463, 89.665148330736, 89.23872701908368, 89.38600650549348, 89.06780567840421, 93.17375814294314, 98.39857795235012, 104.00976851819506, 103.10553334155239, 97.71589334184773, 96.52027070480662, 96.0850899741481, 95.91482013890635, 96.22601418937293, 96.9299835858834, 97.74667674344734, 98.50353569857307, 99.54298997726588, 100.63409664789562, 101.79007412499813, 103.18280322825701, 104.2815149819501, 106.4198640476684, 108.3160468375384, 109.40274056550179, 109.77755945518521, 109.93275272317923, 135.65392573417063, 148.0979437141982, 164.6489662884643, 189.22728444416424, 204.9187613105498, 205.50128094937608, 207.81097748441684, 210.3726778338675, 209.11369651276144, 206.88021164134537, 206.00705793309146, 205.78031821622105], "pitch_int": [0.3, 0.31, 0.32, 0.33, 0.34, 0.35, 0.36, 0.37, 0.38, 0.39, 0.4, 0.41, 0.42, 0.43, 0.44, 0.45, 0.46, 0.47, 0.48, 0.49, 0.5, 0.51, 0.52, 0.53, 0.54, 0.55, 0.56, 0.57, 0.58, 0.59, 0.6, 0.61, 0.62, 0.68, 0.69, 0.7, 0.71, 0.72, 0.73, 0.74, 0.76, 0.77, 0.79, 1.05, 1.06, 1.07, 1.08, 1.09, 1.1, 1.11, 1.12, 1.13, 1.14, 1.15, 1.16, 1.17, 1.18, 1.19, 1.2, 1.22, 1.23, 1.24, 1.25, 1.26, 1.33, 1.34, 1.35, 1.37, 1.4, 1.41, 1.42, 1.43, 1.44, 1.45, 1.46, 1.47, 1.48, 1.49, 1.5, 1.51, 1.52, 1.53, 1.54, 1.55, 1.56, 1.57, 1.66, 1.67, 1.68, 1.69, 1.7, 1.71, 1.72, 1.75, 1.76, 1.77, 1.78, 1.79], "audio_url": "/file_processing/data_out/audio/Speaker4_France_Male_1_11.wav", "textgrid_url": "/file_processing/data_out/textgrid/Speaker4_France_Male_1_11.TextGrid", "labels": ["#", "Paris,", "c'est", "le", "#", "c\u0153ur", "du", "pays.", "#"], "label_int": [0.25, 0.41000000000000003, 0.18999999999999995, 0.030000000000000027, 0.08999999999999997, 0.20999999999999996, 0.10000000000000009, 0.34117, 0.24983]}