{"filename": "Speaker6_France_Female_1_28", "pitches": [238.84638053093767, 232.99605650845115, 228.8268471970608, 227.09480561929757, 225.13044857296566, 221.99383611965956, 219.34245119455272, 216.34105858447538, 212.88818293269557, 212.0178905869073, 260.49473576347407, 256.8316240680092, 253.5623306973898, 251.36817348888434, 248.03131526049614, 246.02949440346953, 247.18760121711756, 248.56396875958382, 248.40372914996976, 247.77989900067115, 246.06819529765804, 243.75562112449214, 240.62629019189072, 236.9561633816342, 233.20964684051103, 230.15342420172306, 226.10737370277835, 223.48464926346483, 221.86787071634615, 219.974969236936, 218.12460138459895, 214.10364831642926, 209.61402103199444, 220.27071968191507, 215.22660595248908, 211.7536956567599, 210.1967144280727, 208.92916982702513, 207.64867533059737, 206.9423611102175, 205.39928602385854, 203.73860162344513, 203.9718015399586, 209.5326156697824, 208.0396809945725, 207.75730681815725, 253.09999028410257, 249.42886491521537, 248.87423641615626, 248.53360620750584, 247.87881264157443, 248.37286949437257, 249.32026595151157, 249.80753196243091, 248.53620715403906, 247.37192044642978, 245.8655981476966, 248.19288823483743, 243.62767414525905, 239.95334404709325, 236.4381355723127, 230.65633470115733, 224.2456156428759, 217.08313612537185, 210.866216799064, 208.0511083662398, 206.15851667376106, 204.6177703793775, 203.38659455740844, 202.40451173095613, 201.0734703489332, 199.2690509919441, 196.49283022056082, 192.63139665823064, 189.19527567833705, 186.1629791345821, 184.3922584232256, 182.78833923541606, 181.57946661344752, 182.26938496637462, 184.26105258886483, 187.36260559507102, 190.91921663352468, 191.06226365603402, 190.2758483712633, 188.91055426471877, 220.00986638625974, 215.25565805478163, 212.0578454137832, 209.8869591157503, 207.4752811807099, 205.1169238351302, 203.40939481156505, 220.79916448164164, 216.20451016173715, 214.03806975473094, 209.61435337918826, 207.50719811459692, 204.05149761541895, 215.49488618165196, 214.7751699900759, 215.25589979922333, 215.13728902845642, 222.14365163771217, 332.0739047953262, 344.1675895680921, 315.62034981974466], "pitch_int": [0.35, 0.36, 0.37, 0.38, 0.39, 0.4, 0.41, 0.42, 0.43, 0.44, 0.5, 0.51, 0.52, 0.53, 0.54, 0.55, 0.56, 0.57, 0.58, 0.59, 0.6, 0.61, 0.62, 0.63, 0.64, 0.65, 0.66, 0.67, 0.68, 0.69, 0.7, 0.71, 0.72, 0.78, 0.79, 0.8, 0.81, 0.82, 0.83, 0.84, 0.85, 0.86, 0.87, 0.89, 0.9, 0.91, 0.96, 0.97, 0.98, 0.99, 1.0, 1.01, 1.02, 1.03, 1.04, 1.05, 1.06, 1.24, 1.25, 1.26, 1.27, 1.28, 1.29, 1.3, 1.31, 1.32, 1.33, 1.34, 1.35, 1.36, 1.37, 1.38, 1.39, 1.4, 1.41, 1.42, 1.43, 1.44, 1.45, 1.46, 1.47, 1.48, 1.49, 1.5, 1.51, 1.52, 1.75, 1.76, 1.77, 1.78, 1.79, 1.8, 1.81, 1.94, 1.95, 1.96, 1.97, 1.98, 1.99, 2.14, 2.15, 2.16, 2.17, 2.18, 2.23, 2.24, 2.25], "audio_url": "/file_processing/data_out/audio/Speaker6_France_Female_1_28.wav", "textgrid_url": "/file_processing/data_out/textgrid/Speaker6_France_Female_1_28.TextGrid", "labels": ["#", "Ce", "film", "\u00e9tait", "vraiment", "captivant,", "#", "tu", "ne", "trouves", "#", "pas?", "#"], "label_int": [0.25, 0.18, 0.2, 0.08999999999999997, 0.15000000000000002, 0.62, 0.15999999999999992, 0.14000000000000012, 0.030000000000000027, 0.19999999999999996, 0.06000000000000005, 0.16279999999999983, 0.2492000000000001]}