{"filename": "Speaker6_France_Female_1_12", "pitches": [270.7933741570157, 266.18683345758876, 264.74086518515816, 264.4559314884544, 260.6889480081759, 253.4372769588761, 246.31658690642746, 243.95853384376377, 275.2996488663237, 273.67865663255805, 273.17794598426815, 272.36645405494704, 269.1142927253695, 262.68365673584873, 253.90738121709313, 245.8157575284241, 238.3736601197043, 234.3134363988742, 232.5170998788007, 229.35634698724857, 225.83589307429204, 222.89304262310003, 219.53681762004135, 217.18684618253548, 215.8575328742501, 216.58545425724327, 217.4859283314837, 217.15323272266986, 215.8421684985148, 213.74326036495535, 211.2903631919852, 208.75144815479194, 207.43067018006406, 207.45565454476164, 208.95843075261357, 211.8007555769924, 217.7235770698563, 225.49395652490887, 234.50242396732312, 240.29021948863743, 250.06401360411587, 259.97019989060567, 271.44278174986954, 277.652474241548, 284.5626921316938, 289.0532856861497, 291.2750488591578, 213.38379514930358, 212.70605672864605, 213.43708739941133, 220.56573653817512, 215.19393782955873, 212.18202271120714, 209.09545622894393, 206.15884291813063, 202.52849408819415, 222.47175054789318, 221.248914341738, 218.47924910299497, 216.61664005539504, 215.12621215979544, 213.75683118499896, 212.94234725108834, 213.0743497780271, 215.56132301360662, 222.79747917917206, 221.95025265451787, 222.53702377564082, 222.6488686275276, 223.07569728182932, 223.36513228141177, 223.36158477538933, 221.1493394127186, 219.2095784525793, 217.0065888488262, 211.7570678885443, 207.81192865211037, 204.67441426417145, 253.39547962217185, 248.09476963349866, 247.3261876913466, 246.10701682659553, 243.01042539107635, 239.18467047549603, 237.65969218096166, 238.99410958835642, 239.85659036745835, 239.36286848350602, 238.1066395669693, 236.32694275655282, 235.37313139352761, 234.3861980115133, 232.99401440078742, 231.58170333539798, 230.31756552373764, 228.6785889821507, 222.69879950937292, 217.93842772947795, 189.89583895571417, 187.5828545340368, 185.41948569081538, 184.22841451400996, 184.807188087371, 187.10781349311898, 187.96837760630848, 186.1056574772186, 183.0915824098551, 180.90096046097673, 183.85414692447432, 182.0221910961482, 182.99883570569284], "pitch_int": [0.29, 0.3, 0.31, 0.32, 0.33, 0.34, 0.35, 0.36, 0.46, 0.47, 0.48, 0.49, 0.5, 0.51, 0.52, 0.53, 0.54, 0.55, 0.56, 0.57, 0.58, 0.59, 0.6, 0.61, 0.62, 0.63, 0.64, 0.65, 0.66, 0.67, 0.68, 0.69, 0.7, 0.71, 0.72, 0.73, 0.74, 0.75, 0.76, 0.77, 0.78, 0.79, 0.8, 0.81, 0.82, 0.83, 0.84, 0.92, 0.93, 0.94, 0.99, 1.0, 1.01, 1.02, 1.03, 1.04, 1.17, 1.18, 1.19, 1.2, 1.21, 1.22, 1.23, 1.24, 1.25, 1.26, 1.27, 1.28, 1.29, 1.3, 1.31, 1.32, 1.33, 1.34, 1.35, 1.36, 1.37, 1.38, 1.44, 1.45, 1.46, 1.47, 1.48, 1.49, 1.5, 1.51, 1.52, 1.53, 1.54, 1.55, 1.56, 1.57, 1.58, 1.59, 1.6, 1.61, 1.62, 1.63, 1.75, 1.76, 1.77, 1.78, 1.79, 1.8, 1.81, 1.82, 1.83, 1.84, 1.97, 1.98, 1.99], "audio_url": "/file_processing/data_out/audio/Speaker6_France_Female_1_12.wav", "textgrid_url": "/file_processing/data_out/textgrid/Speaker6_France_Female_1_12.TextGrid", "labels": ["#", "Si", "tu", "viens,", "#", "nous", "#", "pourrons", "commencer.", "#"], "label_int": [0.25, 0.10999999999999999, 0.16000000000000003, 0.31999999999999995, 0.15000000000000002, 0.06000000000000005, 0.06000000000000005, 0.26, 0.45999999999999996, 0.25]}