{"filename": "Speaker9_France_Male_1_15", "pitches": [126.09829662843262, 124.16087300025454, 123.18711785709907, 121.96965581390218, 120.01193422239082, 119.07212770286489, 120.38146171753559, 123.73830558249416, 125.3557733987774, 125.85978413418667, 125.45934191270715, 124.72645135287168, 123.73404376700077, 122.72305477909856, 120.1605118131339, 117.86050096347141, 115.45488615635813, 114.02144086363819, 115.93943387855603, 144.158105276746, 147.14755723702245, 151.46193116182448, 158.8308544713321, 163.91035659381936, 165.53253154786492, 165.57920204196063, 165.4303747210946, 164.90818097954565, 162.4094499771027, 134.84656753697774, 131.88957652914496, 127.4370291999176, 121.40296177977504, 117.59281310702205, 115.10074864011625, 112.87317484857272, 111.43013112365554, 110.94650104468298, 110.87665734298614, 112.39705489238298, 115.56496378458787, 116.14993189238467, 117.76744726781897, 119.53748046122057, 119.35096759772827, 118.59359257865236, 117.98554924540353, 117.445688214636, 116.85697937145045, 116.07022939898076, 115.19393868490211, 112.45784383640937, 112.28762544800453, 111.4518670514618, 110.7126642896871, 110.38484227375199, 110.04176927852328, 109.29981384825206, 107.6845249051329, 105.26576267614885, 103.82166635139635, 103.20823600300577, 102.94520274727057, 102.78489058854504, 102.67940180776588, 102.46481301924385, 102.21737048488492, 101.24838314633385, 117.15428751077542, 115.3102317210789, 113.22528557892069, 112.81826437394871, 113.35709621536444, 115.49796196043367, 118.66040437835505, 122.68466632259901, 124.7697267077366, 127.0174786749128, 129.36861137577074, 132.40837831091594, 135.25489434875897, 136.75785209655314, 137.78475111254718, 137.97500846966406, 138.31227153959594, 114.81445783155394, 114.4346883986379, 114.16258693690855, 114.05674999936436, 115.36837995934546, 117.17359993701153, 119.27781185054941, 120.038309085935, 119.5342487886229, 118.39168656287022, 117.41961825458998, 116.6634941973873, 115.87913063611013, 114.88381056637024, 113.6019910595561, 116.54082277191152, 117.97027449531122, 135.51102577990412, 134.5597059779436, 134.06682341398877, 133.83425251477885, 134.17712965704308, 134.9520988404353, 135.77284167298424, 136.0173704532546, 135.51631358999705, 133.4513181487207], "pitch_int": [0.34, 0.35, 0.36, 0.37, 0.38, 0.39, 0.4, 0.41, 0.42, 0.43, 0.44, 0.45, 0.46, 0.47, 0.48, 0.49, 0.5, 0.51, 0.52, 0.55, 0.56, 0.57, 0.58, 0.59, 0.6, 0.61, 0.62, 0.63, 0.68, 0.71, 0.72, 0.73, 0.74, 0.75, 0.76, 0.77, 0.78, 0.79, 0.8, 0.81, 0.82, 0.83, 0.84, 0.85, 0.86, 0.87, 0.88, 0.89, 0.9, 0.91, 0.92, 1.07, 1.08, 1.09, 1.1, 1.11, 1.12, 1.13, 1.14, 1.15, 1.16, 1.17, 1.18, 1.19, 1.2, 1.21, 1.22, 1.23, 1.32, 1.33, 1.34, 1.35, 1.36, 1.37, 1.38, 1.39, 1.4, 1.41, 1.42, 1.43, 1.44, 1.45, 1.46, 1.47, 1.58, 1.63, 1.64, 1.65, 1.66, 1.67, 1.68, 1.69, 1.7, 1.71, 1.72, 1.73, 1.74, 1.75, 1.76, 1.77, 1.81, 1.82, 1.87, 1.88, 1.89, 1.9, 1.91, 1.92, 1.93, 1.94, 1.95, 1.96], "audio_url": "/file_processing/data_out/audio/Speaker9_France_Male_1_15.wav", "textgrid_url": "/file_processing/data_out/textgrid/Speaker9_France_Male_1_15.TextGrid", "labels": ["#", "Pouvez-vous", "parler", "plus", "lentement", "s\u2019il", "vous", "pla\u00eet?", "#"], "label_int": [0.25, 0.37, 0.30000000000000004, 0.18000000000000005, 0.3799999999999999, 0.17999999999999994, 0.1100000000000001, 0.22676000000000007, 0.2492399999999999]}