{"filename": "Speaker7_Russia_Female_3_25", "pitches": [198.83908511426793, 197.50801325184375, 195.21150361408164, 194.38314567576256, 195.0893340350391, 196.23735575225675, 196.71475179849023, 196.48086377038328, 195.53246222112955, 196.5771675013514, 199.0610246823386, 204.1246300862557, 207.78246241624797, 211.4481764804734, 215.65602727090223, 219.8562008074556, 224.02181488271626, 229.7042717092785, 236.56203195162735, 240.89167180670404, 245.40059112804266, 248.70948575913263, 250.3717899224661, 251.04331009996037, 250.91453153986942, 249.5573692914757, 247.44721947715632, 244.56076022291535, 240.56258135431295, 233.1501655007845, 226.23988734042013, 224.1963375623709, 224.47669560767739, 224.67864010350132, 224.353435096755, 223.18758937961437, 221.69702823791536, 220.90508691427522, 219.6382223995402, 219.1771460987903, 219.3752776285875, 226.9431316249856, 227.65621802601663, 228.16875800813733, 228.6253995524817, 229.08911721604153, 229.78103078909783, 230.63163006576485, 231.2119180192826, 231.2658583085514, 230.4594216980015, 229.51192160188396, 228.55199129546133, 228.00064170162756, 227.2063463172305, 225.40844402652894, 222.4657758037863, 219.31947098151042, 224.03927258234683, 223.79919066044795, 222.40783390419426, 219.80647210378282, 217.74962347773436, 216.89070324741408, 216.87108568209723, 216.70313872579646, 215.7239133639966, 214.57065165752581, 213.66611681588387, 214.2240136407821, 215.49547996963216, 216.30154319084983, 217.60121542548825, 219.71179285291984, 220.7038018948964, 220.3323667961236, 220.1867830849314, 220.7233152437633, 222.0322566629576, 223.71050353864703, 224.57579043111377, 224.02340290904274, 221.89809594587012, 220.40487257096606, 217.49635373948348, 218.55899951167066, 218.85204225543623, 221.1318870957049, 223.9028648631595, 222.27086248315376, 220.98308866228552, 217.27303099081587, 214.15129902575507, 214.07511985584054, 218.42030525256877, 219.71066388901735, 219.8378004182461, 219.56116678550808, 243.4337529562305, 242.6657016408888, 242.61074241987836, 243.20434366224038, 244.3557576895469, 246.95538600735478, 251.53019839635016, 261.0124837974997, 275.81131520732913, 291.49874759266237, 301.1835897336246, 313.2019668011322, 325.515019222804, 332.85288964606076, 342.5991034219511, 340.4375056274705], "pitch_int": [0.37, 0.38, 0.39, 0.4, 0.41, 0.42, 0.43, 0.44, 0.45, 0.46, 0.47, 0.48, 0.49, 0.5, 0.51, 0.52, 0.53, 0.54, 0.55, 0.56, 0.57, 0.58, 0.59, 0.6, 0.61, 0.62, 0.63, 0.64, 0.65, 0.66, 0.67, 0.68, 0.69, 0.7, 0.71, 0.72, 0.73, 0.74, 0.75, 0.76, 0.77, 0.86, 0.87, 0.88, 0.89, 0.9, 0.91, 0.92, 0.93, 0.94, 0.95, 0.96, 0.97, 0.98, 0.99, 1.0, 1.01, 1.02, 1.11, 1.12, 1.13, 1.14, 1.15, 1.16, 1.17, 1.18, 1.19, 1.2, 1.21, 1.22, 1.23, 1.24, 1.25, 1.26, 1.27, 1.28, 1.29, 1.3, 1.31, 1.32, 1.33, 1.34, 1.35, 1.36, 1.39, 1.4, 1.41, 1.42, 1.43, 1.44, 1.45, 1.46, 1.47, 1.48, 1.51, 1.52, 1.53, 1.54, 1.57, 1.58, 1.59, 1.6, 1.61, 1.62, 1.63, 1.64, 1.65, 1.66, 1.67, 1.68, 1.69, 1.7, 1.71, 1.72], "audio_url": "/file_processing/data_out/audio/Speaker7_Russia_Female_3_25.wav", "textgrid_url": "/file_processing/data_out/textgrid/Speaker7_Russia_Female_3_25.TextGrid", "labels": ["#", "Tu", "viens", "avec", "nous", "au", "cin\u00e9ma", "le", "soir?", "#"], "label_int": [0.25, 0.15000000000000002, 0.22999999999999998, 0.22999999999999998, 0.07999999999999996, 0.07000000000000006, 0.31000000000000005, 0.030000000000000027, 0.43021, 0.24978999999999973]}