{"filename": "Speaker6_France_Female_3_14", "pitches": [221.62862410295344, 220.590272466589, 218.30965422488592, 214.5333580278949, 211.19100667645338, 206.77379817148255, 202.28875816001107, 198.71796074179517, 197.9939925195961, 198.32727749174651, 198.98916288468283, 199.13040718870172, 198.56812095946879, 196.9401004120579, 195.64794889180047, 195.28453709675097, 196.0353759484269, 197.26958999211095, 198.68015818377384, 199.49219657587324, 199.36864759079077, 198.22500976896248, 196.41259337253499, 193.93851404658463, 192.79985728662842, 195.05997417543836, 203.2537352346497, 211.03244612533743, 219.84140232254506, 226.0248808329369, 233.32732783511892, 238.7913412794498, 242.55114779365528, 244.9152771225602, 246.2015384810863, 245.78391882360404, 244.68145110672333, 244.83062300910947, 287.8644312569744, 278.9612197206791, 274.9569231086175, 271.85779999095973, 266.14698266942435, 258.04716281028607, 251.4984614078838, 245.82320845153717, 228.979222580609, 220.69573122569236, 209.85352276907156, 202.29739824897987, 193.8722456688887, 190.40264070159296, 188.874317394355, 188.74303255756135, 188.79602997359575, 189.1360732208636, 190.01432092236445, 298.2828067299327, 300.87759884796077, 304.85121740932107, 308.5693070186694, 316.33178833303907, 327.075096032886, 332.0248110974143, 336.82302476152535, 339.87034384739076, 339.7778869749698, 336.2958521420947, 331.34179168618004, 326.74935736750933, 320.88132125568836, 315.1409834793318, 305.28258541497513, 253.12465719059634, 250.6622184183141, 248.0673864883733, 246.7838445161414, 244.67797076049555, 240.88250678705435, 237.4511895193621, 233.21855442104945, 226.3644084876307, 219.10553280088024, 217.10641904833176, 215.62983085936696, 211.93568645007818, 208.03961025415572, 206.1189996830492, 206.88251541794608, 208.27216231058557, 207.64331368776897, 206.54622353959076, 205.6577043256184, 205.0521201162287, 204.7268845617532, 204.6348258070523, 204.93358528479493, 205.47972066867712, 206.31834969976725, 208.1462837390572, 211.3812215470308, 213.05237939619175, 210.229067025002, 207.8648322112677, 206.92589244728026, 206.96186995795816, 207.65145793282696, 206.73868814827762, 214.07351349422925, 215.04665735824275, 212.64397700885783, 210.012832486047, 210.32248760503785, 210.89083958207877, 206.7425405000162, 207.6799720327529, 204.9070099255599], "pitch_int": [0.25, 0.26, 0.27, 0.28, 0.29, 0.3, 0.31, 0.32, 0.33, 0.34, 0.35, 0.36, 0.37, 0.38, 0.39, 0.4, 0.41, 0.42, 0.43, 0.44, 0.45, 0.46, 0.47, 0.48, 0.49, 0.5, 0.51, 0.52, 0.53, 0.54, 0.55, 0.56, 0.57, 0.58, 0.59, 0.6, 0.61, 0.62, 0.7, 0.71, 0.72, 0.73, 0.74, 0.75, 0.76, 0.77, 0.79, 0.8, 0.81, 0.82, 0.83, 0.84, 0.85, 0.86, 0.87, 0.88, 0.89, 1.02, 1.03, 1.04, 1.05, 1.06, 1.07, 1.08, 1.09, 1.1, 1.11, 1.12, 1.13, 1.14, 1.15, 1.16, 1.17, 1.21, 1.22, 1.23, 1.24, 1.25, 1.26, 1.27, 1.28, 1.29, 1.3, 1.31, 1.32, 1.33, 1.34, 1.35, 1.36, 1.37, 1.38, 1.39, 1.4, 1.41, 1.42, 1.43, 1.44, 1.45, 1.46, 1.47, 1.48, 1.49, 1.5, 1.51, 1.52, 1.53, 1.54, 1.55, 1.59, 1.6, 1.61, 1.62, 1.63, 1.64, 1.69, 1.7, 1.71], "audio_url": "/file_processing/data_out/audio/Speaker6_France_Female_3_14.wav", "textgrid_url": "/file_processing/data_out/textgrid/Speaker6_France_Female_3_14.TextGrid", "labels": ["#", "Nous", "avons", "beaucoup", "march\u00e9", "aujourd\u2019hui!", "#"], "label_int": [0.25039, 0.11760999999999999, 0.13, 0.26, 0.3400000000000001, 0.44028, 0.24971999999999994]}