{"filename": "Speaker2_Spain_Male_2_27", "pitches": [136.6653220899509, 137.200562723361, 137.443189641475, 138.17666451380796, 138.1431516414392, 138.01154888872742, 137.72097388406706, 137.08442009146154, 135.820768783357, 133.90926685119126, 130.51407340355098, 134.49278237375836, 137.73307542183372, 138.27765912904664, 137.46187644712282, 136.81703228648138, 136.9409190850654, 136.1483365678646, 155.56909595906743, 151.95857759899707, 149.63360903198952, 146.94071522236922, 142.7323709737127, 139.5981185650334, 137.33534585527133, 134.10534577175275, 131.15100650354398, 132.51427394538877, 138.4896868964753, 141.0634356444311, 141.74390866435613, 142.70802804772705, 143.46200686680734, 142.09600703154365, 139.8046969619048, 137.95253882963894, 136.93005948193044, 136.11299322544025, 135.61867172955087, 134.1084685247982, 134.28450674009216, 142.16013810264639, 140.71296106745305, 139.49766367227784, 139.41109986059618, 138.976069734672, 139.0995634988081, 139.09709365411211, 137.98236371903403, 150.5317241865056, 148.68934622955683, 148.9599230342095, 149.99793070186604, 152.04540880910912, 153.87632395193376, 155.4207169546459, 156.13396638573036, 157.56611288792246, 159.6213991942727, 162.34438589095075, 165.05911483247723, 168.00797099095942, 174.33451598769335, 177.69997258363443, 180.56005601436772, 182.3657959642958, 181.67598447637232, 165.66917170790842, 165.3993110740566, 165.83779646562584, 164.3570846633747, 162.33746656922227, 161.75645333908673, 129.13812593147043, 128.52771967430817, 128.40175035739998, 128.39750152153556, 127.99972415223182, 127.29545253103439, 125.60111281978351, 123.43564764628803, 131.08378478390188, 130.28780076310764, 128.80692490435635, 126.1239372131436, 123.81559640655817, 122.81272561167553, 122.38625303703543, 122.40869309577833, 122.00084022237158, 121.18119870032646, 121.11650288809258, 122.0526907252993, 122.25232697817927, 122.18317698984508, 121.08630736040715, 118.52491653945029, 122.01311169596941, 132.38753735201396, 125.11861590975596, 121.75315974631802, 118.40873288659994, 115.46915152636652, 113.69231525201232, 112.20450931841414, 110.98626797460147, 110.21246165952735, 109.50399066620535, 108.64910142965732, 107.7015672045647, 106.12515967212099, 121.43136835245295, 120.52376798802088, 114.91004447244428, 115.3722898679, 114.76361317936926, 113.83068456975005, 129.3893964932293, 128.35658183752918, 127.53283295110371, 127.63378347576854, 129.311797718468, 132.89718108213833], "pitch_int": [0.26, 0.27, 0.28, 0.29, 0.3, 0.31, 0.32, 0.33, 0.34, 0.35, 0.37, 0.38, 0.39, 0.4, 0.41, 0.42, 0.43, 0.44, 0.46, 0.47, 0.48, 0.49, 0.5, 0.51, 0.52, 0.53, 0.54, 0.55, 0.56, 0.57, 0.58, 0.59, 0.6, 0.61, 0.62, 0.63, 0.64, 0.65, 0.66, 0.67, 0.68, 0.7, 0.71, 0.72, 0.73, 0.74, 0.75, 0.76, 0.77, 0.8, 0.81, 0.82, 0.83, 0.84, 0.85, 0.86, 0.87, 0.88, 0.89, 0.9, 0.91, 0.92, 0.93, 0.94, 0.95, 0.96, 0.97, 0.99, 1.0, 1.01, 1.02, 1.03, 1.04, 1.15, 1.16, 1.17, 1.18, 1.19, 1.2, 1.21, 1.22, 1.28, 1.29, 1.3, 1.31, 1.32, 1.33, 1.34, 1.35, 1.36, 1.37, 1.38, 1.39, 1.4, 1.41, 1.42, 1.43, 1.49, 1.51, 1.53, 1.54, 1.55, 1.56, 1.57, 1.58, 1.59, 1.6, 1.61, 1.62, 1.63, 1.64, 1.75, 1.94, 1.97, 1.98, 1.99, 2.0, 2.08, 2.09, 2.1, 2.11, 2.12, 2.13], "audio_url": "/file_processing/data_out/audio/Speaker2_Spain_Male_2_27.wav", "textgrid_url": "/file_processing/data_out/textgrid/Speaker2_Spain_Male_2_27.TextGrid", "labels": ["#", "On", "se", "retrouve", "#", "\u00e0", "#", "20", "heures,", "#", "d'accord?", "#"], "label_int": [0.25, 0.09000000000000002, 0.2, 0.49, 0.09000000000000008, 0.09999999999999987, 0.030000000000000027, 0.28, 0.1299999999999999, 0.2100000000000002, 0.3799999999999999, 0.25]}