{"filename": "Speaker9_France_Male_3_9", "pitches": [100.86908606503734, 78.40055297758133, 93.10980932595756, 98.52386327396461, 95.9787136395511, 94.19959401159838, 92.60310282990262, 91.46478524783655, 90.94048034894672, 91.87462707069389, 93.08248326723076, 93.62764680526533, 93.7834657515454, 93.73146376060113, 94.46234852365714, 95.9137226642065, 96.53586952104746, 97.74544760248843, 98.55104326200836, 110.94737513782512, 112.07217399769053, 112.99229383318419, 113.99489335910901, 116.20613599831769, 118.47024936078259, 121.64106527723877, 124.33328426846481, 127.3204621288568, 131.1624904141423, 133.81809511037187, 135.14364296829507, 135.3625303816421, 135.02835808462717, 133.69978247896904, 131.13053598304558, 124.65461556916, 121.10029792315211, 116.84400515388319, 117.21731548381847, 117.45855683656629, 115.46783692684471, 113.07710815045246, 110.29082852530904, 108.45489972232326, 107.27867354246206, 106.52983643152481, 106.47209296073413, 107.74900013477767, 109.06008716840276, 109.92678772827182, 110.53443591729233, 111.04335604545142, 112.30796783466319, 114.03913332682565, 116.02214855958918, 118.07645297603317, 121.29879443148666, 124.64178945630239, 130.69436748178916, 134.80874652656215, 139.48498267153016, 144.2478128964753, 146.72137087552977, 147.20129174964177, 146.3735544799886, 141.68668042513576, 136.52448775016356, 103.35990413167775, 105.03691577175309, 105.70785145909069, 106.30630065150653, 106.71335830486042, 107.1383421065799, 107.47360643133484, 108.18307510602983, 109.26547428360149, 111.86526523782952, 115.67607881647449, 117.88077263723382, 120.23176303058844, 124.57135472641758, 130.7812964418115, 134.17126786663684, 135.30400974595815, 135.18903135898628, 135.00106273963144, 102.06671961381147, 120.05102144632347, 119.35236971537074, 119.46729442578295, 119.429415920397, 118.90685823695807, 118.09020685223405, 117.51680293067312, 116.97454009970303, 115.7476258562221, 134.4118649038936, 132.6754422277901, 132.11346331647388, 131.54645273524298, 131.0092396286968, 131.1033678387205, 131.95351156036057, 132.84180877356954, 133.2248440025813, 133.33697071144624, 132.59658402837098, 124.59112066574954, 120.08586380896952, 115.60534272852969, 114.12694081401362, 112.52598613329751, 110.9151878075783, 110.00594304383439, 109.52224685359738, 108.97966320186089, 108.37950865178449, 106.39045582541956], "pitch_int": [0.37, 0.43, 0.48, 0.51, 0.52, 0.53, 0.54, 0.55, 0.56, 0.57, 0.58, 0.59, 0.6, 0.61, 0.62, 0.63, 0.64, 0.65, 0.66, 0.67, 0.68, 0.69, 0.7, 0.71, 0.72, 0.73, 0.74, 0.75, 0.76, 0.77, 0.78, 0.79, 0.8, 0.81, 0.82, 0.83, 0.84, 0.85, 0.86, 0.87, 0.88, 0.89, 0.9, 0.91, 0.92, 0.93, 0.94, 0.95, 0.96, 0.97, 0.98, 0.99, 1.0, 1.01, 1.02, 1.03, 1.04, 1.05, 1.06, 1.07, 1.08, 1.09, 1.1, 1.11, 1.12, 1.13, 1.16, 1.38, 1.39, 1.4, 1.41, 1.42, 1.43, 1.44, 1.45, 1.46, 1.47, 1.48, 1.49, 1.5, 1.51, 1.52, 1.53, 1.54, 1.55, 1.56, 1.91, 2.07, 2.08, 2.09, 2.1, 2.11, 2.12, 2.13, 2.14, 2.15, 2.29, 2.3, 2.31, 2.32, 2.33, 2.34, 2.35, 2.36, 2.37, 2.38, 2.39, 2.54, 2.55, 2.56, 2.57, 2.58, 2.59, 2.6, 2.61, 2.62, 2.63, 2.64], "audio_url": "/file_processing/data_out/audio/Speaker9_France_Male_3_9.wav", "textgrid_url": "/file_processing/data_out/textgrid/Speaker9_France_Male_3_9.TextGrid", "labels": ["#", "Je", "parle", "anglais,", "grec", "#", "et", "#", "un", "peu", "fran\u00e7ais.", "#"], "label_int": [0.25086, 0.14414, 0.29000000000000004, 0.3899999999999999, 0.5800000000000001, 0.20999999999999996, 0.10000000000000009, 0.09999999999999987, 0.08000000000000007, 0.23999999999999977, 0.5215300000000003, 0.24947000000000008]}