{"filename": "Speaker7_Russia_Female_1_19", "pitches": [218.36101884425682, 200.9735335663404, 197.72434144904787, 195.07273674919912, 193.50848977786384, 193.95902173437912, 195.38538012609055, 196.57006925944475, 197.4606973693027, 198.63011140122399, 200.42284282112544, 202.20998177946802, 203.3191446942436, 204.07816017655654, 205.36290453551442, 208.68224101965464, 211.82443785987303, 213.75859686475124, 214.60526080155344, 214.64780780915044, 213.8053497764292, 212.51317834503703, 211.05204591525256, 209.94148841760733, 210.70747321721072, 222.05111976581128, 220.3171238327876, 220.7357502663586, 222.1197207683898, 224.08534599032637, 226.81356249631375, 228.16402421341667, 227.27581441268075, 222.8068566312683, 217.79183888641302, 219.8067644949884, 222.59021501785114, 223.33349965836462, 223.49050448690036, 223.27217249779434, 222.6659595827846, 219.92807994088682, 214.4488458405074, 220.66674229603268, 241.69733840882992, 241.42590684862137, 242.470066353096, 243.93263994956496, 245.25361424973215, 247.33427093758968, 250.51451458520123, 253.18161658034583, 252.4185587724102, 230.9483550686085, 231.92482133103903, 235.10390149347697, 246.22920746165278, 250.20489517446563, 251.0899306472007, 252.13078393444232, 250.95226234949652, 247.44698123342246, 242.78839644883965, 241.70701406621725, 228.5480452737785, 228.00025077573562, 226.95632725064632, 225.5692755630883, 221.85191017067567, 216.46855901365592, 212.9119557345769, 220.12409153230536, 216.75616310383498, 211.26403991434134, 207.15855389740693, 205.04994022193458, 202.37358605165673, 197.20351629580222, 193.05923413464953, 190.84434691985106, 188.1889870984226, 185.74329516657104, 183.68016580548317, 174.9766306138508, 166.93328206083802, 165.99079468680935, 164.65575920053192, 162.9519854435013, 161.74346492354607, 162.27497325404448, 164.65766574380973, 167.1539567328084, 171.32003767414608, 173.9332585515125, 174.8162235088496, 175.2966115141843, 175.05214672439854, 173.76075118625164, 172.06999856318487, 172.8066769168656, 173.45813491279057, 163.25642954134378], "pitch_int": [0.21, 0.23, 0.24, 0.25, 0.26, 0.27, 0.28, 0.29, 0.3, 0.31, 0.32, 0.33, 0.34, 0.35, 0.36, 0.37, 0.38, 0.39, 0.4, 0.41, 0.42, 0.43, 0.44, 0.45, 0.46, 0.49, 0.5, 0.51, 0.52, 0.53, 0.54, 0.55, 0.56, 0.57, 0.58, 0.59, 0.6, 0.61, 0.62, 0.63, 0.64, 0.65, 0.66, 0.7, 0.73, 0.74, 0.75, 0.76, 0.77, 0.78, 0.79, 0.8, 0.81, 0.83, 0.84, 0.85, 0.86, 0.87, 0.88, 0.89, 0.9, 0.91, 0.92, 0.93, 1.0, 1.01, 1.02, 1.03, 1.04, 1.05, 1.06, 1.14, 1.15, 1.16, 1.17, 1.18, 1.19, 1.2, 1.21, 1.22, 1.23, 1.24, 1.25, 1.34, 1.35, 1.36, 1.37, 1.38, 1.39, 1.4, 1.41, 1.42, 1.43, 1.44, 1.45, 1.46, 1.47, 1.48, 1.49, 1.5, 1.57, 1.64], "audio_url": "/file_processing/data_out/audio/Speaker7_Russia_Female_1_19.wav", "textgrid_url": "/file_processing/data_out/textgrid/Speaker7_Russia_Female_1_19.TextGrid", "labels": ["#", "Je", "ne", "parle", "pas", "beaucoup", "fran\u00e7ais.", "#"], "label_int": [0.25, 0.09000000000000002, 0.12, 0.2, 0.15999999999999992, 0.2400000000000001, 0.33999999999999986, 0.25]}