{"filename": "Speaker8_France_Female_2_28", "pitches": [236.2716801786899, 242.42812956344324, 246.6716744809678, 251.54616521751893, 255.0225236847298, 256.0569010414178, 256.1760102298701, 255.0389083252332, 251.42340995103717, 247.61866486623376, 242.33132456336054, 320.31951514814546, 318.00543207990404, 316.21637050378797, 315.24338492865246, 312.83355622832704, 306.80380337155384, 302.81376106683496, 340.8186686318115, 339.2133527277528, 337.3701356052433, 335.94676267010254, 333.8171013984867, 330.72427796919135, 326.0268221655153, 320.4360024834963, 319.76791128355165, 322.5012915268644, 323.3786403541159, 320.80173527152544, 316.047106285441, 312.82325557150716, 310.8072178321817, 308.67848859924146, 305.6143892632935, 302.24101958032406, 299.0704587777186, 295.7539996244658, 291.84482621099716, 283.35979588484565, 272.8632153610301, 266.7487202248991, 270.6785508694127, 276.63934477899966, 281.496879262402, 282.5176349253412, 281.63116564560363, 279.79236507825055, 278.2215817948243, 276.5653589064382, 275.0794586695716, 273.4261738599988, 271.20850209442847, 267.22414624505046, 261.4115961748552, 256.75696824109326, 250.49990745696985, 186.3125754934347, 171.52215592182108, 167.50347539608896, 165.43236934604522, 164.16268107290392, 162.82390044399006, 160.15971892873583, 157.13940241803655, 155.08164948311796, 155.01299576990053, 158.24819848685212, 160.87743121881954, 160.4582976990912, 158.0026616367159, 153.43031879257384, 148.66583385604974, 149.40806496350825, 150.76590717893623, 150.62979850750165, 149.42487479015472, 148.39171464464692, 148.8043719814305, 150.88877745962054, 152.50986823253047, 152.98895934749984, 152.71495297636056, 148.80199231763982, 152.43382453857487, 153.72357697136283, 154.3161103118774, 260.62780467033133, 260.88732602400205, 262.24720799128517, 263.5254465815736, 279.8940306687998, 390.3847399378386, 410.7633524573933, 419.04606441873335, 420.3065584871608, 419.2591303600401, 416.30231417924483], "pitch_int": [0.25, 0.26, 0.27, 0.28, 0.29, 0.3, 0.31, 0.32, 0.33, 0.34, 0.35, 0.47, 0.48, 0.49, 0.5, 0.51, 0.52, 0.53, 0.66, 0.67, 0.68, 0.69, 0.7, 0.71, 0.72, 0.73, 0.74, 0.75, 0.76, 0.77, 0.78, 0.79, 0.8, 0.81, 0.82, 0.83, 0.84, 0.85, 0.86, 0.87, 0.88, 0.89, 0.9, 0.91, 0.92, 0.93, 0.94, 0.95, 0.96, 0.97, 0.98, 0.99, 1.0, 1.01, 1.02, 1.03, 1.04, 1.15, 1.17, 1.18, 1.19, 1.2, 1.21, 1.22, 1.23, 1.24, 1.25, 1.26, 1.27, 1.28, 1.29, 1.3, 1.31, 1.32, 1.33, 1.34, 1.35, 1.36, 1.37, 1.38, 1.39, 1.4, 1.41, 1.42, 1.44, 1.45, 1.46, 1.52, 1.53, 1.54, 1.55, 1.56, 1.6, 1.61, 1.62, 1.63, 1.64, 1.65], "audio_url": "/file_processing/data_out/audio/Speaker8_France_Female_2_28.wav", "textgrid_url": "/file_processing/data_out/textgrid/Speaker8_France_Female_2_28.TextGrid", "labels": ["#", "On", "se", "retrouve", "\u00e0", "20", "heures,", "d'accord?", "#"], "label_int": [0.25, 0.09000000000000002, 0.06999999999999995, 0.35000000000000003, 0.12, 0.2599999999999999, 0.18000000000000016, 0.34999999999999987, 0.25]}