{"filename": "Speaker6_France_Female_3_18", "pitches": [253.50549178188635, 251.06541250474973, 249.5287480268318, 248.30671864287896, 246.32526805314444, 243.20230460839414, 240.6394151386604, 239.0446727121561, 239.73247139737452, 241.73846611308176, 243.79575648058994, 245.9243509518154, 246.85386212699348, 245.9455043575719, 245.03705476101698, 244.71533321800558, 245.8038756555079, 247.9680662235054, 249.17524361628426, 249.3123881553173, 247.87647693496666, 246.23276906726812, 245.66460546715, 249.0463860833787, 252.12044653057865, 253.77352854336925, 253.42687335820096, 251.95207379415854, 249.57268544509716, 247.63202249396383, 245.7915921145495, 242.24094718170812, 238.48030505081346, 234.90824686720907, 234.84713489100074, 221.88619963894718, 201.13339680398525, 198.1014365327028, 195.92964103935412, 193.51481276572062, 191.50584925740628, 189.9388316660622, 187.8484473542579, 185.41544048030096, 183.14978572919327, 180.30559788722795, 220.5658881734107, 210.80128319257915, 208.44223806001682, 206.25739965973173, 204.5061711417708, 204.32170826945287, 204.43615350018547, 204.27051213620416, 203.94634822145912, 203.73358724224633, 203.63387132852586, 203.5979753134333, 203.47644994248435, 203.35271070917156, 203.1206142396638, 202.80180662288763, 202.6268579075497, 202.53767892067273, 202.80055074225263, 203.8597187096654, 207.6791506005765, 218.22836015164245, 213.7590974317045, 208.4357605464549, 205.5899838485885, 203.92017896136312, 201.9582526758444, 198.75331530115946, 197.96266068483692, 200.3212485789448, 199.7501591875638, 199.03736474755317, 198.47503646279807, 198.5354739045006, 198.95920599242996, 198.80377969971727, 197.71987521592038, 196.34757142915157, 195.61939523430317, 195.18456874681848, 194.24269783607394, 192.8463247829276, 190.46275795711728, 188.2298214354435, 187.5669342725572, 198.51311678768482, 205.37526636276868, 209.76366117691498, 211.3288785224424, 212.00693664212992, 225.12321289896985, 224.45376360374934, 225.01610774668387, 247.88430744350603, 244.88246023139848, 240.07804314895705, 236.67131073495025, 232.28989772015038, 226.95044815671022, 221.43520133226167, 216.51135637051783, 211.29766552071646, 205.96274041389435, 200.93796085544642, 194.36177029537947, 185.6727437538231, 181.15186876961045, 177.98685914604053, 176.30445149107513, 176.78210107939464, 178.8118898687946, 181.33840121647611, 181.53034455057266, 179.79480847214296, 176.75548174236386], "pitch_int": [0.29, 0.3, 0.31, 0.32, 0.33, 0.34, 0.35, 0.36, 0.37, 0.38, 0.39, 0.4, 0.41, 0.42, 0.43, 0.44, 0.45, 0.46, 0.47, 0.48, 0.49, 0.5, 0.51, 0.52, 0.53, 0.54, 0.55, 0.56, 0.57, 0.58, 0.59, 0.6, 0.61, 0.62, 0.63, 0.66, 0.68, 0.69, 0.7, 0.71, 0.72, 0.73, 0.74, 0.75, 0.76, 0.77, 1.31, 1.33, 1.34, 1.35, 1.36, 1.37, 1.38, 1.39, 1.4, 1.41, 1.42, 1.43, 1.44, 1.45, 1.46, 1.47, 1.48, 1.49, 1.5, 1.51, 1.52, 1.53, 1.54, 1.55, 1.56, 1.57, 1.58, 1.59, 1.6, 1.61, 1.62, 1.63, 1.64, 1.65, 1.66, 1.67, 1.68, 1.69, 1.7, 1.71, 1.72, 1.73, 1.74, 1.75, 1.76, 1.78, 1.79, 1.8, 1.81, 1.82, 1.98, 1.99, 2.0, 2.09, 2.1, 2.11, 2.12, 2.13, 2.14, 2.15, 2.16, 2.17, 2.18, 2.19, 2.2, 2.21, 2.22, 2.23, 2.24, 2.25, 2.26, 2.27, 2.28, 2.29, 2.3], "audio_url": "/file_processing/data_out/audio/Speaker6_France_Female_3_18.wav", "textgrid_url": "/file_processing/data_out/textgrid/Speaker6_France_Female_3_18.TextGrid", "labels": ["#", "J'adore", "le", "rock,", "#", "c'est", "mon", "genre", "de", "musique", "#", "pr\u00e9f\u00e9r\u00e9e.", "#"], "label_int": [0.25, 0.25, 0.12, 0.25, 0.37, 0.13000000000000012, 0.1299999999999999, 0.1100000000000001, 0.029999999999999805, 0.25, 0.030000000000000027, 0.4376000000000002, 0.24940000000000007]}