{"filename": "Speaker9_France_Male_3_24", "pitches": [104.23405900348502, 103.91634897299281, 103.31467735388132, 102.77946734960402, 101.85741292215141, 99.78436006991332, 97.41361492121459, 105.14705959760116, 104.93992830230341, 104.05281694885603, 102.78363479233457, 101.95240747451967, 100.53543642137221, 98.59446327373047, 96.86943899970294, 96.42747558503379, 146.04277843219498, 149.26355773434355, 152.02381828193057, 154.48065923972823, 154.3909418269559, 151.31842389401646, 146.25061115058293, 142.0075937489766, 125.1391076081155, 106.04648903041289, 121.88525563759734, 119.38080466377515, 117.35381392363476, 114.8339535127841, 109.50289591638638, 108.9176591490118, 110.69416602016886, 111.23033143922017, 110.26099853694875, 107.87950240337453, 104.03751695339793, 102.57554567209337, 101.61086729789817, 100.77994671342083, 100.46047110326646, 100.85922103621007, 119.22040501191847, 115.18297858738575, 110.9709475012866, 109.12043491178638, 107.73629842150869, 106.45717270390291, 104.83108946115922, 103.37470160426825, 102.20884134331709, 100.72863026957891, 99.44879999208436, 99.05902783529376, 98.74489728272111, 98.53723563312852, 108.81752033248864, 86.88796975838653, 86.47233587267127, 85.97075218893933, 84.8837315421177, 83.80288990963254, 127.3028928508733, 127.3495045860384, 126.78769059186136, 125.80707161281508, 123.69493723355335, 122.25071214139183, 122.73592402942064, 124.26191478165514, 123.94771374192347, 123.22312214426785, 121.66558865477141, 119.5848954270434, 116.7775308868527, 114.7733004419519, 111.92104229871563, 108.96121345452624, 106.33480419372333, 103.47760350835328, 100.82784446681447, 98.35303433458519, 96.84140805325187, 95.9769401477964, 91.39344920165695, 91.33762773484526, 91.33156094227859, 90.78774761972191, 91.19827869907269, 92.0256141136544, 95.70086477036624, 99.19551368972152, 101.68817507305553, 105.3695968582406, 108.87865381206183, 111.41299693389442, 113.82539454184864, 115.3307978941738, 116.41915234765868, 92.84209885627035, 93.86069734764905, 95.80975091928657, 96.39448546797314, 96.93940696862452, 97.50749666111196, 98.7487244943284, 99.56417461739369, 99.98485851459196, 99.9746251093504, 100.45619003999155, 93.76034664408748, 89.7282579748444, 87.8978947198369, 85.93163247508967, 86.16193097015854, 86.61472083034641], "pitch_int": [0.3, 0.31, 0.32, 0.33, 0.34, 0.35, 0.36, 0.41, 0.42, 0.43, 0.44, 0.45, 0.46, 0.47, 0.48, 0.49, 0.54, 0.55, 0.56, 0.57, 0.58, 0.59, 0.6, 0.61, 0.64, 0.71, 0.8, 0.81, 0.82, 0.83, 0.84, 0.85, 0.86, 0.87, 0.88, 0.89, 0.9, 0.91, 0.92, 0.93, 0.94, 0.95, 1.04, 1.05, 1.06, 1.07, 1.08, 1.09, 1.1, 1.11, 1.12, 1.13, 1.14, 1.15, 1.16, 1.17, 1.26, 1.3, 1.31, 1.32, 1.33, 1.34, 1.57, 1.58, 1.59, 1.6, 1.61, 1.62, 1.63, 1.64, 1.65, 1.66, 1.67, 1.68, 1.69, 1.7, 1.71, 1.72, 1.73, 1.74, 1.75, 1.76, 1.77, 2.0, 2.01, 2.02, 2.03, 2.04, 2.05, 2.06, 2.07, 2.08, 2.09, 2.1, 2.11, 2.12, 2.13, 2.14, 2.15, 2.74, 2.75, 2.76, 2.77, 2.78, 2.79, 2.8, 2.81, 2.82, 2.83, 2.93, 2.94, 2.95, 2.96, 2.98, 2.99, 3.0], "audio_url": "/file_processing/data_out/audio/Speaker9_France_Male_3_24.wav", "textgrid_url": "/file_processing/data_out/textgrid/Speaker9_France_Male_3_24.TextGrid", "labels": ["#", "Quand", "j'ai", "vu", "la", "Tour", "Eiffel", "pour", "la", "#", "premi\u00e8re", "#", "fois,", "#", "j'\u00e9tais", "sans", "voix.", "#"], "label_int": [0.25, 0.12, 0.12, 0.08999999999999997, 0.12, 0.19000000000000006, 0.2799999999999999, 0.17000000000000015, 0.05999999999999983, 0.07000000000000006, 0.3400000000000001, 0.10999999999999988, 0.14000000000000012, 0.29000000000000004, 0.21999999999999975, 0.27, 0.23887000000000036, 0.24912999999999963]}