{"filename": "Speaker7_Russia_Female_1_13", "pitches": [195.9691426170515, 189.76141947283315, 186.20715326407878, 182.29854762375948, 177.6751981711723, 173.98767865632283, 173.9002049098102, 171.891010552505, 168.66492451003734, 164.17683180733178, 160.00652171463048, 157.85669876128068, 160.15178034945745, 164.16622215959478, 167.47459524256857, 170.89563254606546, 173.66715198423154, 176.72462519630562, 179.3068897550736, 180.75317222807456, 181.11558405651581, 181.15550179538621, 181.00053703619864, 181.50199159678095, 183.48874261799932, 187.46904357535539, 193.84376288173726, 199.87836320590753, 207.1595411759732, 214.32193599224792, 221.5100516950098, 229.3896225720656, 238.66722765846407, 245.6036388538679, 251.57698655532573, 259.4629249324382, 266.4341169596072, 256.955787328207, 230.5811084769586, 177.35011603075688, 177.871771363247, 178.4720028866755, 179.1875273319211, 205.72230295603265, 187.96047338967966, 182.9076951879172, 177.6402656397077, 173.26397777169265, 180.47998965143125, 178.5011911237004, 178.31155985906545, 177.57627165967523, 176.5958034662379, 177.45826140963075, 180.47182971200243, 185.02517347944445, 189.77294377171904, 194.3537587080937, 198.7250566587354, 203.14188370913058, 206.32385900803268, 209.88900650709638, 216.21674138373697, 220.58192852305865, 222.1352464488357, 221.57687981962346, 221.45029002725101, 238.39432915701542, 231.74928322535337, 227.52744313497274, 224.33196919012303, 220.47878336405222, 217.2906118193862, 217.22500056660465, 218.23877448903914, 217.583122076378, 215.74154302487688, 212.66680448137166, 210.1584209339404, 208.308612410145, 207.60999152749278, 207.25033496818224, 206.31854580383737, 204.99792051676098, 203.37495308299447, 210.4448656300438, 211.39558051055616, 213.30108997504465, 204.19605332524947, 162.73971734621458, 166.80589058444286, 168.79670232851876, 168.94486607779334, 169.68227557549707, 169.12144158755615, 165.82077518606008, 210.10911973465338, 208.215560491934, 166.95671172389132, 168.06487847814853, 210.9856638607077, 209.11349615592783], "pitch_int": [0.31, 0.33, 0.34, 0.35, 0.36, 0.45, 0.46, 0.47, 0.48, 0.49, 0.5, 0.51, 0.52, 0.53, 0.54, 0.55, 0.56, 0.57, 0.58, 0.59, 0.6, 0.61, 0.62, 0.63, 0.64, 0.65, 0.66, 0.67, 0.68, 0.69, 0.7, 0.71, 0.72, 0.73, 0.74, 0.75, 0.76, 0.78, 0.79, 0.89, 0.9, 0.91, 0.97, 1.22, 1.25, 1.26, 1.27, 1.28, 1.35, 1.36, 1.37, 1.38, 1.39, 1.4, 1.41, 1.42, 1.43, 1.44, 1.45, 1.46, 1.47, 1.48, 1.49, 1.5, 1.51, 1.52, 1.53, 1.58, 1.59, 1.6, 1.61, 1.62, 1.63, 1.64, 1.65, 1.66, 1.67, 1.68, 1.69, 1.7, 1.71, 1.72, 1.73, 1.74, 1.75, 1.81, 1.82, 1.83, 1.85, 1.91, 1.92, 1.93, 1.94, 1.95, 1.96, 1.97, 2.0, 2.01, 2.07, 2.09, 2.13, 2.14], "audio_url": "/file_processing/data_out/audio/Speaker7_Russia_Female_1_13.wav", "textgrid_url": "/file_processing/data_out/textgrid/Speaker7_Russia_Female_1_13.TextGrid", "labels": ["#", "Si", "tu", "viens,", "#", "nous", "pourrons", "commencer.", "#"], "label_int": [0.25, 0.10999999999999999, 0.13, 0.27, 0.45999999999999996, 0.06000000000000005, 0.24, 0.43999999999999995, 0.25]}