{"filename": "Speaker6_France_Female_2_20", "pitches": [237.3289950285688, 231.90238212334282, 228.476564948145, 226.8889152195175, 224.54399502684015, 222.0212242796434, 220.92957223488796, 219.28866738610793, 215.79866171761847, 212.350572549325, 209.53899681868313, 207.70569607909385, 206.82982843372804, 206.69998558535474, 206.96504801023758, 207.39675613189968, 208.00806086776367, 208.74372889419917, 208.3159688081736, 207.22092538468107, 205.9557890388443, 203.73314040398589, 203.32161445092396, 206.90655318147162, 209.39077652732178, 212.9910278920728, 265.3786639839559, 263.71292520925806, 261.2196640172618, 258.9052962866434, 255.35806832148432, 252.18756672390168, 248.7827371944714, 245.9367854818555, 244.18552343121323, 224.60890608505957, 224.53411364467186, 223.66657301499356, 222.41874161329105, 219.79570827063824, 215.4027023748958, 209.2482965766466, 205.92944492518745, 205.99142482860634, 206.96865981040946, 207.86324289949619, 208.79385728088886, 211.3038062756341, 215.52827885526972, 223.26627866352013, 236.04558018639224, 240.65749411208927, 243.52824557462188, 246.19658605192004, 247.33529960604488, 247.7034389078352, 247.18196698631868, 245.53678107472675, 242.88269238566346, 239.20215684265972, 235.4449245369136, 231.58057935885716, 226.43279550527467, 220.50140139247387, 213.00354255645124, 207.0324101398609, 204.39174906904387, 194.47299393680126, 192.64517746606396, 192.57902394928448, 192.88564072906553, 194.02784656003143, 195.52463887478214, 196.07679890512773, 195.89910220452657, 194.45316150652675, 191.03135719677545, 186.75521292555771, 184.58080546788526, 186.0078431442683, 193.96525321666618, 203.26805528842866, 208.35725810318507, 211.73780859638143, 216.58170108804998, 242.43146189225288, 254.38888263115035, 266.3159717983025, 273.2615603554778, 277.66149316541583, 279.3262829672481, 278.28349412955254, 275.6079525881773, 271.7342402621503, 264.53563795809976, 254.88032674302139, 241.47753652718694, 232.5539652811523, 228.11972291487305, 222.8762834003155, 274.03568875658505, 278.33868241259063, 278.740432248543, 274.040327783689, 272.6539840585042], "pitch_int": [0.38, 0.39, 0.4, 0.41, 0.42, 0.43, 0.44, 0.45, 0.46, 0.47, 0.48, 0.49, 0.5, 0.51, 0.52, 0.53, 0.54, 0.55, 0.56, 0.57, 0.58, 0.59, 0.6, 0.61, 0.62, 0.63, 0.71, 0.72, 0.73, 0.74, 0.75, 0.76, 0.77, 0.78, 0.79, 0.88, 0.89, 0.9, 0.91, 0.92, 0.93, 0.94, 0.95, 0.96, 0.97, 0.98, 0.99, 1.0, 1.01, 1.02, 1.03, 1.04, 1.05, 1.06, 1.07, 1.08, 1.09, 1.1, 1.11, 1.12, 1.13, 1.14, 1.15, 1.16, 1.17, 1.18, 1.19, 1.28, 1.29, 1.3, 1.31, 1.32, 1.33, 1.34, 1.35, 1.36, 1.37, 1.38, 1.39, 1.4, 1.41, 1.42, 1.43, 1.44, 1.45, 1.47, 1.48, 1.49, 1.5, 1.51, 1.52, 1.53, 1.54, 1.55, 1.56, 1.57, 1.58, 1.59, 1.6, 1.61, 1.65, 1.66, 1.67, 1.68, 1.69], "audio_url": "/file_processing/data_out/audio/Speaker6_France_Female_2_20.wav", "textgrid_url": "/file_processing/data_out/textgrid/Speaker6_France_Female_2_20.TextGrid", "labels": ["#", "Tu", "m'impressionnes,", "#", "bravo!", "#"], "label_int": [0.25, 0.16999999999999998, 0.77, 0.030000000000000027, 0.40000000000000013, 0.25]}