{"filename": "Speaker5_Africa_Male_3_14", "pitches": [108.78094878117335, 109.35141184968303, 109.7419261382335, 109.60668158685988, 109.12568721475702, 108.40915444116919, 107.4186739303465, 106.21185081330005, 105.14882498241904, 104.46225925665098, 107.24814844628627, 113.25425471036917, 113.75836199477294, 113.55339557176072, 112.79776311192663, 111.1934735141482, 109.88500359280303, 109.06992358969009, 108.33103851009908, 107.25801392599615, 113.31800843766047, 114.33249573199373, 114.51874316348551, 114.47575736131016, 114.15655041575101, 113.81856413813416, 113.34091796347894, 112.33817925480118, 111.12367464325418, 109.64331538095932, 108.56959240401538, 108.68602185364745, 109.42710921198574, 110.86830272802347, 126.66949765401066, 126.9052347161473, 128.50041055809086, 130.201725167265, 131.02155534527827, 132.0944504911035, 132.84038292895795, 133.34194643428813, 133.62080029547235, 133.7244633946991, 134.21125714735928, 133.8569229357481, 134.07248555224663, 165.8293059814534, 163.5666689551208, 162.38278041855017, 159.05270903876357, 155.79715182298634, 152.59646421158934, 149.88038329353395, 149.85671626063075, 148.3717324051675, 146.74897153588853, 145.67050360804424, 144.2843049594344, 144.74509150113528, 145.0113793454364, 144.00589163626807, 142.86933109302527, 142.03508838205707, 141.19580634860097, 140.40520188078554, 139.0887623624464, 138.10612070006968, 136.28562183793434, 146.76559931662086, 145.60192356231948, 144.38068391448644, 145.19828339271285, 146.06721827547335, 147.15079234200692, 145.61304026605566, 144.71480079180418, 145.42368847100812, 147.22955373449255, 138.90408898003363, 137.29231728557255, 134.8303457827317, 133.33260146707795, 132.55706943653746, 130.58067769225224, 128.34149202523855, 126.58218709962998, 124.74182442778078, 123.65760476980714, 122.8397597056302, 121.81149458299825, 119.94911948293665, 117.7150928035488, 116.29963513242906, 114.41696278870805, 111.93026709437169, 110.38444140311452, 106.71861352653819, 102.73421760300755, 102.18877292548422, 105.85586043351425, 107.07593626863303, 107.05224575984546, 105.8889536878848, 104.52591250392769, 103.27367662002058, 101.77021376421685, 100.26636245045967, 98.8206517094934, 97.52943657715859, 96.00148230126457, 94.8540905291625, 94.28485278896305, 94.92162329741217, 95.13059911143529, 94.95318483019835, 94.45071893133945, 157.3307758676125, 144.1701139656787, 142.04960648247345, 140.17726776565905, 146.77534274579142], "pitch_int": [0.29, 0.3, 0.31, 0.32, 0.33, 0.34, 0.35, 0.36, 0.37, 0.38, 0.39, 0.4, 0.41, 0.42, 0.43, 0.44, 0.45, 0.46, 0.47, 0.48, 0.52, 0.53, 0.54, 0.55, 0.56, 0.57, 0.58, 0.59, 0.6, 0.61, 0.62, 0.63, 0.64, 0.65, 0.67, 0.68, 0.69, 0.7, 0.71, 0.72, 0.73, 0.74, 0.75, 0.76, 0.77, 0.78, 0.79, 0.85, 0.86, 0.87, 0.88, 0.89, 0.9, 0.91, 0.92, 0.93, 0.94, 0.95, 0.96, 0.97, 0.98, 0.99, 1.0, 1.01, 1.02, 1.03, 1.04, 1.05, 1.06, 1.12, 1.13, 1.14, 1.15, 1.16, 1.17, 1.18, 1.19, 1.2, 1.21, 1.23, 1.24, 1.25, 1.26, 1.27, 1.28, 1.29, 1.3, 1.31, 1.32, 1.33, 1.34, 1.35, 1.36, 1.37, 1.38, 1.39, 1.4, 1.41, 1.43, 1.44, 1.45, 1.46, 1.47, 1.48, 1.49, 1.5, 1.51, 1.52, 1.53, 1.54, 1.55, 1.56, 1.57, 1.58, 1.59, 1.6, 1.61, 1.67, 1.74, 1.75, 1.76, 1.8], "audio_url": "/file_processing/data_out/audio/Speaker5_Africa_Male_3_14.wav", "textgrid_url": "/file_processing/data_out/textgrid/Speaker5_Africa_Male_3_14.TextGrid", "labels": ["#", "Nous", "avons", "beaucoup", "march\u00e9", "aujourd\u2019hui!", "#"], "label_int": [0.25071, 0.17229, 0.2, 0.29000000000000004, 0.3799999999999999, 0.48, 0.2500000000000002]}