{"filename": "Speaker5_Africa_Male_1_16", "pitches": [132.36409306473132, 129.93904000609493, 127.09487953360949, 125.21788050033106, 123.73736918555207, 121.4978351377365, 119.0452299706888, 119.62842688268985, 124.63058007086205, 129.26163837889735, 131.8216128027706, 133.34008703120782, 134.13645486943247, 134.79539544434704, 135.10680391748042, 135.22037143772576, 135.1071634139075, 134.39089114183164, 132.96052524922547, 132.20251485010553, 132.07211242673455, 132.47750282270476, 133.15739505596244, 133.8608377449135, 134.03583061948265, 134.29702841657738, 134.00321823376015, 132.9799765031285, 131.90248395903348, 130.74240277205064, 130.10981314070062, 130.2463132523112, 136.7720043037458, 135.40526020759432, 136.13587527833675, 134.93542358225773, 135.21438070213054, 133.53814193934116, 131.1178030618242, 127.50867036889717, 124.07489027316664, 121.93699709711494, 119.0055427076774, 117.04390811776541, 116.24413648576385, 116.31706954102793, 116.624441847913, 116.69608217232492, 116.52334240639833, 115.3627923449853, 114.08153520985266, 113.47070925714783, 114.00236495876939, 114.9192976666908, 115.74785190749193, 116.79993005193816, 119.65411659168183, 120.25502258909057, 119.57966730432207, 118.92658250228416, 118.65650967989588, 117.84155695237267, 117.09688997554947, 116.59073963273089, 116.91470084369956, 117.78824500072699, 121.52482119153916, 119.6579812456106, 117.50000150419214, 115.12747350311611, 112.58143475856897, 110.98351862450406, 110.21388659234006, 109.75384555488894, 109.4785704208992, 109.57707863529784, 109.4235300919456, 108.57164085734729, 106.93921542235243, 105.85375961135325, 105.1361698186673, 104.70715120913022, 104.07441195539542, 103.47081501565499, 102.80080788154235, 106.40522259965458, 106.55582641895396, 107.57315209324565, 107.6062854058311, 106.62269525691553, 107.00507281073902, 107.48014214472926, 107.62834108847805, 107.24052724688163, 107.25794328582245, 107.71259679508131, 108.15796565376007, 108.36631840858641, 108.46336604423557, 106.77444144460895, 107.8943338374655, 107.54822325042296, 97.22588818276044, 94.16556231870233, 93.2462496728975, 93.14680966542348, 92.2579656472293, 102.12526582542012, 100.87077513051716, 101.37588136071761, 102.89577817712478, 105.89857541655294, 109.25876658649203, 111.21444007479916, 164.62183019202243, 166.0279797438016, 145.72404093246763, 145.97035018101622, 157.40205438259653, 166.12362440776684], "pitch_int": [0.28, 0.29, 0.3, 0.31, 0.32, 0.33, 0.34, 0.35, 0.36, 0.37, 0.38, 0.39, 0.4, 0.41, 0.42, 0.43, 0.44, 0.45, 0.46, 0.47, 0.48, 0.49, 0.5, 0.51, 0.52, 0.53, 0.54, 0.55, 0.56, 0.57, 0.58, 0.59, 0.63, 0.64, 0.65, 0.66, 0.69, 0.7, 0.71, 0.72, 0.73, 0.74, 0.75, 0.76, 0.77, 0.78, 0.79, 0.8, 0.81, 0.82, 0.83, 0.84, 0.85, 0.86, 0.87, 0.88, 0.89, 0.9, 0.91, 0.92, 0.93, 0.94, 0.95, 0.96, 0.97, 0.99, 1.09, 1.1, 1.11, 1.12, 1.13, 1.14, 1.15, 1.16, 1.17, 1.18, 1.19, 1.2, 1.21, 1.22, 1.23, 1.24, 1.25, 1.26, 1.27, 1.33, 1.34, 1.36, 1.4, 1.41, 1.42, 1.43, 1.44, 1.45, 1.46, 1.47, 1.48, 1.49, 1.5, 1.54, 1.58, 1.59, 1.67, 1.69, 1.75, 1.76, 1.77, 1.91, 1.92, 1.93, 1.94, 1.95, 1.96, 1.97, 2.04, 2.05, 2.14, 2.15, 2.21, 2.28], "audio_url": "/file_processing/data_out/audio/Speaker5_Africa_Male_1_16.wav", "textgrid_url": "/file_processing/data_out/textgrid/Speaker5_Africa_Male_1_16.TextGrid", "labels": ["#", "Pouvez-vous", "parler", "plus", "lentement", "s\u2019il", "vous#", "pla\u00eet?", "#"], "label_int": [0.25029, 0.36256, 0.35414999999999996, 0.18000000000000005, 0.3899999999999999, 0.18000000000000016, 0.1399999999999999, 0.23048999999999986, 0.24951000000000034]}