{"filename": "Speaker7_Russia_Female_2_19", "pitches": [199.0828345505647, 201.28796417641652, 199.03558579422563, 197.5299100643801, 196.93462393717016, 196.48697711326895, 196.1253094395826, 195.82129402996162, 195.27539502558483, 194.68124366271283, 194.3187152321595, 194.0161261190671, 194.14097157282356, 194.25943700238406, 194.2899224865802, 194.01091771254306, 193.37829702297694, 192.528587065672, 191.32824743105007, 190.09013217979918, 189.42147808473084, 190.7934689683657, 194.68434624311465, 200.50249595947835, 206.14100892917185, 209.4102521019241, 210.60232482831483, 210.92936214420484, 211.94031620970003, 214.0053427799859, 217.66136456794587, 220.66931871681226, 220.971620745709, 219.57907607889567, 217.65394883560998, 217.94786641712, 218.32734864007887, 217.45627320479585, 248.36140347402875, 247.03081220783278, 247.2168514907205, 248.26027963826948, 248.2824117305763, 248.87934288399944, 250.3596645844866, 253.21582809822792, 254.76551864737615, 254.92819982141577, 254.64190580256178, 252.8109333802152, 241.1096540449313, 217.8364118201356, 218.8888086791313, 253.27706649566187, 254.46061338168576, 255.41242951747063, 255.85978115708025, 256.0994807309871, 256.5170949322919, 257.71922702962524, 246.31293822718692, 275.03874476253986, 275.46420124818957, 274.37273232408876, 271.66998158489446, 267.79131582678167, 264.5533765861519, 253.02252813802525, 249.45216897595833, 249.30884943762393, 244.55316436014826, 238.50969353341443, 236.15054763854266, 222.80575089460706, 220.98315333840554, 218.24080957185026, 215.23493719236765, 212.12605263182897, 209.54649744203016, 207.93585388373086, 206.65277981385256, 205.6692486138666, 215.6908937646202, 174.24279865686992, 174.66385809554635, 174.47682270151745, 173.9089978312703, 174.18049005887215, 175.58452025332298, 178.20302982261995, 181.86037103757346, 187.91867895778734, 193.3962386010653, 195.87720525311838, 199.01735984555333, 204.66938935493584, 207.47922547310904, 173.22101560228984, 172.12639183209382, 172.47908453205227, 174.14536459721958], "pitch_int": [0.07, 0.1, 0.11, 0.12, 0.13, 0.14, 0.15, 0.16, 0.17, 0.18, 0.19, 0.2, 0.21, 0.22, 0.23, 0.24, 0.25, 0.26, 0.27, 0.28, 0.29, 0.3, 0.31, 0.32, 0.33, 0.34, 0.35, 0.36, 0.37, 0.38, 0.39, 0.4, 0.41, 0.42, 0.43, 0.44, 0.45, 0.46, 0.49, 0.5, 0.51, 0.52, 0.53, 0.54, 0.55, 0.56, 0.57, 0.58, 0.59, 0.6, 0.62, 0.64, 0.65, 0.68, 0.69, 0.7, 0.71, 0.72, 0.73, 0.74, 0.77, 0.8, 0.81, 0.82, 0.83, 0.84, 0.85, 0.92, 0.93, 0.94, 0.95, 0.96, 0.97, 1.07, 1.08, 1.09, 1.1, 1.11, 1.12, 1.13, 1.14, 1.15, 1.22, 1.25, 1.26, 1.27, 1.28, 1.29, 1.3, 1.31, 1.32, 1.33, 1.34, 1.35, 1.36, 1.37, 1.38, 1.49, 1.5, 1.51, 1.58], "audio_url": "/file_processing/data_out/audio/Speaker7_Russia_Female_2_19.wav", "textgrid_url": "/file_processing/data_out/textgrid/Speaker7_Russia_Female_2_19.TextGrid", "labels": ["#", "Je", "ne", "parle", "pas", "beaucoup", "fran\u00e7ais.", "#"], "label_int": [0.2508, 0.12319999999999998, 0.08000000000000002, 0.15999999999999998, 0.14, 0.20999999999999996, 0.42778000000000005, 0.24922]}