{"filename": "Speaker7_Russia_Female_1_12", "pitches": [211.80072434986837, 209.4222270822371, 208.03673326510705, 206.65730307379204, 205.67510241117415, 205.0283337963947, 204.6360275939337, 204.32971946017378, 204.1311648061241, 203.93153329604434, 203.19929999504777, 201.92502207085315, 200.80981586080884, 221.11286240642352, 224.08723348362997, 226.3575284083663, 228.60010909835498, 230.80723294479122, 233.32437678559134, 236.7037949854739, 241.2010336778638, 244.6958867425602, 247.7873811917169, 250.84016192796926, 253.81893296547403, 257.5476510213704, 258.98316270385743, 204.4618516782481, 205.01849183490722, 208.46409961802004, 208.47734181725318, 206.29094040404522, 206.376744877267, 204.13129907726443, 203.25827367136594, 200.97655006689, 198.9852851694313, 198.39968439691833, 198.59144317837405, 197.98139017047157, 196.57012133412607, 195.50879091954005, 194.29936248634147, 193.23241849415595, 192.7198645741223, 190.925332712961, 188.35896039587885, 198.46045315068557, 197.18099098477256, 195.54997665424725, 194.37258464938566, 192.6552840944856, 192.1903618594714, 192.17464491697442, 194.87437519399393, 220.0658491173144, 214.1181958170531, 210.3309662719617, 207.97982422001206, 205.81427294736727, 204.40832220035875, 203.73500058237082, 203.48962027207585, 203.5357887258143, 199.59226822499932, 196.36878948876515, 192.88450641019057, 191.12447776934818, 189.64339922656595, 187.99270363611996, 186.86546316602048, 186.3628279143148, 185.07367540621928, 183.10183097155044, 193.30516400621428, 172.99918169408843, 172.46407656363067, 171.01928991037977, 169.7435960292238, 167.66398558253297, 166.72301098257776, 165.81369480154464, 164.07821897579439, 160.50955939405873, 157.43349188883113, 156.3084612216449, 157.09292257258323, 160.14974409861793, 164.64882932903572, 172.5792845141258, 172.9757250872794, 172.6711828634905, 175.15465871547542, 167.78314820881803, 169.77383950891792, 169.26137389528742, 168.61466026168475, 167.14879521412882, 169.96158903746462, 169.44163939992674], "pitch_int": [0.31, 0.32, 0.33, 0.34, 0.35, 0.36, 0.37, 0.38, 0.39, 0.4, 0.41, 0.42, 0.43, 0.45, 0.46, 0.47, 0.48, 0.49, 0.5, 0.51, 0.52, 0.53, 0.54, 0.55, 0.56, 0.57, 0.58, 0.65, 0.66, 0.67, 0.68, 0.69, 0.89, 0.9, 0.91, 0.92, 0.93, 0.94, 0.95, 0.96, 0.97, 0.98, 0.99, 1.0, 1.01, 1.02, 1.03, 1.06, 1.07, 1.08, 1.09, 1.1, 1.11, 1.12, 1.13, 1.17, 1.18, 1.19, 1.2, 1.21, 1.22, 1.23, 1.24, 1.25, 1.3, 1.31, 1.32, 1.33, 1.34, 1.35, 1.36, 1.37, 1.38, 1.39, 1.44, 1.48, 1.49, 1.5, 1.51, 1.52, 1.53, 1.54, 1.55, 1.56, 1.57, 1.58, 1.59, 1.6, 1.61, 1.64, 1.65, 1.67, 1.68, 1.74, 1.75, 1.81, 1.82, 1.85, 1.86, 1.87], "audio_url": "/file_processing/data_out/audio/Speaker7_Russia_Female_1_12.wav", "textgrid_url": "/file_processing/data_out/textgrid/Speaker7_Russia_Female_1_12.TextGrid", "labels": ["#", "Paris,", "#", "c'est", "le", "c\u0153ur", "du", "pays.", "#"], "label_int": [0.25, 0.32999999999999996, 0.24, 0.1100000000000001, 0.09999999999999998, 0.30000000000000004, 0.06999999999999984, 0.22999999999999998, 0.25]}