{"filename": "Speaker9_France_Male_3_27", "pitches": [111.33163731222467, 111.31434655684322, 111.50502739259709, 111.96785269850501, 113.76191093676698, 114.94893139776127, 115.98105628541055, 117.47225647054941, 119.89633108577819, 121.75665076842054, 123.49485994527481, 124.95423376414733, 124.70500939939316, 123.22190526384165, 120.61802051527037, 117.63919426533528, 115.35932151280292, 113.1977984150521, 110.07572059382434, 107.68470039568766, 153.14857021671708, 153.7193204342624, 153.9844020964694, 154.59432016884054, 155.20337294943536, 155.2302809855352, 155.22832463355962, 154.5470371191819, 152.97521182364721, 150.46754472836943, 147.05669355976693, 147.17955905598942, 100.4294245625424, 98.36353771634958, 96.87059771493443, 95.11913592328055, 93.88447612885628, 93.13448495087967, 92.29985863736901, 94.88245314579271, 100.43925599110395, 100.30073992264383, 100.68119814579165, 102.3958569476396, 104.29067254358692, 105.21236846818711, 105.6371918657308, 105.73298955753195, 105.80045790443825, 105.5727778242847, 104.62779461633609, 103.44181061300367, 99.9362041049195, 96.74465056625499, 94.846331712628, 94.41581782082255, 95.85340328127587, 98.53450033705647, 111.3251624416308, 116.47735781484585, 115.30121232003748, 115.32290663137832, 116.1033070503043, 117.03995669156586, 118.43645704020119, 120.1152571870251, 121.72520526376826, 122.17026333169194, 122.34033909742735, 121.77645602926235, 121.9906889550401, 122.99305749433432, 123.40817341044271, 122.08454217925699, 118.56264113809905, 116.40039010899991, 114.1922563793531, 111.9140803711811, 109.78865865347481, 108.17197523270838, 103.79198278558928, 127.32632935974488, 127.58389376796858, 128.5230687342373, 129.28655302738338, 129.26640961918633, 128.2639973745384, 126.42264064865743, 124.25151053447624, 109.96742868226639, 108.47627639996284, 104.90351918681456, 101.68683718355895, 99.25831317231875, 97.53142552120588, 96.44759397018785, 95.51776590661527, 95.1857860607594, 95.47411304850459, 95.49799033717093, 95.1154963213394, 94.2829467391901, 93.16162154996371, 91.94759854825247, 90.71392938715663, 89.60764629661438, 88.37604426286546, 87.12681115904292, 100.52967529192463, 98.85999608064564, 97.77261132578548, 95.96938656395668, 94.92690232415083, 94.17023761164559, 93.25657769148472, 91.39779956057224, 91.48926924794443, 91.65960129435925, 91.63526571139181, 92.1203705537283, 33.230592318615194], "pitch_int": [0.25, 0.26, 0.27, 0.28, 0.29, 0.3, 0.31, 0.32, 0.33, 0.34, 0.35, 0.36, 0.37, 0.38, 0.39, 0.4, 0.41, 0.42, 0.43, 0.44, 0.53, 0.54, 0.55, 0.56, 0.57, 0.58, 0.59, 0.6, 0.61, 0.62, 0.63, 0.64, 0.75, 0.76, 0.77, 0.78, 0.79, 0.8, 0.81, 0.92, 0.95, 0.96, 0.97, 0.98, 0.99, 1.0, 1.01, 1.02, 1.03, 1.04, 1.05, 1.06, 1.07, 1.08, 1.09, 1.1, 1.11, 1.12, 1.14, 1.15, 1.16, 1.17, 1.18, 1.19, 1.2, 1.21, 1.22, 1.23, 1.24, 1.25, 1.26, 1.27, 1.28, 1.29, 1.3, 1.31, 1.32, 1.33, 1.34, 1.35, 1.37, 1.41, 1.42, 1.43, 1.44, 1.45, 1.46, 1.47, 1.48, 1.51, 1.52, 1.53, 1.54, 1.55, 1.56, 1.57, 1.58, 1.59, 1.6, 1.61, 1.62, 1.63, 1.64, 1.65, 1.66, 1.67, 1.68, 1.69, 1.83, 1.84, 1.85, 1.86, 1.87, 1.88, 1.89, 1.91, 1.92, 1.93, 1.94, 1.95, 2.16], "audio_url": "/file_processing/data_out/audio/Speaker9_France_Male_3_27.wav", "textgrid_url": "/file_processing/data_out/textgrid/Speaker9_France_Male_3_27.TextGrid", "labels": ["#", "Imagine", "si", "on", "pouvait", "voyager", "dans", "ce", "temps.", "#"], "label_int": [0.25, 0.38, 0.13, 0.050000000000000044, 0.27, 0.41999999999999993, 0.18999999999999995, 0.040000000000000036, 0.25161999999999995, 0.24937999999999994]}