{"filename": "Speaker8_France_Female_2_20", "pitches": [220.64065288425422, 219.91590716065127, 222.06747878751375, 223.73811342734768, 225.3375067152645, 225.84201394155994, 226.1077207233959, 224.91384091010346, 221.8699039996312, 214.26784363781331, 211.24523903061825, 214.44604408465705, 296.64301424768036, 299.87508484846825, 303.48618793555306, 306.56672434951645, 313.0845813176196, 322.60758316639914, 332.52816272491884, 338.35529120888816, 341.8535279484243, 339.64548458318853, 336.63754682564183, 335.5134233622007, 362.70787659261003, 359.12203966172, 355.9985090054894, 352.94110737040944, 348.1288822307073, 340.5115397694519, 332.4404013758651, 330.54472029148513, 323.6729328246617, 317.0862959901866, 315.92787378166565, 314.6613067302029, 312.8009790825397, 307.4345725322007, 287.92635905909395, 289.21161012998374, 290.48464427056774, 291.5701018765567, 292.2113188519914, 291.9044890886844, 291.1093498774967, 290.75547114331647, 290.75389596882866, 290.217761796544, 288.7856248017115, 285.7919530497693, 280.49983435846434, 273.43250460495995, 266.92122756741725, 331.2019232001826, 328.89574283049933, 327.5596957974535, 326.04873555102995, 324.69570249778906, 323.22409396758957, 322.90491040476513, 323.25834971026717, 323.3527288234422, 322.7620414683357, 320.444513592795, 315.3647027042243, 311.5761168375766, 306.6620029505533, 298.0219621455001, 216.16487476593284, 207.02766271498467, 205.1711898223656, 218.45614653369876, 219.46292684286277, 217.9725066955353, 219.589558250574, 221.6466732361011, 326.78082410482324, 322.35000825292843, 317.69787419721547, 315.70532890851086, 314.1997595567654, 312.1887824053906, 308.9595210446591, 303.179791747596, 273.25158403016246, 265.1572779035279, 249.71937633026448, 244.27730086727854, 238.93460834458583, 235.27715880857866, 229.99396687844182, 224.2867852743835, 183.15955520308142, 173.7648961826398, 171.38317351268051, 169.33606154868392, 165.9035679063182, 160.95333745360304, 156.88547074645288, 154.88292524851812, 152.55010235540547, 149.91933194366513, 146.53631510474304, 142.08659197825324], "pitch_int": [0.23, 0.24, 0.25, 0.26, 0.27, 0.28, 0.29, 0.3, 0.31, 0.32, 0.33, 0.34, 0.4, 0.41, 0.42, 0.43, 0.44, 0.45, 0.46, 0.47, 0.48, 0.49, 0.5, 0.51, 0.59, 0.6, 0.61, 0.62, 0.63, 0.64, 0.65, 0.66, 0.71, 0.72, 0.73, 0.74, 0.75, 0.76, 0.78, 0.79, 0.8, 0.81, 0.82, 0.83, 0.84, 0.85, 0.86, 0.87, 0.88, 0.89, 0.9, 0.91, 0.92, 1.03, 1.04, 1.05, 1.06, 1.07, 1.08, 1.09, 1.1, 1.11, 1.12, 1.13, 1.14, 1.15, 1.16, 1.17, 1.23, 1.24, 1.25, 1.28, 1.29, 1.3, 1.31, 1.32, 1.38, 1.39, 1.4, 1.41, 1.42, 1.43, 1.44, 1.45, 1.47, 1.48, 1.49, 1.5, 1.51, 1.52, 1.53, 1.54, 1.57, 1.58, 1.59, 1.6, 1.61, 1.62, 1.63, 1.64, 1.65, 1.66, 1.67, 1.68], "audio_url": "/file_processing/data_out/audio/Speaker8_France_Female_2_20.wav", "textgrid_url": "/file_processing/data_out/textgrid/Speaker8_France_Female_2_20.TextGrid", "labels": ["#", "Le", "centre", "commercial", "est", "tout", "#", "droit.", "#"], "label_int": [0.25, 0.06, 0.35000000000000003, 0.5399999999999999, 0.050000000000000044, 0.2381899999999999, 0.009360000000000035, 0.2529000000000001, 0.24954999999999994]}