{"filename": "Speaker5_Africa_Male_3_7", "pitches": [111.7864107935037, 110.67212339561777, 109.36097926984432, 108.1962743245991, 106.44876729351924, 105.68637178686492, 105.20996825389864, 104.6112820191546, 102.29697863304467, 101.02474107388574, 101.16224982174272, 103.74922166197975, 109.10540735640174, 109.33840882646082, 109.33955136555598, 109.25248370178828, 108.97223115535466, 108.02735283087479, 107.94869341450807, 117.62800875350672, 118.19965209785913, 119.01489915259165, 120.02374309503246, 122.41272536755585, 125.73364101761585, 128.45198197306192, 130.48279705388137, 131.98786032597005, 133.59770460226935, 134.6173941792423, 135.00084371134162, 134.31039755828874, 132.6011460518112, 129.45225005768035, 126.91378309805239, 130.14956876017726, 130.70883549615786, 130.24444837760257, 128.82007975032246, 127.61780910107501, 126.55302895364015, 126.35077596514878, 126.40757860865266, 126.96186525928371, 127.55061937737088, 128.50425036398838, 129.83373449984026, 131.14067988818698, 132.92090204409786, 135.28744287427082, 137.90759312796564, 141.68035863872203, 145.20096890608403, 149.20597505360269, 153.650239669723, 157.17020602891984, 161.4581648184706, 162.75463439049105, 161.8184381489452, 159.05533357809213, 154.02912200479318, 150.1703548523687, 149.87557493762557, 151.2384049405408, 154.3879614459049, 155.78589568767595, 156.3986154808197, 157.07073667571186, 159.56331747996765, 159.53363815936362, 157.9465401255888, 154.3823154608898, 150.6238255962429, 128.6156143315493, 128.3035187867638, 128.6244170005352, 128.84602929757887, 129.1532885790823, 129.39851826924692, 130.52764475749578, 131.61735922589673, 132.89652973116108, 133.33956001769454, 133.31059870627197, 132.85633457578183, 131.9300551935067, 129.9620117076174, 126.52504893411206, 124.13763050649999, 122.97561399342966, 121.41625229997202, 120.07524828998373, 122.23128803907858, 123.87952897468054, 124.38028009767993, 125.65533494692646, 125.2996183342486, 123.59204157349552, 122.02189517885512, 120.50121206231748, 119.27575102221559, 118.36943141924039, 117.49294853351114, 116.64860842721181, 115.00627049348373, 113.45359042501592, 112.5154271856705, 111.06814445496158, 109.68377160030612, 107.79363331213446, 106.07749497087192, 163.65531619561185, 177.95892981181203, 185.46884723234052], "pitch_int": [0.27, 0.28, 0.29, 0.3, 0.31, 0.32, 0.33, 0.34, 0.35, 0.36, 0.37, 0.38, 0.4, 0.41, 0.42, 0.43, 0.44, 0.45, 0.57, 0.62, 0.63, 0.64, 0.65, 0.66, 0.67, 0.68, 0.69, 0.7, 0.71, 0.72, 0.73, 0.74, 0.75, 0.76, 0.77, 0.78, 0.79, 0.8, 0.81, 0.82, 0.83, 0.84, 0.85, 0.86, 0.87, 0.88, 0.89, 0.9, 0.91, 0.92, 0.93, 0.94, 0.95, 0.96, 0.97, 0.98, 0.99, 1.0, 1.01, 1.02, 1.03, 1.07, 1.08, 1.09, 1.1, 1.11, 1.12, 1.13, 1.14, 1.15, 1.16, 1.17, 1.18, 1.21, 1.22, 1.23, 1.24, 1.25, 1.26, 1.27, 1.28, 1.29, 1.3, 1.31, 1.32, 1.33, 1.34, 1.35, 1.36, 1.37, 1.38, 1.39, 1.4, 1.41, 1.42, 1.43, 1.44, 1.45, 1.46, 1.47, 1.48, 1.49, 1.5, 1.51, 1.55, 1.56, 1.57, 1.58, 1.59, 1.6, 1.67, 1.77, 1.79, 1.8], "audio_url": "/file_processing/data_out/audio/Speaker5_Africa_Male_3_7.wav", "textgrid_url": "/file_processing/data_out/textgrid/Speaker5_Africa_Male_3_7.TextGrid", "labels": ["#", "Vous", "\u00eates", "#", "anglais", "#", "ou", "am\u00e9ricain?", "#"], "label_int": [0.25032, 0.15868, 0.14000000000000007, 0.04999999999999993, 0.44999999999999996, 0.16000000000000014, 0.1299999999999999, 0.49490999999999996, 0.24909000000000026]}