{"filename": "Speaker6_France_Female_3_29", "pitches": [220.4455432134435, 217.54363126397533, 213.59043975886382, 211.1507901005572, 209.20118140412035, 207.03316472173339, 204.63614923666313, 201.05315664382806, 197.74686246484015, 256.4578812652103, 249.01869815588213, 246.27978849177978, 244.77495160370054, 243.1878119014269, 241.61332190891048, 239.8110045162048, 237.71397973347248, 234.9414933112212, 231.92725743185744, 228.2135043907316, 224.49779125235423, 221.4677578382951, 217.8110154273673, 212.48655508334483, 207.2621253770981, 204.49259913873402, 202.62807478943392, 200.85793390670048, 199.49729379794533, 194.95509852872942, 189.534894708102, 187.39319700185217, 186.49246461429667, 185.2837024202827, 183.4240041534993, 182.2339737147687, 181.5889811155718, 252.2794972976326, 249.63498315829608, 248.93111502838275, 249.51098225023037, 250.15622153994084, 251.41744650755646, 252.43837595049274, 252.1960583499107, 249.88729114264547, 246.1313379096359, 254.08874734797428, 253.60016221160802, 247.60564869814345, 243.52980851464332, 241.52434069286744, 238.6701233550984, 235.82567092979218, 233.2282787106837, 206.47578179235538, 201.2180124673439, 195.12907105044542, 190.97485509125536, 188.2898824898603, 186.2432887497855, 185.50942499104417, 184.8278146053262, 183.76339026343825, 182.58744375619526, 180.5567730875086, 178.33155469262238, 176.52960126278253, 175.59153267679068, 177.09954333264994, 180.5918439099613, 184.62445430321551, 188.33470326230227, 188.3650722907001, 185.90582943606086, 183.01380952241226, 220.9155498359766, 205.98244498514566, 204.8446607931969, 203.80806928974698, 201.77617299429028, 202.03002179609132, 214.26630764122706, 212.93208071511611, 212.9832573684248, 214.4523554433723, 218.5746997594576, 224.62880643823132, 237.4960019075824, 246.79044631110372, 251.62416977615464, 216.9882820908502, 214.12848341123856, 213.95884924702585, 210.45836645830673, 212.300471935418], "pitch_int": [0.29, 0.3, 0.31, 0.32, 0.33, 0.34, 0.35, 0.36, 0.37, 0.43, 0.44, 0.45, 0.46, 0.47, 0.48, 0.49, 0.5, 0.51, 0.52, 0.53, 0.54, 0.55, 0.56, 0.57, 0.58, 0.59, 0.6, 0.61, 0.62, 0.7, 0.71, 0.72, 0.73, 0.74, 0.75, 0.76, 0.77, 0.83, 0.84, 0.85, 0.86, 0.87, 0.88, 0.89, 0.9, 0.91, 0.92, 0.95, 1.07, 1.08, 1.09, 1.1, 1.11, 1.12, 1.13, 1.16, 1.17, 1.18, 1.19, 1.2, 1.21, 1.22, 1.23, 1.24, 1.25, 1.26, 1.27, 1.28, 1.29, 1.3, 1.31, 1.32, 1.33, 1.34, 1.35, 1.36, 1.67, 1.69, 1.7, 1.71, 1.72, 1.73, 1.86, 1.87, 1.88, 1.89, 1.9, 1.91, 1.92, 1.93, 1.94, 1.98, 1.99, 2.0, 2.15, 2.16], "audio_url": "/file_processing/data_out/audio/Speaker6_France_Female_3_29.wav", "textgrid_url": "/file_processing/data_out/textgrid/Speaker6_France_Female_3_29.TextGrid", "labels": ["#", "Ce", "film", "\u00e9tait", "vraiment", "captivant,", "#", "tu", "ne", "trouves", "pas?", "#"], "label_int": [0.25, 0.10999999999999999, 0.22999999999999998, 0.17000000000000004, 0.16000000000000003, 0.42000000000000004, 0.07999999999999985, 0.08000000000000007, 0.030000000000000027, 0.22999999999999998, 0.21025000000000005, 0.24975000000000014]}