{"filename": "Speaker4_France_Male_2_9", "pitches": [236.1843559890562, 235.63904857320603, 234.96166341577916, 238.8098342451999, 105.4415091459799, 103.90263298926021, 103.1867827045238, 102.36237234088703, 101.93954391952792, 102.19232160014687, 102.98768493972574, 104.15693056758613, 105.60582654700778, 106.74065520808162, 107.32012649559007, 107.7752888216253, 108.05009497473517, 108.7480927990852, 109.98897913462724, 111.46278265236205, 113.60920968628464, 115.19179761798055, 116.60701758466621, 117.5690741330292, 119.85764123778729, 121.89156107746582, 123.18222598190174, 123.8692831190923, 124.46199930335695, 124.44131943075266, 123.75110335756476, 122.85854644362713, 121.90076879294102, 120.60980607451627, 119.25291864821972, 118.51710631885845, 119.06079673218109, 120.67148361686856, 121.61685454802013, 122.11109959206968, 121.77845428038536, 121.9190805682023, 124.09289157022553, 125.44130995974123, 126.44451385275302, 126.96979018904644, 128.25272572223798, 129.79580996527056, 132.25134181397576, 136.19212596370676, 140.2941111825852, 143.1880381737358, 145.51162310289467, 146.84881596640994, 147.0586785521865, 145.86619316448397, 144.18372163796883, 107.94973962981331, 107.3193291527258, 106.59645950103936, 104.95189716286554, 102.97506627363326, 100.31714546291596, 99.4804521366275, 100.69795787652123, 103.33020164041184, 105.60221783679114, 107.2594977737705, 108.67275974983697, 109.86159971904618, 111.19076878022113, 114.93391760486544, 117.5922756766807, 120.18752141534151, 123.84271559207787, 125.62768780126171, 127.32765844373681, 127.26304984661968, 125.63046332376962, 120.47475070855626, 121.40925016145391, 99.07659634410939, 98.19869165897346, 97.76486980115557, 96.3543405865127, 94.914931257799, 94.04954688347053, 94.25323033228145, 95.84155692140847, 97.4294632283254, 99.0407684721194, 100.61544355868799, 101.43333816738391, 107.53164101743894, 122.52908377560925, 136.23305461055395, 134.20899033226345, 132.6417670757905, 130.98066049231434, 128.63503240580272, 125.27465074143805, 122.47419698408889, 119.01067277684601, 125.02580173218284, 121.94531358437949, 119.77595499572064, 117.62268208944005, 116.20657789574395, 114.96357931538037, 113.93149395174616, 113.27093832089048, 113.05420760931386, 111.29572444983225, 114.25278706375965], "pitch_int": [0.08, 0.1, 0.14, 0.16, 0.46, 0.47, 0.48, 0.49, 0.5, 0.51, 0.52, 0.53, 0.54, 0.55, 0.56, 0.57, 0.58, 0.59, 0.6, 0.61, 0.62, 0.63, 0.64, 0.65, 0.66, 0.67, 0.68, 0.69, 0.7, 0.71, 0.72, 0.73, 0.74, 0.75, 0.76, 0.77, 0.78, 0.79, 0.8, 0.81, 0.82, 0.83, 0.84, 0.85, 0.86, 0.87, 0.88, 0.89, 0.9, 0.91, 0.92, 0.93, 0.94, 0.95, 0.96, 0.97, 0.98, 1.11, 1.12, 1.13, 1.14, 1.15, 1.16, 1.17, 1.18, 1.19, 1.2, 1.21, 1.22, 1.23, 1.24, 1.25, 1.26, 1.27, 1.28, 1.29, 1.3, 1.31, 1.32, 1.35, 1.47, 1.55, 1.56, 1.57, 1.58, 1.59, 1.6, 1.61, 1.62, 1.63, 1.64, 1.65, 1.66, 1.73, 1.74, 1.77, 1.78, 1.79, 1.8, 1.81, 1.82, 1.83, 1.84, 1.96, 1.97, 1.98, 1.99, 2.0, 2.01, 2.02, 2.03, 2.04, 2.05, 2.12], "audio_url": "/file_processing/data_out/audio/Speaker4_France_Male_2_9.wav", "textgrid_url": "/file_processing/data_out/textgrid/Speaker4_France_Male_2_9.TextGrid", "labels": ["#", "Je", "parle", "anglais,", "#", "grec", "#", "et", "un", "peu", "fran\u00e7ais.", "#"], "label_int": [0.25037, 0.12363000000000002, 0.25, 0.36, 0.08000000000000007, 0.3599999999999999, 0.1200000000000001, 0.030000000000000027, 0.10999999999999988, 0.15000000000000013, 0.45316, 0.24983999999999984]}