{"filename": "Speaker2_Spain_Male_2_4", "pitches": [32.9991255643449, 32.535504253761914, 150.86396513936253, 148.1067524646891, 145.79485866500517, 143.42861734779805, 140.88159333998033, 138.75658593698017, 137.93048355945623, 137.24165584843067, 136.5519198482768, 135.30655835545292, 132.69275426864186, 141.7448938811612, 141.58559526700842, 141.39098761904484, 128.15795477462524, 125.81132802035921, 123.75818013253806, 122.01797200012163, 119.07281730687465, 117.156533469176, 115.90798013306264, 114.6076012326013, 112.97409195533801, 111.30264973974892, 106.73424701585208, 105.71213410684463, 105.19300058008936, 104.31012422829602, 140.01999291238198, 140.07868698433273, 153.11137629946793, 196.14936409230688, 208.3299078280521, 207.56039577794726, 207.2403225331627, 208.76262980329506, 212.23469709278064, 212.78022988067048, 143.88699695066, 125.70475223074484, 124.05765044000765, 123.42914018072287, 122.56929573427057, 122.48402891318902, 121.88019734607069, 120.63062811897487, 119.9988564740415, 119.69284133957763, 119.50593341200245, 118.61393155005914, 117.65303417901168, 116.60746847400696, 114.1169703769896, 125.52529490004568, 124.7151615313068, 124.23722398920879, 123.40037888780995, 122.22303487655185, 120.04172648270321, 117.79657994447837, 116.60585006763216, 116.67739910027305, 116.10464125133875, 115.05025611782759, 113.12831364475574, 111.22997198317913, 110.09133492979498, 109.84666751819626, 109.89372944768014, 109.87665333531234, 110.07337595566301, 111.15292468712289, 113.9575455784798, 111.94415630750682, 110.85420968174724, 110.94089366358922, 111.08676694100104, 111.31913405405413, 111.73224018842345, 134.24429598880553, 129.93331201202008, 126.8472979795127, 126.03450566597155, 126.13570282073408, 126.56841426401981, 129.17830755347066, 131.5748021818586, 133.84891132023722, 136.02525058329476, 137.96761070130634, 135.64182051754946, 132.254089350094, 131.8684434498431, 124.88259661195488], "pitch_int": [0.13, 0.22, 0.37, 0.38, 0.39, 0.4, 0.41, 0.42, 0.43, 0.44, 0.45, 0.46, 0.47, 0.51, 0.52, 0.53, 0.56, 0.57, 0.58, 0.59, 0.6, 0.61, 0.62, 0.63, 0.64, 0.65, 0.72, 0.73, 0.74, 0.75, 0.87, 0.88, 0.89, 0.91, 0.92, 0.93, 0.94, 0.95, 0.96, 0.97, 1.12, 1.14, 1.15, 1.16, 1.17, 1.18, 1.19, 1.2, 1.21, 1.22, 1.23, 1.24, 1.25, 1.26, 1.27, 1.29, 1.3, 1.31, 1.32, 1.33, 1.34, 1.35, 1.39, 1.4, 1.41, 1.42, 1.43, 1.44, 1.45, 1.46, 1.47, 1.48, 1.49, 1.5, 1.52, 1.53, 1.54, 1.55, 1.56, 1.57, 1.58, 1.67, 1.68, 1.69, 1.7, 1.71, 1.72, 1.73, 1.74, 1.75, 1.76, 1.77, 1.87, 1.97, 2.0, 2.33], "audio_url": "/file_processing/data_out/audio/Speaker2_Spain_Male_2_4.wav", "textgrid_url": "/file_processing/data_out/textgrid/Speaker2_Spain_Male_2_4.TextGrid", "labels": ["#", "C'est", "elle,", "#", "la", "directrice?", "#"], "label_int": [0.25, 0.31999999999999995, 0.2300000000000001, 0.32000000000000006, 0.1399999999999999, 0.8391300000000002, 0.24987000000000004]}