{"filename": "Speaker7_Russia_Female_3_28", "pitches": [328.6015229278715, 314.6531071767592, 211.0809538015435, 209.27196804202822, 209.16156025557743, 209.25429028971018, 208.83855628952742, 207.20409470387395, 205.62843387917368, 202.96498485118337, 223.53142520395866, 221.0010074329611, 218.53678669276403, 216.46571335845363, 214.74636088869602, 213.38778806897972, 212.11983766609418, 210.45159501971426, 209.1610905151531, 213.34152551535658, 220.85310603087134, 224.1977355491215, 225.46028029940632, 225.62082721479723, 224.76422015466557, 223.55020632881548, 222.01286989105574, 219.2722897565571, 214.13306618785765, 212.2667390685711, 233.489150852249, 233.39992380882325, 232.8938589473924, 231.33487900439343, 227.04130467075046, 223.04558531765682, 241.29498023993114, 238.23546213885461, 235.76112316150952, 231.6187633760924, 225.32096027715505, 220.33511141612541, 214.19046257653088, 210.18041705394774, 211.75514462516662, 212.87040625109424, 212.78672471348716, 211.7771857133425, 209.91409900717576, 208.63894254804705, 208.01947253766565, 207.5564549151909, 206.87600984903332, 206.54295736447244, 207.78302604448854, 209.2445774183108, 210.0106909205594, 210.00945298796623, 209.10371960418684, 208.85891066815745, 208.80644304924786, 230.64652069458103, 228.75932195716015, 228.15816397792506, 228.306159794039, 230.55094029212526, 235.1036424358369, 242.30376853263658, 251.30418302818737, 259.3426435371561, 270.1815666031303, 305.9117090716053, 309.4330454800784, 314.02985018647985, 318.61063656794437, 228.18964922768131, 228.25682066355654, 208.5387996190732, 206.59703264953978, 205.2628387266162, 203.97287790448672, 201.92040478712596, 200.65760315583017, 201.19032776705384, 203.62806262215557, 203.14524490261047, 239.0381091493112, 236.49196805806258, 237.30071215233727, 239.32850834778088, 249.39386744078857, 302.40217014757604, 319.23845611902885, 324.808366405764, 329.95772259732513], "pitch_int": [0.16, 0.17, 0.25, 0.26, 0.27, 0.28, 0.29, 0.3, 0.31, 0.32, 0.39, 0.4, 0.41, 0.42, 0.43, 0.44, 0.45, 0.46, 0.47, 0.48, 0.49, 0.5, 0.51, 0.52, 0.53, 0.54, 0.55, 0.56, 0.57, 0.58, 0.67, 0.68, 0.69, 0.7, 0.71, 0.72, 0.77, 0.78, 0.79, 0.8, 0.81, 0.82, 0.83, 0.84, 0.88, 0.89, 0.9, 0.91, 0.92, 0.93, 0.94, 0.95, 0.96, 0.97, 0.98, 0.99, 1.0, 1.01, 1.02, 1.03, 1.04, 1.08, 1.09, 1.1, 1.11, 1.12, 1.13, 1.14, 1.15, 1.16, 1.17, 1.19, 1.2, 1.21, 1.22, 1.5, 1.51, 1.55, 1.56, 1.57, 1.58, 1.59, 1.6, 1.61, 1.63, 1.64, 1.68, 1.69, 1.7, 1.71, 1.72, 1.74, 1.75, 1.76, 1.77], "audio_url": "/file_processing/data_out/audio/Speaker7_Russia_Female_3_28.wav", "textgrid_url": "/file_processing/data_out/textgrid/Speaker7_Russia_Female_3_28.TextGrid", "labels": ["#", "On", "se", "retrouve", "\u00e0", "20", "heures,", "#", "d'accord?", "#"], "label_int": [0.25, 0.07, 0.13, 0.33, 0.06999999999999995, 0.2400000000000001, 0.17999999999999994, 0.25, 0.3218399999999999, 0.24916000000000027]}