{"filename": "Speaker9_France_Male_1_1", "pitches": [419.9267901322043, 393.02870525729844, 364.09334936154926, 335.20785710107106, 117.492059107682, 114.90752528384178, 112.77346952765897, 110.23114812552552, 108.399665316555, 99.38241525009354, 98.10692779273896, 96.22011690440593, 94.33744764364565, 92.1251394647051, 126.42654991493664, 125.35501017264326, 126.04806488307841, 126.42831880578055, 127.57836121771399, 128.52868290446355, 129.54156884496743, 130.84046728164432, 132.3913740303462, 134.34427592646315, 135.67161124344528, 136.2584378380895, 135.29220753652643, 132.8137149501813, 129.55811963674796, 125.28394839887306, 121.55795547672062, 117.63669886189419, 113.43864000410152, 106.21890043637032, 105.00902363819401, 102.15798571208367, 99.61786549991031, 96.85289771360976, 94.61041676211815, 92.72818361586434, 91.2733087174584, 89.79208715465884, 88.31306392936881, 87.67260302515464, 96.56595871622919, 97.7876353746143, 98.39930449188131, 99.79403615653725, 102.99560522244212, 106.47733693528772, 108.12790116111498, 109.43980957966856, 110.84945713751148, 112.27217479719562, 113.23482836108417, 113.21867918284553, 112.38538199986165, 111.55465452363097, 111.91339832875025, 114.81480351264952, 116.05914061729288, 115.68946463134813, 114.10895828259675, 111.20208191151161, 108.17959222954923, 106.05708704665803, 103.6657841199016, 101.92175164876784, 99.26624283489653, 95.86608542560009, 93.93132807354516, 92.94089902199802, 92.53454420976445, 92.49397600714232, 92.00226386256978, 97.10269014029734, 102.22916878007646, 101.45415024521958, 100.73022837592733, 99.38094929591404, 98.19656984865549, 97.02383511999629, 109.19552795176432, 89.67005581778606, 88.45161432731186, 87.62950604406093, 86.83136116466302, 85.80450272483642, 84.81921503430775, 84.23479724173971, 84.45432070660985, 84.42966523358388, 84.17192657706947, 84.25211278898271, 83.90203959053169, 83.79045063299299, 84.08707780816023, 85.64107202757432, 86.89527731140481, 87.24413029142053, 87.83262111745282, 88.64945140060101, 88.60713160084707, 87.93380352611557], "pitch_int": [0.3, 0.31, 0.32, 0.33, 0.49, 0.5, 0.51, 0.52, 0.53, 0.7, 0.71, 0.72, 0.73, 0.74, 0.92, 0.93, 0.94, 0.95, 0.96, 0.97, 0.98, 0.99, 1.0, 1.01, 1.02, 1.03, 1.04, 1.05, 1.06, 1.07, 1.08, 1.09, 1.1, 1.17, 1.18, 1.19, 1.2, 1.21, 1.22, 1.23, 1.24, 1.25, 1.26, 1.27, 1.29, 1.3, 1.31, 1.32, 1.33, 1.34, 1.35, 1.36, 1.37, 1.38, 1.39, 1.4, 1.41, 1.42, 1.43, 1.44, 1.45, 1.46, 1.47, 1.48, 1.49, 1.5, 1.51, 1.52, 1.53, 1.54, 1.55, 1.56, 1.57, 1.58, 1.59, 1.67, 1.74, 1.75, 1.76, 1.77, 1.78, 1.79, 1.91, 1.94, 1.95, 1.96, 1.97, 1.98, 1.99, 2.0, 2.01, 2.02, 2.03, 2.04, 2.05, 2.06, 2.07, 2.08, 2.09, 2.1, 2.11, 2.12, 2.13, 2.14], "audio_url": "/file_processing/data_out/audio/Speaker9_France_Male_1_1.wav", "textgrid_url": "/file_processing/data_out/textgrid/Speaker9_France_Male_1_1.TextGrid", "labels": ["#", "Je", "suis", "fran\u00e7ais", "et", "je", "viens", "de", "la", "Bretagne.", "#"], "label_int": [0.25, 0.09000000000000002, 0.2, 0.43999999999999995, 0.13000000000000012, 0.11999999999999988, 0.21999999999999997, 0.06000000000000005, 0.10000000000000009, 0.5671699999999997, 0.24983000000000022]}