{"filename": "Speaker6_France_Female_2_24", "pitches": [223.73242125552653, 222.61604509066802, 221.32745610963664, 219.20306476140252, 217.082348306099, 213.3583473007929, 208.8941515253589, 206.92203703493036, 205.56332453757824, 204.9930076754913, 205.69347234184107, 229.82282956628814, 229.2120550960223, 228.56680424218615, 226.19809932326535, 220.39999132070972, 214.9019846606342, 212.30430411021828, 255.29371572730298, 250.0271459077389, 248.6109948513416, 247.50921325055398, 245.83024917198784, 244.2414318694193, 242.69440926144517, 241.7778313377675, 240.97492701370598, 240.25408978844587, 239.0994968535274, 237.704691827508, 236.51463228095918, 235.00626513877774, 234.09505239394332, 232.56327414059686, 229.53512158095714, 235.84932261905152, 232.56832050548255, 235.8909875120726, 233.39240547939679, 192.6291294482475, 188.38666562494643, 185.04967797025137, 181.49573207188348, 178.99066118988128, 177.07466280897634, 175.36949580758292, 174.44234509322757, 174.42193640397653, 174.9867614326338, 176.056476314725, 177.40653328136767, 179.2224975338152, 182.14449573215234, 182.61142569122876, 239.9002649307366, 239.58250547790504, 238.02550821697508, 235.68309034902137, 288.8510762631859, 281.54805965036195, 278.9464090030778, 277.13573423884213, 275.58243787219305, 273.7513863532455, 270.70482983607997, 266.6000963475011, 262.33563563169633, 236.9051920409599, 229.27620605312097, 225.78952225613332, 225.74429565009933, 228.1017780459806, 230.37217161026106, 233.44326272815914, 235.91410034726823, 237.80394782289957, 239.220337208047, 239.29898598297657, 237.86787542712966, 235.53884028115877, 233.2547539082464, 241.5642818002263, 241.9966918653195, 239.12508285515105, 237.32784808465453, 237.58336187056216, 238.37724755998, 220.98725758086118, 205.67379397643327, 203.6011298534713, 201.75462746691488, 198.96201383271938, 196.1121522912839, 194.28039818005522, 202.93870240543797, 199.03974700484423, 196.95099585646636, 194.58365574429484, 191.12664589827784, 188.057066602097, 186.6671029588734, 186.21850583930927, 186.2862095597888, 186.65928928947127, 186.6646326072344, 183.21210613552063, 177.82863893947967, 174.23802367682785, 171.53868277570464, 169.39142356055154, 167.53028276407517, 167.60014210006386, 170.86390137022394, 179.16461443850193, 182.91646360729595, 183.50479063798724, 183.42850807587104, 185.1417492413877, 184.0040112068472, 184.63964891859894, 177.00620455480907], "pitch_int": [0.35, 0.36, 0.37, 0.38, 0.39, 0.4, 0.41, 0.42, 0.43, 0.44, 0.45, 0.5, 0.51, 0.52, 0.53, 0.54, 0.55, 0.56, 0.63, 0.64, 0.65, 0.66, 0.67, 0.68, 0.69, 0.7, 0.71, 0.72, 0.73, 0.74, 0.75, 0.76, 0.77, 0.78, 0.79, 0.82, 0.83, 0.9, 0.91, 0.98, 0.99, 1.0, 1.01, 1.02, 1.03, 1.04, 1.05, 1.06, 1.07, 1.08, 1.09, 1.1, 1.11, 1.12, 1.65, 1.66, 1.67, 1.68, 1.83, 1.84, 1.85, 1.86, 1.87, 1.88, 1.89, 1.9, 1.91, 1.93, 1.94, 1.95, 1.96, 1.97, 1.98, 1.99, 2.0, 2.01, 2.02, 2.03, 2.04, 2.05, 2.06, 2.09, 2.1, 2.12, 2.17, 2.18, 2.19, 2.24, 2.26, 2.27, 2.28, 2.29, 2.3, 2.31, 2.46, 2.47, 2.48, 2.49, 2.5, 2.51, 2.52, 2.53, 2.54, 2.55, 2.56, 2.57, 2.58, 2.59, 2.6, 2.61, 2.62, 2.63, 2.64, 2.65, 2.66, 2.67, 2.68, 2.69, 2.7, 2.71, 2.74], "audio_url": "/file_processing/data_out/audio/Speaker6_France_Female_2_24.wav", "textgrid_url": "/file_processing/data_out/textgrid/Speaker6_France_Female_2_24.TextGrid", "labels": ["#", "Je", "ne", "peux", "pas", "y", "croire,", "#", "c'est", "trop", "beau", "pour", "\u00eatre", "vrai.", "#"], "label_int": [0.25094, 0.13306, 0.03999999999999998, 0.12000000000000005, 0.20999999999999996, 0.050000000000000044, 0.48, 0.27512000000000003, 0.12937999999999983, 0.23550000000000004, 0.1499999999999999, 0.20000000000000018, 0.2599999999999998, 0.1580600000000003, 0.24994000000000005]}