{"filename": "Speaker8_France_Female_1_12", "pitches": [329.1506244996716, 329.6554379824508, 327.6002491459047, 325.9251176468277, 325.5238619986586, 323.2714662534189, 318.2288659283677, 312.2274689534532, 306.92697712011307, 306.61881569335725, 319.47157335404927, 321.2332517736735, 323.5412741328432, 312.88783120321244, 311.02367203719893, 309.6875326901045, 305.3536056243801, 300.24972995900185, 298.59781038237776, 262.6570207730534, 258.7723134516069, 258.7087110487064, 258.71196397360217, 258.2224846734366, 256.7430888695487, 258.04253273036863, 278.70854644609716, 287.545259833213, 292.3445217801683, 296.2194158443283, 300.27352340504643, 304.4517880658845, 309.04829981100977, 313.48453021780017, 318.22986598322706, 322.81271574121524, 328.42594229799806, 334.68379124971966, 345.33766498236764, 352.4781543212755, 357.363574030809, 360.62520913448145, 363.6496136063313, 364.5423958937727, 362.75539533495254, 356.2484891167618, 350.30686837981335, 344.68754613162764, 338.33268717060946, 330.89494525541375, 320.63607248509595, 310.48456289879925, 297.22262515670445, 269.2128391444811, 268.18012708337795, 268.90947433515083, 269.19434128703267, 268.8076478148503, 267.4377782658808, 264.98138537345636, 262.0838497607036, 260.43981609424145, 264.1440519037167, 267.6959763056588, 270.31497726687337, 273.4468382341469, 275.943628732736, 277.5268642149565, 277.64824485060404, 276.88194474556553, 275.4875914505413, 273.6595628766022, 269.9349647749132, 264.6592345309434, 261.39518480062264, 255.72503381486223, 288.2205770852184, 287.11861837574656, 286.2320999454222, 284.70508905232526, 282.6172759159456, 277.66918532037005, 276.07293684696253, 276.45784439942935, 276.567063711318, 275.6201377815213, 274.877279144609, 273.6295020079861, 273.0516321146432, 274.12929272369604, 274.13741569008397, 274.16611319636013, 274.69743149058155, 275.0151130529451, 274.16623839912177, 271.7138993991515, 266.7673791289411, 262.1745429005368, 132.470206522762, 129.74884996518125, 125.40493153857001, 123.45487296456176], "pitch_int": [0.34, 0.35, 0.36, 0.37, 0.38, 0.39, 0.4, 0.41, 0.42, 0.43, 0.45, 0.46, 0.51, 0.53, 0.54, 0.55, 0.56, 0.57, 0.58, 0.6, 0.61, 0.62, 0.63, 0.64, 0.65, 0.66, 0.68, 0.69, 0.7, 0.71, 0.72, 0.73, 0.74, 0.75, 0.76, 0.77, 0.78, 0.79, 0.8, 0.81, 0.82, 0.83, 0.84, 0.85, 0.86, 0.87, 0.88, 0.89, 0.9, 0.91, 0.92, 0.93, 0.94, 1.07, 1.08, 1.09, 1.1, 1.11, 1.12, 1.13, 1.14, 1.15, 1.16, 1.17, 1.18, 1.19, 1.2, 1.21, 1.22, 1.23, 1.24, 1.25, 1.26, 1.27, 1.28, 1.29, 1.35, 1.36, 1.37, 1.38, 1.39, 1.4, 1.41, 1.42, 1.43, 1.44, 1.45, 1.46, 1.47, 1.48, 1.49, 1.5, 1.51, 1.52, 1.53, 1.54, 1.55, 1.56, 1.72, 1.73, 1.74, 1.75], "audio_url": "/file_processing/data_out/audio/Speaker8_France_Female_1_12.wav", "textgrid_url": "/file_processing/data_out/textgrid/Speaker8_France_Female_1_12.TextGrid", "labels": ["#", "Si", "tu", "viens,", "nous", "#", "pourrons", "commencer.", "#"], "label_int": [0.25074, 0.16825999999999997, 0.16999999999999998, 0.25, 0.12, 0.06999999999999995, 0.25, 0.48, 0.25]}