{"filename": "Speaker7_Russia_Female_2_7", "pitches": [208.52643824027638, 206.00690417274433, 205.44205613784, 205.67232750798178, 207.2869066890037, 208.34212768103998, 210.01956227721047, 210.08489715586796, 208.92285639041845, 220.1305364852455, 221.38783297922248, 220.66448539183116, 217.81227088128662, 213.0926812652268, 209.41811041961444, 208.22599794520642, 208.15935616151887, 208.98748086751655, 209.9690167147959, 210.54629024977035, 212.04580550768463, 214.43214991960303, 216.73629982026821, 217.7667999322735, 217.79696712464442, 216.58616292450174, 214.88437119026366, 213.91038441884336, 213.40193428079192, 212.8582491167738, 211.89831007672876, 211.93498911937834, 212.02159132729076, 210.7080446571557, 208.89838137146714, 207.33501891022755, 208.48091880277153, 211.4568294459433, 216.31409668844938, 222.1811086379387, 227.20429985242907, 237.62948981959886, 245.45711184852127, 254.0067399123339, 260.5425532764834, 270.7178040957085, 278.0762483797549, 287.190664697871, 295.6282216961382, 303.7021386740391, 309.2642633062185, 318.2243635178186, 326.3612601341031, 331.4483589782086, 339.10720192680515, 345.82439353126733, 346.66304035529544, 342.9634227822405, 336.05793673403207, 329.68516547983916, 321.38062930220804, 315.70389966580245, 299.9829119527704, 295.53522105867495, 295.76409245466766, 294.8244335123837, 293.5131616993721, 288.9980367375404, 278.19582263259576, 273.3614775840689, 270.2672124468322, 265.1543052897388, 257.0237023063348, 249.66284373101098, 239.51320286752147, 237.15821483291523, 236.78592272690423, 238.36339080825152, 240.0139882572056, 241.1265689018544, 240.7975087206314, 238.1843110716195, 234.55074487602258, 220.39373329257188, 214.81062142337692, 212.10823640724504, 208.6508407769058, 187.8975541726292, 183.80621870029404, 180.9784913942238, 179.53687030708468, 178.31422180720136, 177.0990419102966, 175.71487934181727, 175.73748954468772, 178.58517618901956, 181.36392029658225, 185.7458850068208, 190.27557954879546, 193.474740206355, 195.17107405996518, 196.17269970822989, 197.45675602763043, 199.50558435110227, 199.9297892592527, 191.0911251849592, 193.64619006551573, 176.38832724549832, 176.8633853979792, 197.72806098741904, 194.15403798103384], "pitch_int": [0.26, 0.27, 0.28, 0.29, 0.3, 0.31, 0.32, 0.33, 0.34, 0.38, 0.39, 0.4, 0.41, 0.42, 0.43, 0.44, 0.45, 0.46, 0.47, 0.48, 0.49, 0.5, 0.51, 0.52, 0.53, 0.54, 0.55, 0.56, 0.57, 0.58, 0.59, 0.6, 0.61, 0.62, 0.63, 0.64, 0.65, 0.66, 0.67, 0.68, 0.69, 0.7, 0.71, 0.72, 0.73, 0.74, 0.75, 0.76, 0.77, 0.78, 0.79, 0.8, 0.81, 0.82, 0.83, 0.84, 0.85, 0.86, 0.87, 0.88, 0.89, 0.9, 0.91, 0.92, 0.93, 0.94, 0.95, 0.96, 0.97, 0.98, 0.99, 1.0, 1.01, 1.02, 1.03, 1.04, 1.05, 1.06, 1.07, 1.08, 1.09, 1.1, 1.11, 1.19, 1.2, 1.21, 1.22, 1.24, 1.25, 1.26, 1.27, 1.28, 1.29, 1.3, 1.31, 1.32, 1.33, 1.34, 1.35, 1.36, 1.37, 1.38, 1.39, 1.4, 1.41, 1.54, 1.55, 1.59, 1.6, 1.64, 1.65], "audio_url": "/file_processing/data_out/audio/Speaker7_Russia_Female_2_7.wav", "textgrid_url": "/file_processing/data_out/textgrid/Speaker7_Russia_Female_2_7.TextGrid", "labels": ["#", "Vous", "\u00eates", "anglais", "ou", "am\u00e9ricain?", "#"], "label_int": [0.25, 0.14, 0.13, 0.22999999999999998, 0.08655000000000002, 0.6084999999999999, 0.24995000000000012]}