{"filename": "Speaker4_France_Male_1_28", "pitches": [111.9545686486114, 110.2269221990149, 108.32522169422896, 106.22664923343392, 147.05527842472483, 145.1602110783799, 143.9609774096097, 143.54510711331844, 143.3067397498874, 142.97211171759741, 140.94486721298517, 138.10927725271375, 137.80887395786922, 140.26012350564056, 143.42577763202365, 144.6663088087153, 146.42177344420324, 148.07421532529264, 149.47534019309646, 150.41568348984234, 150.4821358414751, 150.37978182992234, 150.91488810341076, 151.86169923388047, 153.0749738100357, 153.1582216418878, 151.54719351547303, 149.36197243838, 147.56339031749906, 147.66333512818366, 154.3093140448818, 152.32943041550755, 149.63492427596412, 147.57555671441835, 147.4559367430458, 148.84326548350447, 147.9525116461534, 146.816144461257, 148.5171921640882, 146.44426223989572, 121.08976839670393, 106.40202158766766, 98.05582250940185, 97.51922477090235, 96.94347568304381, 96.38967661516446, 96.34043607105289, 96.57897800864228, 97.25913404992441, 97.88955632370448, 98.63759401314091, 99.82592042634485, 102.1544280874567, 104.8017466436312, 106.99813951622623, 109.58108036053325, 113.46433553069254, 116.79211369075605, 118.80404183555201, 121.18440560902707, 123.06108144049543, 126.94803786428656, 131.4278448806784, 134.17814407905217, 135.06871871034448, 135.67941483239142, 135.6936905573205, 135.56509995892964, 135.54107199787205, 134.95698429168039, 133.03060949101587, 132.7844412061493, 133.8095085024992, 132.178610844509, 131.72419576288834, 140.8053992016375, 137.2717990713473, 136.10507720902393, 121.30391983828395, 114.13366789626993, 111.81642497213772, 109.60257220268659, 134.58890493617736, 127.8067796448611, 123.86828204623535, 121.60696034702914, 119.63277801646342, 117.70398233922471, 115.55703590660757, 112.94973295587836, 109.89271477001809, 104.6945679476803, 103.5743092772507, 101.89366599235798, 99.3902918121569, 97.426640353795, 95.46350227280932, 93.79493402218314, 93.04751756561332, 93.00382707439053, 93.0645209001164, 93.05641979718594, 92.8819663475964, 188.60972040166192, 206.82548316173867, 96.50821697631432, 95.3505765274045, 93.34312301927153, 95.78652649322862, 115.47073788369349, 116.6503156051722, 117.98846408598224, 121.25318911449335, 125.75948032955948, 128.31013700191968, 132.20307890025657, 134.97699957243026], "pitch_int": [0.31, 0.32, 0.33, 0.34, 0.49, 0.5, 0.51, 0.52, 0.53, 0.54, 0.55, 0.56, 0.57, 0.58, 0.59, 0.6, 0.61, 0.62, 0.63, 0.64, 0.65, 0.66, 0.67, 0.68, 0.69, 0.7, 0.71, 0.72, 0.73, 0.74, 0.76, 0.77, 0.78, 0.79, 0.8, 0.81, 0.82, 0.83, 0.93, 0.94, 1.0, 1.01, 1.02, 1.03, 1.04, 1.05, 1.06, 1.07, 1.08, 1.09, 1.1, 1.11, 1.12, 1.13, 1.14, 1.15, 1.16, 1.17, 1.18, 1.19, 1.2, 1.21, 1.22, 1.23, 1.24, 1.25, 1.26, 1.27, 1.28, 1.29, 1.3, 1.34, 1.35, 1.36, 1.37, 1.4, 1.41, 1.42, 1.44, 1.45, 1.46, 1.47, 1.58, 1.65, 1.66, 1.67, 1.68, 1.69, 1.7, 1.71, 1.72, 1.76, 1.77, 1.78, 1.79, 1.8, 1.81, 1.82, 1.83, 1.84, 1.85, 1.86, 1.87, 1.93, 1.94, 2.14, 2.15, 2.16, 2.24, 2.33, 2.34, 2.35, 2.36, 2.37, 2.38, 2.39, 2.4], "audio_url": "/file_processing/data_out/audio/Speaker4_France_Male_1_28.wav", "textgrid_url": "/file_processing/data_out/textgrid/Speaker4_France_Male_1_28.TextGrid", "labels": ["#", "Ce", "film", "#", "\u00e9tait", "vraiment", "captivant,", "tu", "ne", "trouves", "pas?", "#"], "label_int": [0.25, 0.12, 0.33999999999999997, 0.13, 0.22000000000000008, 0.25, 0.56, 0.11999999999999988, 0.030000000000000027, 0.20000000000000018, 0.2152999999999996, 0.24970000000000026]}