{"filename": "Speaker7_Russia_Female_2_23", "pitches": [196.61992135232882, 195.28410299000763, 194.1548602207536, 192.54442894056623, 190.75094191335666, 188.55156331800532, 238.5504614859605, 238.69016755806672, 240.1132993200413, 240.61363773236837, 240.40919356763683, 239.13582489927492, 236.0582141646898, 233.84326294725074, 222.67755737895823, 227.30729201473193, 229.97251049269744, 233.67372646898866, 240.96339590113504, 245.3260756192793, 246.9936256668214, 246.6773565451442, 243.77607068250964, 261.70812613687906, 262.0656508117843, 261.52520726238146, 260.7082856106916, 258.05917711226596, 252.16325538200496, 245.84538569904305, 255.77101062011192, 255.09110285329626, 253.91651036774246, 252.28038380823673, 249.71879788355182, 247.3933526621803, 245.03131640748006, 241.2758259511338, 238.46887626875852, 234.46048713578588, 228.90847356848028, 227.6628697423788, 229.22776689444817, 229.96142704261808, 229.72277731477348, 229.2769607374294, 229.11325374742512, 229.30833753162315, 228.5578345949489, 226.0887933609618, 223.7588092365439, 220.60867166864895, 228.2377788495276, 226.87735797793252, 226.7843706683172, 223.4513489913075, 195.0420561135959, 193.92804007002889, 192.37211109876654, 191.46971557328928, 192.2670182500534, 194.65893739796854, 191.13465276938751, 188.88744893193154, 186.5330635075151, 183.88487775850862, 182.17578274502858, 173.11975286057358, 174.49130120969062, 174.4673986674101, 174.11196023799963, 173.56758574032878, 173.25600266465898, 172.13665216891602, 170.26504755866657, 167.60962035863045, 167.5269362194821, 173.5234596504151, 179.4125320699976, 180.65549962046526, 178.94655425741593, 177.2714643795655, 173.6124345414783, 170.7604525973494, 169.19092383538293, 169.09531080366958, 169.62651994904445, 169.7096859317565, 167.94793391470103, 171.04878702593288, 171.14775923834094, 171.59632970113663, 172.16431958742493, 173.04131924123504, 174.05982157743313, 174.76580012068695, 175.66650846497782, 176.65211335301493, 172.05596387130367, 173.07855805031838, 173.03637409284897, 172.34276071881763, 171.43131645539157, 173.26751299300412, 174.413666593624, 167.03047033664407, 172.48537512529535, 174.20351062685242, 174.10249420150964, 173.67061238184436, 173.5300093302371, 174.27310124595795, 175.6333180286755], "pitch_int": [0.3, 0.31, 0.32, 0.33, 0.34, 0.35, 0.43, 0.44, 0.45, 0.46, 0.47, 0.48, 0.49, 0.56, 0.65, 0.66, 0.67, 0.68, 0.69, 0.7, 0.71, 0.72, 0.73, 0.82, 0.83, 0.84, 0.85, 0.86, 0.87, 0.88, 0.97, 0.98, 0.99, 1.0, 1.01, 1.02, 1.03, 1.04, 1.05, 1.06, 1.07, 1.08, 1.09, 1.1, 1.11, 1.12, 1.13, 1.14, 1.15, 1.16, 1.17, 1.18, 1.19, 1.2, 1.21, 1.22, 1.24, 1.25, 1.26, 1.27, 1.28, 1.38, 1.39, 1.4, 1.41, 1.42, 1.43, 1.53, 1.54, 1.55, 1.56, 1.57, 1.58, 1.59, 1.6, 1.61, 1.62, 1.63, 1.64, 1.65, 1.66, 1.67, 1.68, 1.69, 1.7, 1.71, 1.72, 1.73, 1.87, 1.89, 1.9, 1.91, 1.92, 1.93, 1.94, 1.95, 1.96, 1.97, 2.0, 2.01, 2.02, 2.03, 2.04, 2.06, 2.07, 2.09, 2.14, 2.15, 2.16, 2.17, 2.18, 2.19, 2.2], "audio_url": "/file_processing/data_out/audio/Speaker7_Russia_Female_2_23.wav", "textgrid_url": "/file_processing/data_out/textgrid/Speaker7_Russia_Female_2_23.TextGrid", "labels": ["#", "Je", "suis", "#", "impressionn\u00e9e", "par", "ta", "progression.", "#"], "label_int": [0.25, 0.08000000000000002, 0.18, 0.12, 0.5399999999999999, 0.15000000000000013, 0.10999999999999988, 0.55681, 0.24919000000000024]}