{"filename": "Speaker8_France_Female_3_13", "pitches": [1782.9063740603606, 1789.4270361306171, 350.0936121332958, 351.6429698289487, 356.1356120131466, 358.8331884492086, 360.0753053871147, 364.4688451736627, 364.6765696771133, 351.96899023131687, 339.75832853478084, 344.97085835782957, 353.1844895555887, 352.8967287566496, 303.49676427658784, 303.2553231062888, 302.38893335831943, 300.94232820573416, 297.019731681028, 293.57114349864725, 270.3195590407468, 259.1653196537182, 250.8314338736812, 245.4815367111972, 238.42816877779586, 235.110328525457, 233.7480479470926, 235.02468371821269, 243.19957357782042, 251.55801177014052, 257.0906638880755, 259.2809569989543, 260.31548171218174, 260.8580030076227, 261.66833488180816, 264.8012131500284, 269.8009338765072, 274.97148793183794, 283.45656155281006, 290.54833307527554, 297.3896533810837, 303.8910033655467, 311.62753016139783, 319.8012568329686, 324.8495951728858, 326.7517738865484, 326.78304986788373, 325.4334192222982, 322.4479207904392, 314.8089066222174, 307.5779074085152, 296.3277336786213, 290.8413299234997, 279.8309371461516, 273.3017593224663, 266.5617143603572, 260.3533997551801, 241.38520797782297, 247.21498645648526, 247.28554435611753, 273.1601968812827, 268.9434549299779, 267.82632397782885, 268.05106827270396, 267.2147748549031, 264.6829051691214, 262.1196197144003, 259.50927219995344, 260.2805382399084, 266.5187273099699, 269.5833447784816, 272.13527352946727, 273.9094346189871, 275.140038051362, 275.0820129421522, 273.87655098007264, 271.5609340081827, 267.70012201518335, 262.1302155550861, 258.70436830361814, 254.4108579808689, 243.53812714537492, 264.05584104254365, 264.4939275566478, 263.5882283894444, 262.3523820652347, 260.38685426744775, 258.6493222829754, 257.6451177211119, 257.37888900244036, 256.3591244641794, 254.97088119926167, 254.29668715746175, 253.87763838348803, 255.25973331775558, 255.250414157522, 254.47981715735423, 253.38795808179216, 252.43335354622815, 250.6048113549852, 247.3924429347352, 242.36247154914128, 239.69754484878567, 243.7495283860788, 241.07790695180714, 127.16521314005817, 124.68839896911787, 122.12526221054203, 119.75031386552052, 117.96792004204491, 115.51845033385976], "pitch_int": [0.11, 0.12, 0.34, 0.35, 0.36, 0.37, 0.38, 0.39, 0.4, 0.42, 0.43, 0.44, 0.45, 0.46, 0.52, 0.53, 0.54, 0.55, 0.56, 0.57, 0.59, 0.6, 0.61, 0.62, 0.63, 0.64, 0.65, 0.66, 0.67, 0.68, 0.69, 0.7, 0.71, 0.72, 0.73, 0.74, 0.75, 0.76, 0.77, 0.78, 0.79, 0.8, 0.81, 0.82, 0.83, 0.84, 0.85, 0.86, 0.87, 0.88, 0.89, 0.9, 0.91, 0.92, 0.93, 0.94, 0.95, 0.98, 1.0, 1.01, 1.06, 1.07, 1.08, 1.09, 1.1, 1.11, 1.12, 1.13, 1.14, 1.15, 1.16, 1.17, 1.18, 1.19, 1.2, 1.21, 1.22, 1.23, 1.24, 1.25, 1.26, 1.27, 1.33, 1.34, 1.35, 1.36, 1.37, 1.38, 1.39, 1.4, 1.41, 1.42, 1.43, 1.44, 1.45, 1.46, 1.47, 1.48, 1.49, 1.5, 1.51, 1.52, 1.53, 1.56, 1.58, 1.68, 1.69, 1.7, 1.71, 1.72, 1.73], "audio_url": "/file_processing/data_out/audio/Speaker8_France_Female_3_13.wav", "textgrid_url": "/file_processing/data_out/textgrid/Speaker8_France_Female_3_13.TextGrid", "labels": ["#", "Si", "tu", "viens,", "nous", "#", "pourrons", "commencer.", "#"], "label_int": [0.25061, 0.18339, 0.16999999999999998, 0.25, 0.10999999999999999, 0.06000000000000005, 0.24, 0.47, 0.25]}