{"filename": "Speaker3_France_Male_2_26", "pitches": [153.39745856941877, 138.95817106316605, 138.14656225005785, 137.28711149064907, 137.44367429582812, 137.62780593750455, 138.02909965897064, 137.76107784537064, 136.87555610882904, 134.29560484833164, 130.57035018931938, 125.64085565062496, 138.18267402381645, 136.0459308074706, 135.82461570117047, 134.51930740819805, 132.72101920537847, 194.669073432461, 197.74002179554984, 199.32837238521344, 198.73090655483108, 196.68582276202227, 194.3552514705279, 191.86935398203033, 186.78179727980597, 179.2071136201456, 170.1072786781461, 163.13498422942263, 159.1093868203186, 194.29808864115194, 196.24674452842473, 194.73565866877325, 191.71735779237562, 186.24611219598933, 176.21843514483746, 161.60684809051622, 141.7727772422419, 133.74803758629548, 130.18462030595168, 123.51445777806174, 130.11326564934137, 129.6449600237297, 128.653093544488, 126.51708387386444, 161.33105192766692, 159.01128041947956, 157.40862217481927, 155.72772724543148, 153.61122998209507, 151.45642789475068, 155.00419065779312, 161.72731527565278, 189.64427485200605, 193.9035539238754, 196.3285847447199, 197.15278183630772, 196.69497101528376, 194.20308503314448, 192.49395307012432, 192.93847817764046, 195.45274843199752, 157.1356320734083, 155.8140126050165, 154.35388229246803, 134.2452843699821, 131.2100733827627, 126.58963507212242, 122.46057068951339, 144.3641851018528, 134.94106247096863, 132.1564014434393, 130.8677017217096, 129.24235020031557, 126.01669242307877, 122.97637715821124, 120.07651111214862, 137.0243256056519, 139.0657799202199, 142.3797382385523, 146.28276466815518, 149.1530219496746, 151.15396566895646, 152.45300165206405, 155.05662338439632, 162.5284145489913, 163.7513541415799, 160.77748910883938, 155.08567660654802, 150.49181735777427, 148.41137069857334, 148.89591332868036, 147.4201218603722, 164.4039247348092, 146.47325574118315, 146.51628363803968, 146.96778341273435, 149.21331302333397, 150.6305176742248, 148.9774545899424], "pitch_int": [0.32, 0.33, 0.34, 0.35, 0.36, 0.37, 0.38, 0.39, 0.4, 0.41, 0.42, 0.43, 0.47, 0.48, 0.49, 0.5, 0.51, 0.57, 0.58, 0.59, 0.6, 0.61, 0.62, 0.63, 0.64, 0.65, 0.66, 0.67, 0.68, 0.79, 0.8, 0.81, 0.82, 0.83, 0.84, 0.85, 0.87, 0.88, 0.89, 0.9, 1.03, 1.04, 1.05, 1.06, 1.16, 1.17, 1.18, 1.19, 1.2, 1.21, 1.22, 1.23, 1.26, 1.27, 1.28, 1.29, 1.3, 1.31, 1.35, 1.36, 1.38, 1.41, 1.42, 1.43, 1.45, 1.46, 1.47, 1.48, 1.54, 1.55, 1.56, 1.57, 1.58, 1.59, 1.6, 1.61, 1.63, 1.64, 1.65, 1.66, 1.67, 1.68, 1.69, 1.7, 1.71, 1.72, 1.73, 1.74, 1.75, 1.76, 1.79, 1.8, 1.84, 1.93, 1.94, 1.95, 1.96, 1.97, 2.05], "audio_url": "/file_processing/data_out/audio/Speaker3_France_Male_2_26.wav", "textgrid_url": "/file_processing/data_out/textgrid/Speaker3_France_Male_2_26.TextGrid", "labels": ["#", "Je", "ne", "peux", "pas", "y", "croire,", "c'est", "trop", "beau", "pour", "\u00eatre", "vrai.", "#"], "label_int": [0.25083, 0.13117, 0.02999999999999997, 0.11000000000000004, 0.10999999999999999, 0.040000000000000036, 0.24407999999999996, 0.1735500000000001, 0.12236999999999987, 0.1100000000000001, 0.1299999999999999, 0.14000000000000012, 0.2902499999999999, 0.24975000000000014]}