{"filename": "Speaker1_Argentina_Female_2_16", "pitches": [236.34371156023178, 233.5002959213366, 252.52587690606128, 251.2016378697466, 251.70811118149842, 253.2165908571185, 255.6381018237002, 259.04031724555114, 261.8957874701842, 263.11336510971495, 262.4687761269639, 261.47410589303195, 259.4555762405747, 254.9767366742735, 249.14179809088253, 248.9488866064072, 253.44461488303747, 254.12739368394259, 254.5641299756127, 261.9596355044372, 261.62405255633956, 263.3067123008358, 263.7824010523524, 261.9750885766537, 259.42673770601436, 256.42518141606126, 252.86909858535392, 247.34212212861195, 239.5231530438199, 248.01605773368556, 250.58112872293438, 252.6188828940428, 256.8826556864384, 262.213623499851, 264.5441726461564, 256.9564462080261, 250.48363629024584, 254.66757159894553, 256.4474385611211, 258.8168117358916, 262.1507634168054, 265.8537188706571, 270.0944065307564, 274.98665391687075, 279.6918664926465, 287.5519088269183, 299.7703935171858, 392.66281205437815, 403.9108801847715, 412.4753528119566, 415.47184942679996, 415.3954326463656, 336.71593504800234, 344.8925439325183, 342.99103118378554, 340.6350451051961, 340.386464567351, 278.6313266464179, 272.22375837641846, 265.6676369321089, 260.79740433462104, 254.53388034046833, 247.8611195681678, 244.57011375784347, 242.12671087823406, 239.75277899186244, 236.25510848372116, 233.24533514342454, 228.6067091507681, 226.39913048951516, 226.27618422870725, 226.2828752995907, 225.43046257514501, 224.5767213341082, 223.96403883574516, 223.8264564519683, 223.7162496089888, 223.41001333637615, 223.83652260202115, 224.14215394317608, 224.3858871580943, 223.7824758529722, 221.85458535906008, 217.22244269714193, 227.36608577561557, 223.93975921388503, 222.9864132748713, 223.0451934017467, 222.168230322342, 221.40092912561954, 221.01653289703472, 220.910763187517, 224.1378725774947, 221.52380915082372, 218.75033636443945, 213.7022546948012, 209.46112357774294, 206.32525330250394, 208.85479683445539, 207.79303794815905, 207.78309671937757, 195.85524339286872], "pitch_int": [0.11, 0.24, 0.33, 0.34, 0.35, 0.36, 0.37, 0.38, 0.39, 0.4, 0.41, 0.42, 0.43, 0.44, 0.45, 0.46, 0.47, 0.48, 0.49, 0.5, 0.51, 0.55, 0.56, 0.57, 0.58, 0.59, 0.6, 0.61, 0.62, 0.68, 0.69, 0.7, 0.71, 0.72, 0.73, 0.75, 0.77, 0.78, 0.79, 0.8, 0.81, 0.82, 0.83, 0.84, 0.85, 0.86, 0.87, 0.9, 0.91, 0.92, 0.93, 0.94, 1.02, 1.03, 1.04, 1.05, 1.06, 1.1, 1.11, 1.12, 1.13, 1.14, 1.15, 1.16, 1.17, 1.18, 1.19, 1.2, 1.21, 1.22, 1.23, 1.24, 1.25, 1.26, 1.27, 1.28, 1.29, 1.3, 1.31, 1.32, 1.33, 1.34, 1.35, 1.36, 1.39, 1.4, 1.41, 1.42, 1.43, 1.44, 1.45, 1.46, 1.47, 1.48, 1.49, 1.5, 1.51, 1.52, 1.59, 1.6, 1.61, 1.96], "audio_url": "/file_processing/data_out/audio/Speaker1_Argentina_Female_2_16.wav", "textgrid_url": "/file_processing/data_out/textgrid/Speaker1_Argentina_Female_2_16.TextGrid", "labels": ["#", "Tu", "\u00e9coutes", "#", "quoi", "#", "comme", "musique?", "#"], "label_int": [0.25, 0.13, 0.29000000000000004, 0.029999999999999916, 0.2300000000000001, 0.07999999999999996, 0.26, 0.57741, 0.24958999999999998]}