{"filename": "Speaker9_France_Male_2_9", "pitches": [102.46700290349116, 101.42771865771923, 99.45245691584685, 98.18555987770895, 97.09053701764188, 96.13119506478704, 93.80028477551798, 95.09215100164575, 94.38839529025302, 94.09218600336592, 94.01205723883692, 94.27001806531646, 94.4650783663282, 95.47761679050112, 97.39294869582444, 100.00059349769035, 101.49724267794642, 101.25473093020781, 100.72883272155673, 100.86463537637515, 101.68838535476158, 103.31496043534086, 106.17787545496228, 109.20230359695266, 111.32243761271235, 113.39596442475063, 115.64624730435328, 117.65759342432773, 123.38139844380903, 127.66585576909337, 130.88490179964444, 132.41651646070966, 132.88040322415105, 132.85590586741358, 131.58273877623424, 129.45638409578495, 125.9825863137649, 122.4362050767855, 118.1760085003389, 114.60364119550577, 115.78727258034128, 117.50114599314459, 116.8455350412649, 115.41341151208981, 113.55566623756337, 111.35438807825071, 109.51831073533357, 108.02402055714347, 106.68128270725961, 105.76561070218017, 104.90137095125516, 104.16000623313339, 103.67587139341678, 103.80761816392817, 104.7517632632831, 107.49633300436915, 110.70196803576765, 114.83797858699782, 117.59693106576593, 122.32667763510753, 127.88688677192783, 132.55954461600297, 135.7422295651543, 139.18861834697884, 142.4616369866874, 143.83228822759654, 130.9425127815462, 109.64085145049555, 110.52802114325158, 110.72136305576322, 110.74864823325515, 110.80019546459249, 110.98294425228609, 111.4831742808005, 112.6776340486164, 114.23036611042298, 115.769125775184, 116.98846324307044, 118.98476073207463, 121.48256072745758, 132.5184082002113, 134.11277275828323, 134.59949830122923, 133.2158879913211, 132.15837724387427, 132.83680564186204, 134.3446054436938, 105.39324703874385, 105.29677400222678, 104.31557501958861, 103.40123482032625, 102.78176796413133, 102.6203995211528, 102.19301153681309, 101.51784861380578, 101.0539839160132, 101.16786403465812, 101.98629401110202, 104.51601535876321, 110.25887873423272, 113.7112310122334, 116.36335446139441, 118.75177121145784, 120.04848740325295, 120.58557895097316, 119.47144809419919, 117.74150768240071, 132.09522444800126, 130.05931274190962, 129.9068796253681, 129.13577430528304, 128.12302651470813, 127.15792093077096, 125.99021338939755, 124.49182218585244, 122.74170376265181, 120.29525625251438, 100.422518478414, 98.36663787113051, 97.16562445791408, 95.98690903488487, 94.97791957892025], "pitch_int": [0.29, 0.3, 0.31, 0.32, 0.33, 0.34, 0.42, 0.46, 0.47, 0.48, 0.49, 0.5, 0.51, 0.52, 0.53, 0.54, 0.55, 0.56, 0.57, 0.58, 0.59, 0.6, 0.61, 0.62, 0.63, 0.64, 0.65, 0.66, 0.67, 0.68, 0.69, 0.7, 0.71, 0.72, 0.73, 0.74, 0.75, 0.76, 0.77, 0.78, 0.79, 0.8, 0.81, 0.82, 0.83, 0.84, 0.85, 0.86, 0.87, 0.88, 0.89, 0.9, 0.91, 0.92, 0.93, 0.94, 0.95, 0.96, 0.97, 0.98, 0.99, 1.0, 1.01, 1.02, 1.03, 1.04, 1.07, 1.27, 1.28, 1.29, 1.3, 1.31, 1.32, 1.33, 1.34, 1.35, 1.36, 1.37, 1.38, 1.39, 1.41, 1.42, 1.43, 1.44, 1.45, 1.46, 1.47, 1.75, 1.76, 1.77, 1.78, 1.79, 1.8, 1.81, 1.82, 1.83, 1.84, 1.85, 1.86, 1.87, 1.88, 1.89, 1.9, 1.91, 1.92, 1.93, 1.94, 2.06, 2.07, 2.08, 2.09, 2.1, 2.11, 2.12, 2.13, 2.14, 2.15, 2.32, 2.33, 2.34, 2.35, 2.36], "audio_url": "/file_processing/data_out/audio/Speaker9_France_Male_2_9.wav", "textgrid_url": "/file_processing/data_out/textgrid/Speaker9_France_Male_2_9.TextGrid", "labels": ["#", "Je", "parle", "anglais,", "grec", "#", "et", "un", "peu", "fran\u00e7ais.", "#"], "label_int": [0.25, 0.09999999999999998, 0.27, 0.44000000000000006, 0.54, 0.10999999999999988, 0.13000000000000012, 0.09999999999999987, 0.20000000000000018, 0.4099999999999997, 0.25]}