{"filename": "Speaker2_Spain_Male_2_6", "pitches": [216.83293222857625, 123.14391739710135, 121.55281078715231, 121.31719585964063, 122.37107572279258, 128.36987323140133, 133.00075759546192, 134.69506699111173, 136.58220766773934, 137.8504032142229, 138.4435718015792, 139.1361041865336, 139.77133674592895, 140.4565821638474, 140.96267571190745, 141.0610405628735, 140.4579270339248, 138.9860835240066, 137.54279749420755, 135.73129280840254, 139.81920680319092, 139.89147132663024, 139.5637337761811, 139.96850365829073, 148.02027176509546, 145.41422871557378, 140.50443135798196, 136.4899051706011, 134.4248260161606, 133.34445342014232, 132.01453597937052, 130.76708462095453, 129.28696380962126, 127.36902982479651, 137.64423207516873, 138.84940445333362, 136.24226428215596, 134.50289025205305, 132.1858532723466, 129.7947390426128, 127.6743911023968, 126.93408203425605, 126.74392720547326, 126.24762973623638, 126.74407517207074, 127.32094924721821, 127.489376589878, 127.08128030913436, 126.46134865766321, 125.6697547150837, 125.08812556392164, 124.56537303672803, 123.94711699995263, 123.43141790001962, 123.15408807080793, 123.23609894813053, 123.94468474613444, 124.47482836161018, 124.26372408999671, 123.46723061982931, 123.76981679921259, 125.02184228326279, 126.97649945478092, 128.90677253558368, 130.5903083367141, 132.58870954076025, 136.08341163876307, 139.84126392451583, 143.91558924060232, 150.3097281348349, 154.72830001897526, 157.41013213007412, 159.52666367522718, 160.5311287599913, 161.72821272379767, 163.22059981082708, 145.60754424529918, 143.11886367775836, 140.84573797060494, 138.8874395381198, 137.4478379484967, 134.93989892102675, 132.8365527584213, 130.70389491318275, 129.3283018605518, 127.80081725114701, 126.24907774114305, 125.13959397029535, 124.4587557646656, 124.27100393087345, 123.98827265412969, 123.92535877771473, 123.4824148285726, 122.49372082676688, 121.45047016765014, 120.58760246701512, 119.42362820690795, 117.75287602010665, 117.51855562928016, 118.59426860653768, 118.9233902977615, 118.94739585124923, 119.73454126658476, 120.20369036114987, 120.4945704398328, 119.66414760105563, 118.42110315496149, 116.80352108834418, 116.09092723631795, 117.28471922193168, 118.40778846891551, 118.7852515482405, 118.36738507618293, 117.44012920407832, 116.507364598127, 115.58726668087779, 127.47906361401506, 149.15869000596368, 165.79232303078197, 236.2086703671178, 329.2013572959732, 314.9036357137265, 308.95312300433005], "pitch_int": [0.14, 0.26, 0.27, 0.28, 0.29, 0.3, 0.31, 0.32, 0.33, 0.34, 0.35, 0.36, 0.37, 0.38, 0.39, 0.4, 0.41, 0.42, 0.43, 0.44, 0.47, 0.48, 0.49, 0.5, 0.53, 0.54, 0.55, 0.56, 0.57, 0.58, 0.59, 0.6, 0.61, 0.62, 0.65, 0.69, 0.7, 0.71, 0.72, 0.73, 0.74, 0.75, 0.76, 0.77, 0.78, 0.79, 0.8, 0.81, 0.82, 0.83, 0.84, 0.85, 0.86, 0.87, 0.88, 0.89, 0.9, 0.91, 0.92, 0.93, 0.94, 0.95, 0.96, 0.97, 0.98, 0.99, 1.0, 1.01, 1.02, 1.03, 1.04, 1.05, 1.06, 1.07, 1.08, 1.09, 1.18, 1.19, 1.2, 1.21, 1.22, 1.23, 1.24, 1.25, 1.26, 1.27, 1.28, 1.29, 1.3, 1.31, 1.32, 1.33, 1.34, 1.35, 1.36, 1.37, 1.38, 1.39, 1.4, 1.41, 1.42, 1.43, 1.44, 1.45, 1.46, 1.47, 1.48, 1.49, 1.5, 1.51, 1.52, 1.53, 1.54, 1.55, 1.56, 1.57, 1.58, 1.59, 1.6, 1.65, 1.72, 1.74, 1.75], "audio_url": "/file_processing/data_out/audio/Speaker2_Spain_Male_2_6.wav", "textgrid_url": "/file_processing/data_out/textgrid/Speaker2_Spain_Male_2_6.TextGrid", "labels": ["#", "Vous", "\u00eates", "anglais", "#", "ou", "am\u00e9ricain?", "#"], "label_int": [0.25, 0.29000000000000004, 0.15999999999999992, 0.41000000000000014, 0.06999999999999984, 0.17000000000000015, 0.6470099999999999, 0.24998999999999993]}