{"filename": "Speaker4_France_Male_2_8", "pitches": [100.46128721254223, 100.50055633663106, 100.85691099112657, 101.28038644375673, 102.1917684294538, 102.958660046276, 103.62976236576274, 104.03215456366455, 104.27440657634833, 104.37468465131596, 104.09740769539583, 104.07974770589382, 103.64347150756842, 102.63575301405326, 101.42464371239136, 100.22661569477377, 99.68292597182639, 99.88207825360563, 100.9193086025978, 103.15583660757618, 105.26862796173474, 107.45560623373821, 108.65089227661309, 109.35684964519452, 109.41156678944587, 109.40774947653537, 109.20823475788224, 108.49249645005324, 107.62942351075392, 106.98130779341845, 106.73020021514711, 106.74122585501817, 107.283845435689, 108.25119696696505, 109.41415405470926, 110.02423370117789, 110.26035360349985, 110.1465270411103, 109.54763823894484, 108.23659210075971, 106.68668226983951, 105.81692730683841, 108.45715641827192, 125.07983059856677, 134.9144545127855, 147.50208201996338, 203.52598849611124, 208.1385696517705, 210.7757211265087, 214.62439474399585, 217.0887818305445, 215.62844288897534, 210.86388605707245, 183.85610851261788, 115.04466012979009, 111.14494021079302, 107.7048683168239, 104.38750566627698, 102.86191865689568, 100.14938903245846, 97.79571887942014, 96.5747431532383, 96.71594905902731, 97.33465076946068, 97.61918687401197, 97.35990439864352, 96.44159680712144, 95.66625725261589, 95.31013879887011, 95.09580875966465, 100.16171380323695, 99.4659009767362, 98.95672139159169, 98.45530741188362, 98.0845479872948, 97.32968120217733, 96.24540440499422, 97.42997448037991, 96.96106313167101, 110.02666696140105, 105.6545955255616, 102.40343448033835, 101.08950899775499, 110.62104090404188, 109.28918572285008, 108.78720271274283, 108.36042821435305, 107.8330013555803, 107.28713859819263, 106.77932089448771, 107.1898568156348, 108.28336892361995, 106.63292444854825, 106.24604359042955, 106.24065906094606, 106.81669186124881, 106.73922352952239, 107.09476030101412, 136.05559709256488, 152.5952644907117, 167.49325269861725, 194.7067094116494, 211.28612740826844, 210.98059461329623], "pitch_int": [0.3, 0.31, 0.32, 0.33, 0.34, 0.35, 0.36, 0.37, 0.38, 0.39, 0.4, 0.41, 0.42, 0.43, 0.44, 0.45, 0.46, 0.47, 0.48, 0.49, 0.5, 0.51, 0.52, 0.53, 0.54, 0.55, 0.56, 0.57, 0.58, 0.59, 0.6, 0.61, 0.62, 0.63, 0.64, 0.65, 0.66, 0.67, 0.68, 0.69, 0.7, 0.71, 0.72, 0.74, 0.75, 0.77, 0.83, 0.84, 0.85, 0.86, 0.87, 0.88, 0.89, 0.92, 0.98, 0.99, 1.0, 1.01, 1.02, 1.03, 1.04, 1.05, 1.06, 1.07, 1.08, 1.09, 1.1, 1.11, 1.12, 1.13, 1.24, 1.25, 1.26, 1.27, 1.28, 1.29, 1.3, 1.36, 1.37, 1.43, 1.44, 1.45, 1.46, 1.52, 1.53, 1.54, 1.55, 1.56, 1.57, 1.58, 1.59, 1.63, 1.64, 1.65, 1.66, 1.67, 1.68, 1.69, 1.72, 1.73, 1.74, 1.75, 1.76, 1.77], "audio_url": "/file_processing/data_out/audio/Speaker4_France_Male_2_8.wav", "textgrid_url": "/file_processing/data_out/textgrid/Speaker4_France_Male_2_8.TextGrid", "labels": ["#", "Vous", "vivez", "en", "ville", "ou", "\u00e0", "la", "campagne?", "#"], "label_int": [0.25006, 0.10493999999999998, 0.20999999999999996, 0.14, 0.22000000000000008, 0.08999999999999986, 0.040000000000000036, 0.09000000000000008, 0.52952, 0.24947999999999992]}