{"filename": "Speaker3_France_Male_1_24", "pitches": [129.95227468191308, 108.07409995679791, 107.79880627417003, 108.35767270122128, 126.96053326855153, 124.69193922598848, 123.26922417822324, 122.06701961107643, 120.66696879068955, 117.2627120473986, 114.85163453209194, 126.0925254845077, 154.6108025383745, 149.71804408286923, 148.86139062389123, 148.6995145600193, 148.63793660891756, 149.74093897757422, 150.96782769582538, 151.84596160696464, 151.40030168484142, 150.5293573116232, 149.2574156136071, 149.12330774505824, 151.0299192517368, 151.72717998934695, 151.62837346461907, 152.4668458686684, 152.07017317451587, 151.16696795740745, 151.59070232731813, 151.00354217883802, 150.33507601471905, 150.2172365858237, 150.56553353518436, 150.09912011608665, 145.48135885693742, 143.30667273325, 141.99569114651473, 139.70579272947057, 138.14584725958272, 137.5668402144588, 137.49648934508994, 137.78173455375668, 138.42408257482415, 139.2919023695509, 141.00781030951853, 143.4862364382085, 146.94104973056562, 149.8044910505592, 153.4912532510181, 155.60620091121112, 157.4201637055536, 159.40216716967325, 160.62326198168478, 162.6375441173096, 165.7130741165702, 171.91838635519463, 174.89911780267215, 175.9941083353006, 175.72664957671432, 175.60038501685938, 175.01395563354345, 172.50672133797048, 125.5925051690805, 124.2924899437702, 122.85054321035155, 122.24750073766052, 121.3832080062506, 120.18598360605102, 121.06045705932729, 125.90240387915551, 129.6869017287161, 134.0817743696171, 137.20199615081623, 141.62490067430912, 144.06280763598747, 146.39571672101724, 147.6300172975057, 148.26556479646888, 148.46796128651044, 148.7554214683021, 149.1563980288129, 149.94410231939287, 141.66646755012874, 143.6351451942147, 144.6329765558062, 144.34824409032902, 132.01126709852116, 131.79707295089327, 129.14499946827067, 126.9226677091315, 124.81105209051351, 122.34151441596167, 119.49546662009921, 117.2174800149436, 115.7488081165765, 111.71954359221017, 109.87920885623127, 108.39634681415306, 102.56566172526007, 103.5996529217173, 102.82414560723085, 101.26427207973043, 98.86404762409258, 96.94561614715127, 94.50745955313434, 106.40611891953618, 201.10516623863145, 204.7511693717529, 207.5206165034641, 207.45822928385786, 206.05086106560356, 206.62865163942746], "pitch_int": [0.28, 0.32, 0.33, 0.34, 0.43, 0.44, 0.45, 0.46, 0.47, 0.48, 0.49, 0.52, 0.54, 0.55, 0.56, 0.57, 0.58, 0.59, 0.6, 0.61, 0.62, 0.63, 0.64, 0.65, 0.66, 0.67, 0.68, 0.69, 0.7, 0.71, 0.72, 0.73, 0.74, 0.75, 0.76, 0.77, 0.83, 0.84, 0.85, 0.86, 0.87, 0.88, 0.89, 0.9, 0.91, 0.92, 0.93, 0.94, 0.95, 0.96, 0.97, 0.98, 0.99, 1.0, 1.01, 1.02, 1.03, 1.04, 1.05, 1.06, 1.07, 1.08, 1.09, 1.1, 1.34, 1.35, 1.36, 1.37, 1.38, 1.39, 1.4, 1.41, 1.42, 1.43, 1.44, 1.45, 1.46, 1.47, 1.48, 1.49, 1.5, 1.51, 1.52, 1.53, 1.55, 1.56, 1.57, 1.58, 1.59, 1.6, 1.61, 1.62, 1.63, 1.64, 1.65, 1.66, 1.67, 1.68, 1.69, 1.71, 1.74, 1.77, 1.78, 1.79, 1.8, 1.81, 1.82, 1.83, 1.89, 1.9, 1.91, 1.92, 1.93, 1.94], "audio_url": "/file_processing/data_out/audio/Speaker3_France_Male_1_24.wav", "textgrid_url": "/file_processing/data_out/textgrid/Speaker3_France_Male_1_24.TextGrid", "labels": ["#", "Je", "ne", "peux", "pas", "y", "#", "croire,", "c'est", "trop", "beau", "pour", "\u00eatre", "vrai.", "#"], "label_int": [0.25, 0.07, 0.02999999999999997, 0.14, 0.12, 0.050000000000000044, 0.10999999999999999, 0.27526000000000006, 0.2068699999999999, 0.13786999999999994, 0.1100000000000001, 0.15999999999999992, 0.09000000000000008, 0.1100000000000001, 0.24999999999999978]}