{"filename": "Speaker6_France_Female_3_12", "pitches": [146.0121001706165, 146.4956691134969, 148.1489655315931, 146.43222948187372, 259.2334564536968, 256.58402385997783, 253.94779906885685, 252.10189623318018, 249.64273222146758, 247.01639583681947, 244.25336236612873, 241.83964598510926, 240.1710423963344, 238.68490952024587, 237.67962698199926, 237.13589969631062, 236.35509683991705, 234.74328587424094, 233.31477718957962, 231.4034537576045, 228.71709885209353, 225.25439437484349, 221.8627078744481, 219.85396736270883, 219.0645178866882, 219.46688522810902, 220.58602097623296, 222.8248471642737, 226.72837610341585, 232.12515577787582, 300.41236005694276, 303.4687547548558, 304.5764370728137, 304.0647650340351, 222.60531824820816, 212.28426679980456, 210.597689226187, 207.29162252220587, 203.65303449924423, 204.5153631327978, 208.92024112284304, 210.41000375544698, 209.39953646782075, 207.60003757256732, 205.81002370102988, 204.20531270635368, 227.981408187996, 226.00156996886574, 224.11351894203366, 222.00881653286888, 220.32326153094627, 218.77158944869234, 216.48933879655067, 211.53985723289938, 206.25045587995203, 202.63243507443846, 201.45114181257784, 202.38205684166743, 203.52973363816403, 204.0183878473769, 204.04007147049475, 203.60640137478288, 202.70226292222063, 200.94851795734667, 200.79466983830727, 203.25664872319885, 217.6212431699047, 197.16024040696243, 194.64103887558912, 190.59633743406383, 186.76252881763952, 183.21200477814781, 179.08933544293922, 176.16190568499684, 174.75604167918877, 173.68413188863752, 172.9153059232724, 173.04360469731188, 174.427394514655, 176.34696170660516, 177.61169105366395, 179.82550493812667, 182.92485560945894, 184.79921080927085, 183.91373126486536, 181.77491297978463, 180.730894448579, 180.75755260334145, 180.8739564268078, 179.33826148494418, 178.7079909038047, 181.32142810741584, 183.01379047400945, 182.80608318276484, 179.39685230903126, 175.2360131996147], "pitch_int": [0.05, 0.06, 0.07, 0.08, 0.29, 0.3, 0.31, 0.32, 0.33, 0.34, 0.35, 0.36, 0.37, 0.38, 0.39, 0.4, 0.41, 0.42, 0.43, 0.44, 0.45, 0.46, 0.47, 0.48, 0.49, 0.5, 0.51, 0.52, 0.53, 0.54, 0.59, 0.6, 0.61, 0.62, 0.74, 0.76, 0.77, 0.78, 0.79, 0.8, 0.81, 0.82, 0.83, 0.84, 0.85, 0.86, 0.92, 0.93, 0.94, 0.95, 0.96, 0.97, 0.98, 0.99, 1.0, 1.01, 1.02, 1.03, 1.04, 1.05, 1.06, 1.07, 1.08, 1.09, 1.1, 1.11, 1.15, 1.17, 1.18, 1.19, 1.2, 1.21, 1.22, 1.23, 1.24, 1.25, 1.26, 1.27, 1.28, 1.29, 1.3, 1.31, 1.32, 1.33, 1.34, 1.35, 1.36, 1.37, 1.38, 1.4, 1.41, 1.42, 1.43, 1.44, 1.45, 1.46], "audio_url": "/file_processing/data_out/audio/Speaker6_France_Female_3_12.wav", "textgrid_url": "/file_processing/data_out/textgrid/Speaker6_France_Female_3_12.TextGrid", "labels": ["#", "Paris,", "#", "c'est", "le", "c\u0153ur", "du", "pays.", "#"], "label_int": [0.25, 0.31000000000000005, 0.1299999999999999, 0.1100000000000001, 0.05999999999999994, 0.15000000000000002, 0.08000000000000007, 0.2626599999999999, 0.24934000000000012]}