{"filename": "Speaker8_France_Female_1_6", "pitches": [1487.0695551108488, 1471.6906335239776, 494.15943757334446, 191.9045998415116, 190.33666392075563, 189.11699866212516, 187.17291444116773, 184.61681222101004, 180.7567089418687, 176.3148204403257, 174.6664459936379, 173.61026320297853, 173.26536569028573, 173.25412847355736, 173.5745745938002, 174.17548315466723, 174.53930089742533, 174.45749704069425, 173.56032900274957, 170.96633444170033, 175.18846750872885, 176.98533380426412, 175.11518862258293, 172.51464829322427, 170.6440218233983, 168.3025011284923, 166.3823591854526, 165.65528720328354, 165.3186087363514, 165.11720142505732, 165.11455778269686, 165.3913928982522, 165.4896171887139, 165.06104472634695, 164.23074206939933, 163.9314936524317, 164.74542180484335, 169.467162956937, 174.35848173145808, 237.0891912019801, 245.10323937895015, 254.42946165323394, 305.47466421529555, 347.54894086588604, 390.6735169290926, 399.29877018550775, 404.11798588443025, 404.40219762040374, 400.0586204657216, 392.8947835476456, 386.62448499710223, 381.8566101392132, 377.7973399885375, 371.7346656910473, 357.795062075933, 348.8229015318319, 333.4532289653745, 321.2940595052515, 286.5811823925996, 274.83868300705336, 257.2236289724861, 243.34659216377918, 234.68452799501244, 224.641233693, 216.0334707991919, 211.84124466589057, 208.12563260573762, 205.08949751498034, 202.0028766122421, 195.0938740960717, 190.91996227287632, 188.32319773781566, 186.33717206376318, 184.62615735988607, 182.98034066363644, 181.5251785669413, 179.1367018809871, 175.4498473946737, 173.69136340442753, 173.8913358717971, 176.1516083504079, 179.5884235974363, 178.97062737809122, 176.91133444044584, 174.327055860676, 172.22100916406205, 170.23314568097024, 168.54783414632632, 166.01842072066387, 163.27390253087907, 155.39418099243326, 153.78931865715484, 152.3261245423332, 149.92063927942849, 148.01200669343555, 147.31207343763936, 146.70363158912903, 146.40864582548372, 146.54647853239626, 146.58737260079502, 155.59840952289167], "pitch_int": [0.39, 0.41, 0.52, 0.63, 0.64, 0.65, 0.66, 0.67, 0.68, 0.69, 0.7, 0.71, 0.72, 0.73, 0.74, 0.75, 0.76, 0.77, 0.78, 0.79, 0.82, 0.87, 0.88, 0.89, 0.9, 0.91, 0.92, 0.93, 0.94, 0.95, 0.96, 0.97, 0.98, 0.99, 1.0, 1.01, 1.02, 1.03, 1.04, 1.09, 1.1, 1.11, 1.14, 1.16, 1.18, 1.19, 1.2, 1.21, 1.22, 1.23, 1.24, 1.25, 1.26, 1.27, 1.28, 1.29, 1.3, 1.31, 1.33, 1.34, 1.35, 1.36, 1.37, 1.38, 1.39, 1.4, 1.41, 1.42, 1.43, 1.44, 1.45, 1.46, 1.47, 1.48, 1.49, 1.5, 1.51, 1.52, 1.53, 1.54, 1.55, 1.56, 1.57, 1.58, 1.59, 1.6, 1.61, 1.62, 1.63, 1.67, 1.75, 1.76, 1.77, 1.78, 1.79, 1.8, 1.81, 1.82, 1.83, 1.84, 1.89], "audio_url": "/file_processing/data_out/audio/Speaker8_France_Female_1_6.wav", "textgrid_url": "/file_processing/data_out/textgrid/Speaker8_France_Female_1_6.TextGrid", "labels": ["#", "#", "Vous", "\u00eates", "anglais", "ou", "am\u00e9ricain?", "#"], "label_int": [0.25, 0.3641, 0.13590000000000002, 0.14, 0.29999999999999993, 0.1200000000000001, 0.5522, 0.24980000000000002]}