{"filename": "Speaker5_Africa_Male_1_14", "pitches": [109.57667283972611, 107.61630495863295, 106.49722833392917, 105.28132022738228, 104.55635460509163, 103.95022582759509, 103.11502786804427, 101.88324631229631, 100.56905276146978, 99.47476288853194, 98.86352185245568, 97.77530059234874, 106.2751030756217, 105.03683410399503, 103.72402915417943, 102.18899089662452, 100.56438101243977, 98.64895892953369, 97.28000382639883, 97.34230126968217, 100.18692925976708, 101.87551725221877, 105.1833827105078, 106.5763490999866, 107.18654489903372, 106.98307135465737, 106.38459767172934, 105.36578518113515, 103.78179954569794, 103.89346432468508, 103.78927680758014, 103.28126212857683, 103.0981644170638, 104.05246208777234, 105.20520763107358, 104.80185665082325, 104.34290548019932, 103.62429933569456, 102.99359735242638, 102.69373299892771, 102.6982954360598, 103.01318488665012, 104.52876659282384, 125.05296171640416, 120.74740848545724, 117.88828584275016, 116.53320575942959, 115.35737000395252, 114.13993372809996, 113.96643850848749, 114.45125757959083, 114.76112057429654, 114.7601500489682, 114.27355149804542, 113.82345492500029, 115.2959668347616, 116.60744004386372, 116.7973497598009, 116.00927938885525, 115.22607020479542, 114.07007272725097, 112.83561839138179, 111.19579623553884, 109.2399306659817, 113.6777995904354, 114.0469579847275, 115.45092516648799, 116.45977504783424, 116.40418608105483, 134.3831075061408, 133.10661485756563, 131.50850618594527, 131.1603897279052, 130.48588766021288, 129.63324989854095, 128.69574495348377, 127.06886595061528, 125.74327530264895, 124.41122121134296, 123.18059114818284, 121.16593814872354, 118.30144724151651, 116.10045346548608, 114.36352983815536, 112.43922828631602, 110.81380241064619, 108.96209826964137, 106.00409989875342, 102.98835588466977, 101.88393991622037, 103.75411326475115, 107.62683129644552, 106.27822359634182, 104.45414038206225, 102.81776953988918, 101.17246651531752, 99.08131170990615, 96.95860215249638, 94.77618450635022, 93.58671853940612, 93.21236606677553, 93.18089280521966, 92.85147452172622, 92.27286692848159, 101.4786039536596, 116.63789796904217, 158.9635697526653, 156.82793756907316, 154.57193671410909, 156.2740714883172, 155.71671334709353], "pitch_int": [0.28, 0.29, 0.3, 0.31, 0.32, 0.33, 0.34, 0.35, 0.36, 0.37, 0.38, 0.39, 0.43, 0.44, 0.45, 0.46, 0.47, 0.48, 0.49, 0.5, 0.51, 0.52, 0.53, 0.54, 0.55, 0.56, 0.57, 0.58, 0.6, 0.61, 0.62, 0.63, 0.64, 0.65, 0.67, 0.68, 0.69, 0.7, 0.72, 0.75, 0.76, 0.77, 0.78, 0.82, 0.83, 0.84, 0.85, 0.86, 0.87, 0.88, 0.89, 0.9, 0.91, 0.92, 0.93, 0.94, 0.95, 0.96, 0.97, 0.98, 0.99, 1.0, 1.01, 1.02, 1.06, 1.07, 1.08, 1.09, 1.1, 1.18, 1.19, 1.2, 1.21, 1.22, 1.23, 1.24, 1.25, 1.26, 1.27, 1.28, 1.29, 1.3, 1.31, 1.32, 1.33, 1.34, 1.35, 1.36, 1.37, 1.38, 1.39, 1.41, 1.42, 1.43, 1.44, 1.45, 1.46, 1.47, 1.48, 1.49, 1.5, 1.51, 1.52, 1.53, 1.54, 1.55, 1.58, 1.59, 1.6, 1.65, 1.66], "audio_url": "/file_processing/data_out/audio/Speaker5_Africa_Male_1_14.wav", "textgrid_url": "/file_processing/data_out/textgrid/Speaker5_Africa_Male_1_14.TextGrid", "labels": ["#", "Nous", "avons", "beaucoup", "march\u00e9", "aujourd\u2019hui!", "#"], "label_int": [0.25045, 0.18455, 0.18, 0.26, 0.3700000000000001, 0.62256, 0.24943999999999988]}