{"filename": "Speaker2_Spain_Male_2_16", "pitches": [148.96201221624733, 144.80541002998012, 139.4731946387555, 137.11257868407873, 135.8496891063163, 134.8131526210904, 133.72124072061513, 133.89051889388705, 134.38752389009147, 134.44125044804167, 133.95873035976211, 132.80909549882784, 131.50008444576326, 130.5195313858584, 129.84718087015384, 129.21124891265308, 128.8559811565382, 128.47247500606173, 128.01514732563078, 127.04405868980837, 130.94830097068203, 130.91365916659694, 130.74845708724217, 130.70406298741244, 130.6188027331996, 131.65210360461631, 132.35893596164684, 133.86586272559845, 147.76903074375358, 147.1072499100851, 147.8905222186035, 149.4791375842275, 152.78601762530997, 156.08592756859264, 159.90358157312545, 163.45128591458212, 165.6959515675586, 167.76925309226834, 172.29935096366074, 175.01120650452268, 165.20567239181764, 166.46927053510473, 163.4146548993014, 159.79696552715745, 156.4213493748588, 156.70473225106537, 184.5887901359234, 134.9579818199526, 134.7525986433326, 134.31487764487113, 133.1801604527466, 132.2396578788562, 131.79774896898823, 131.41661836387843, 130.71360439704915, 129.63706488698546, 128.98080071508954, 128.4776184636492, 128.48180195560627, 128.10514508503763, 127.29659182432302, 126.71240110445139, 127.20973121814481, 128.62251186550938, 129.9006186688281, 130.4681213355876, 130.61555087892435, 130.2522199987947, 129.27595622608726, 127.65907760399816, 129.4757232559713, 130.24422852947876, 135.82613657629196, 133.9027700188571, 132.18615799166128, 130.7952060634669, 128.937115663564, 126.57189439503281, 125.289034898263, 124.01592287282283, 123.06817658471408, 122.50708475353646, 122.37515955422413, 122.03581938905991, 120.87073505220803, 120.52178184275766, 120.63812050888735, 120.60259450274167, 120.90696983566319, 121.09962708553451, 121.25081220336162, 121.26318104204513, 121.42928660684464, 120.88074584209265, 119.60870782329482, 118.44007545620343, 117.28485444388454, 116.55796293865106, 116.09353329641968, 116.04966261080895, 115.95686309252926, 115.92346670631656, 115.7472426116391, 115.4260900760245, 114.91786821618112, 114.89875682021692, 114.89980382728726, 114.31753773696215, 116.75665938793301, 144.62309784457153, 145.23389300524437, 145.95185996216964, 148.2093860561878, 147.7023046516939, 145.93094039153686, 146.7925495886811], "pitch_int": [0.32, 0.33, 0.34, 0.35, 0.36, 0.37, 0.38, 0.39, 0.4, 0.41, 0.42, 0.43, 0.44, 0.45, 0.46, 0.47, 0.48, 0.49, 0.5, 0.51, 0.56, 0.57, 0.58, 0.59, 0.6, 0.61, 0.62, 0.63, 0.66, 0.67, 0.68, 0.69, 0.7, 0.71, 0.72, 0.73, 0.74, 0.75, 0.76, 0.77, 0.79, 0.83, 0.88, 1.14, 1.15, 1.16, 1.33, 1.66, 1.67, 1.68, 1.69, 1.7, 1.71, 1.72, 1.73, 1.74, 1.75, 1.76, 1.77, 1.78, 1.79, 1.8, 1.81, 1.82, 1.83, 1.84, 1.85, 1.86, 1.87, 1.88, 1.93, 1.94, 1.98, 1.99, 2.0, 2.01, 2.02, 2.03, 2.04, 2.05, 2.06, 2.07, 2.08, 2.09, 2.1, 2.11, 2.12, 2.13, 2.14, 2.15, 2.16, 2.17, 2.18, 2.19, 2.2, 2.21, 2.22, 2.23, 2.24, 2.25, 2.26, 2.27, 2.28, 2.29, 2.3, 2.31, 2.32, 2.33, 2.37, 2.47, 2.48, 2.49, 2.5, 2.68, 2.69, 2.7], "audio_url": "/file_processing/data_out/audio/Speaker2_Spain_Male_2_16.wav", "textgrid_url": "/file_processing/data_out/textgrid/Speaker2_Spain_Male_2_16.TextGrid", "labels": ["#", "Tu", "\u00e9coutes", "#", "quoi", "comme", "musique?", "#"], "label_int": [0.25, 0.18, 0.43, 0.7300000000000001, 0.2999999999999998, 0.32000000000000006, 0.45345000000000013, 0.24954999999999972]}