{"filename": "Speaker1_Argentina_Female_1_12", "pitches": [235.30465543718933, 278.8434576773659, 276.0373890877472, 274.6838373911135, 273.6268519478443, 268.60129928542693, 266.17457699619007, 291.31275320761773, 286.98662915638323, 293.271398841649, 326.83145605841645, 326.85869632109365, 327.8100857514483, 329.72048157318386, 332.0397525890389, 337.17434103670985, 348.7882894414555, 287.9218021043263, 282.3318413352823, 279.46661787333034, 275.6644740698538, 266.040659819889, 238.33952916721043, 232.91040152478797, 229.5602781013252, 228.79635098405674, 231.23316193644087, 236.51949315190652, 243.45830424237136, 251.1921876375003, 266.780421843766, 273.08078687845926, 277.9930835180034, 283.1722370354526, 305.19755042664326, 325.3032160710674, 331.17332433066025, 227.95899043132238, 226.01973456127263, 225.6368903629625, 225.32708448326528, 225.66495895124166, 226.93260162322179, 228.5527445082951, 231.34125428050393, 234.20829704814338, 238.03102239286653, 240.9209228353815, 243.52949116679923, 244.49737619533605, 243.62307886964405, 242.66578363731523, 241.14610611062074, 244.19426947076346, 242.96280059882304, 242.00786410649417, 241.71050871199975, 241.28420837108274, 242.63930525617496, 246.9762494776248, 259.16295950250856, 257.9948351520275, 254.9956555042962, 252.1347143136747, 248.20502269900243, 245.91530511581504, 243.4255711355269, 241.13034051362476, 240.20225443094864, 240.59492607645643, 270.2750705602123, 270.406084216178, 273.38243915628334, 274.248384263846, 276.68542625429075, 283.8681248114741, 291.2620925463524, 298.4384510334811, 306.4518188900838, 317.22185813610855, 325.8849351193575, 328.92196631593185, 329.3406368374386, 327.1759903394037, 233.29090388092902, 230.49334296400735, 199.01042045709445, 195.4584530939783, 195.40980020945184, 196.48169123885623, 197.90262097905895, 199.3708450132612, 201.6838553375548, 203.9780051950011, 205.6206136037, 207.36133555041533, 210.6030023314346, 215.99553711453456, 224.65683594399138, 235.41469922402538, 243.35343660332396, 252.87803946501816, 262.0974259404317, 267.5237931841044, 271.8908210201089, 273.49507750693886, 272.48813846913646, 270.7151476238347, 246.3975960205606, 247.6710623523416, 164.40677280274912, 163.52554770157087, 163.26846622555132, 163.71138204513727, 163.2804373125614, 162.79667889867088, 161.29478880916892, 165.62876518840412, 166.36218114002253], "pitch_int": [0.06, 0.39, 0.4, 0.41, 0.42, 0.43, 0.44, 0.5, 0.51, 0.52, 0.54, 0.55, 0.56, 0.57, 0.58, 0.59, 0.6, 0.67, 0.68, 0.69, 0.7, 0.71, 0.73, 0.74, 0.75, 0.76, 0.77, 0.78, 0.79, 0.8, 0.81, 0.82, 0.83, 0.84, 0.86, 0.87, 0.88, 1.06, 1.07, 1.08, 1.09, 1.1, 1.11, 1.12, 1.13, 1.14, 1.15, 1.16, 1.17, 1.18, 1.19, 1.2, 1.21, 1.24, 1.25, 1.26, 1.27, 1.28, 1.29, 1.3, 1.32, 1.33, 1.34, 1.35, 1.36, 1.37, 1.38, 1.39, 1.4, 1.41, 1.43, 1.44, 1.45, 1.46, 1.47, 1.48, 1.49, 1.5, 1.51, 1.52, 1.53, 1.54, 1.55, 1.56, 1.67, 1.68, 1.71, 1.72, 1.73, 1.74, 1.75, 1.76, 1.77, 1.78, 1.79, 1.8, 1.81, 1.82, 1.83, 1.84, 1.85, 1.86, 1.87, 1.88, 1.89, 1.9, 1.91, 1.92, 1.95, 1.96, 2.03, 2.04, 2.05, 2.06, 2.07, 2.08, 2.09, 2.17, 2.18], "audio_url": "/file_processing/data_out/audio/Speaker1_Argentina_Female_1_12.wav", "textgrid_url": "/file_processing/data_out/textgrid/Speaker1_Argentina_Female_1_12.TextGrid", "labels": ["#", "Si", "tu", "viens,", "#", "nous", "#", "pourrons", "commencer.", "#"], "label_int": [0.25039, 0.19961, 0.18, 0.22999999999999998, 0.22000000000000008, 0.1299999999999999, 0.050000000000000044, 0.3400000000000001, 0.5153400000000001, 0.24966]}