{"filename": "Speaker3_France_Male_1_27", "pitches": [113.38271741853902, 111.71832470421889, 109.74135746376413, 108.53199075314134, 137.47845390542602, 137.3181937375433, 138.40076191853672, 139.31740550594856, 141.35840379262095, 141.37591687791453, 139.17390670836377, 137.5065989237643, 134.92850675564517, 132.220099523445, 129.84578965538336, 126.35390750708886, 123.8010166993569, 129.8355424485155, 126.49153854544397, 124.65130764321529, 122.43855780583218, 120.88083886490027, 115.98498664573421, 111.22683201944719, 108.27583570406622, 108.28826483149469, 115.93151508628307, 115.96746593155429, 115.02554288036939, 113.69800052692783, 115.86667858720254, 121.81954997501934, 124.7058878237003, 126.82227293882475, 128.5708282849959, 130.2765202296195, 132.54511291932437, 135.31258586009875, 139.40762380302027, 142.0328229135498, 142.96242355690487, 143.33848557689004, 143.3737178805586, 141.40688919065025, 138.97020343834942, 135.64224841484722, 132.4894386784123, 143.04487887873478, 145.56768271359607, 142.39792216454507, 139.17636056743424, 137.07525659325233, 135.09107784303472, 130.92848654373154, 134.37372875197764, 128.31361022626163, 125.04522169957124, 123.39792539167374, 121.41359619730764, 102.3181876034282, 104.04589959912359, 103.86237338245104, 102.86702675537126, 101.39226815206447, 100.08222078119722, 99.25502898245946, 98.69421948272455, 98.05368367653551, 97.56769934595599, 100.38012030683507, 100.90298178011159, 102.45098998932332, 102.42669751245593, 102.7626284350923, 102.99984767397711, 102.86229792639051, 101.84245392147471, 100.31030919356196, 102.32854864429369, 102.24152340137883, 119.51568430023099, 118.07620063130295, 117.59542963872383, 116.47482623790914, 115.47800225234712, 113.40721741723323, 111.47600650653783, 111.53582766668089, 113.67832457247913, 114.8716853465038, 116.21977644476816, 116.50168634689066, 117.7002107683858, 118.31546972549873, 118.769688799159, 119.15777625269128, 119.25739740698569, 119.00021297839757, 118.9171492158132, 119.21042087010078, 118.77359414767989, 118.52312073660957, 117.4638334623487, 117.43213020502378, 119.76399311593386, 121.36198152566936, 121.77762028018472, 120.8761666138266, 119.65918310505782, 119.2019060627012, 119.743435484495, 121.30937698981873, 121.97349562695516, 121.3431504032627, 119.2896956783312, 119.28420204874088, 118.5651940861694], "pitch_int": [0.35, 0.36, 0.37, 0.38, 0.49, 0.5, 0.51, 0.52, 0.53, 0.54, 0.55, 0.56, 0.57, 0.58, 0.59, 0.6, 0.61, 0.69, 0.7, 0.71, 0.72, 0.73, 0.74, 0.75, 0.76, 0.77, 0.79, 0.8, 0.81, 0.82, 0.83, 0.84, 0.85, 0.86, 0.87, 0.88, 0.89, 0.9, 0.91, 0.92, 0.93, 0.94, 0.95, 0.96, 0.97, 0.98, 0.99, 1.03, 1.04, 1.05, 1.06, 1.07, 1.08, 1.09, 1.24, 1.25, 1.26, 1.27, 1.28, 1.31, 1.32, 1.33, 1.34, 1.35, 1.36, 1.37, 1.38, 1.39, 1.4, 1.47, 1.48, 1.52, 1.53, 1.54, 1.55, 1.56, 1.57, 1.58, 1.63, 1.64, 1.67, 1.68, 1.69, 1.7, 1.71, 1.72, 1.73, 1.75, 1.76, 1.77, 1.78, 1.81, 1.82, 1.83, 1.84, 1.85, 1.86, 1.87, 1.88, 1.89, 1.9, 1.91, 1.92, 1.93, 1.94, 1.95, 1.96, 1.97, 1.98, 1.99, 2.0, 2.04, 2.05, 2.06, 2.07, 2.08, 2.09], "audio_url": "/file_processing/data_out/audio/Speaker3_France_Male_1_27.wav", "textgrid_url": "/file_processing/data_out/textgrid/Speaker3_France_Male_1_27.TextGrid", "labels": ["#", "Ce", "film", "\u00e9tait", "vraiment", "captivant,", "tu", "ne", "trouves", "pas?", "#"], "label_int": [0.2503, 0.15231999999999996, 0.19162, 0.16706, 0.23270000000000002, 0.4099999999999999, 0.15000000000000013, 0.030000000000000027, 0.17999999999999994, 0.20599999999999996, 0.2500000000000002]}