{"filename": "Speaker9_France_Male_3_7", "pitches": [106.01382973666549, 103.93705093405615, 101.53123861909022, 99.32513239932936, 97.6995861972231, 95.49409870676689, 93.08939896516003, 92.56034131352581, 101.1731908643467, 100.25163192007595, 98.14217170028861, 96.8878287298363, 96.03529580300668, 95.59745819953079, 95.19993343787871, 111.86505361305932, 108.81409857032133, 106.63443784044075, 104.27458102679148, 103.07506188385405, 102.25135220820303, 101.89115048912697, 101.99909526135718, 102.69155272139648, 103.77746149261073, 104.5990726381035, 105.07214892703608, 105.5123207190657, 106.98155246992886, 119.76414208628411, 123.85698440477091, 125.92021312764584, 129.51277292555267, 145.98485311509216, 148.13042346574707, 150.14661287484898, 153.03362249311746, 156.46624838699088, 162.87997884047445, 167.8697467142395, 171.19627136354478, 175.13616382330312, 178.878150349268, 184.45916517979515, 191.48035621764802, 195.56494068702844, 196.2304038994819, 194.74979852211197, 189.71821340722767, 184.30551943068298, 178.68065264158898, 174.0393085416362, 170.3145524067078, 166.28676160049724, 161.4212761001055, 155.55800056475206, 149.5183430552465, 143.31008476359003, 137.30331396694166, 132.76649957336792, 109.64549384986974, 106.61269985599533, 104.40612564872507, 104.07919971715282, 107.35862575899395, 109.44204671400851, 110.08307611033132, 110.80468178498836, 111.0638377571348, 109.91456771556591, 103.32603963281454, 101.98040178434539, 100.54539342656474, 99.0002826474439, 97.3915768678129, 99.89345692061138, 103.4593059277907, 104.09662168116122, 103.9561600001643, 103.54592193633734, 102.95997767495979, 102.15874729984085, 100.95169450617733, 99.19170108285698, 102.87612147738326, 101.8633052130817, 101.0700774556185, 100.13394203880489, 99.8569989392744, 100.6228525016675, 102.35506026742387, 104.0647615847266, 106.1105822534519, 108.74710705507896, 110.35796511847605, 111.05243835585178, 111.12927620653578, 110.43955305200002], "pitch_int": [0.25, 0.26, 0.27, 0.28, 0.29, 0.3, 0.31, 0.32, 0.35, 0.36, 0.37, 0.38, 0.39, 0.4, 0.41, 0.5, 0.51, 0.52, 0.53, 0.54, 0.55, 0.56, 0.57, 0.58, 0.59, 0.6, 0.61, 0.62, 0.63, 0.65, 0.66, 0.67, 0.68, 0.7, 0.71, 0.72, 0.73, 0.74, 0.75, 0.76, 0.77, 0.78, 0.79, 0.8, 0.81, 0.82, 0.83, 0.84, 0.85, 0.86, 0.87, 0.88, 0.89, 0.9, 0.91, 0.92, 0.93, 0.94, 0.95, 0.96, 0.99, 1.0, 1.01, 1.02, 1.03, 1.04, 1.05, 1.06, 1.07, 1.08, 1.11, 1.12, 1.13, 1.14, 1.17, 1.18, 1.19, 1.2, 1.21, 1.22, 1.23, 1.24, 1.25, 1.26, 1.38, 1.39, 1.4, 1.41, 1.42, 1.43, 1.44, 1.45, 1.46, 1.47, 1.48, 1.49, 1.5, 1.51], "audio_url": "/file_processing/data_out/audio/Speaker9_France_Male_3_7.wav", "textgrid_url": "/file_processing/data_out/textgrid/Speaker9_France_Male_3_7.TextGrid", "labels": ["#", "Vous", "\u00eates", "anglais", "ou", "am\u00e9ricain?", "#"], "label_int": [0.25, 0.10999999999999999, 0.14, 0.32999999999999996, 0.15000000000000002, 0.5691600000000001, 0.24983999999999984]}