{"filename": "Speaker1_Argentina_Female_2_5", "pitches": [254.11367669756106, 250.6281164636383, 248.79757209657635, 247.01866906192149, 243.40531925958842, 238.58541461332698, 239.8138924173764, 239.66974542824315, 240.11862875632863, 241.7789478385785, 246.0596797400352, 240.74204842997105, 211.69448205211773, 206.41424091679716, 202.067394227321, 203.52823762423836, 205.61163502786425, 206.4174220318073, 206.3243937621181, 205.51908617753952, 204.6027685487074, 203.8519172842844, 203.33384743005576, 203.1253732250586, 203.90843751131345, 205.1347977142578, 206.4090236793689, 207.87085720874552, 210.10816372194478, 213.11684173812978, 220.8055159650463, 227.88683030583957, 234.88191106863056, 240.29008392722602, 247.31947638750412, 255.31876593667067, 263.9641800605687, 272.24206763898576, 275.39478841390473, 279.2002476865539, 282.85210331261686, 284.5305792610633, 282.2072017660058, 276.74147267856097, 272.76197476100504, 264.96664509589027, 253.3535843199108, 244.9548082465319, 237.36581952983556, 244.362020262922, 249.266206901575, 244.14488518308212, 241.73074347215697, 242.53962286236174, 248.88385971130901, 252.2556273843598, 267.43794851035227, 248.68005626008357, 211.09164042258874, 208.15123973211712, 206.9894763637558, 205.49128297500124, 204.38801040517995, 204.0809295351466, 204.75108546251, 205.45072181060792, 205.60225406290687, 205.2812631444857, 203.24389047314608, 200.80697499218286, 201.5316122501002, 204.73334895986966, 206.34909562133456, 205.03935244614186, 204.42423277578325, 202.8297070783543, 202.58159224753302, 205.11791584476322, 203.6642561692278, 202.11483687914858, 199.05655281840322, 196.23001068133772, 194.70917973532244, 204.92279941043844, 204.74310320679984, 204.9369129181726, 203.9553463488681, 202.22375187218265, 200.85419550319875, 201.81891336352356, 217.75120375992026, 218.46140693089944, 218.95256040041417, 219.9042933189893, 220.96275153141545, 302.67511842616, 334.1694867270408, 356.30142253853995, 391.4298523369686, 429.24137458187033, 432.51890139799394, 432.4496444886575], "pitch_int": [0.29, 0.3, 0.31, 0.32, 0.33, 0.34, 0.35, 0.39, 0.4, 0.41, 0.42, 0.45, 0.49, 0.5, 0.51, 0.52, 0.53, 0.54, 0.55, 0.56, 0.57, 0.58, 0.59, 0.6, 0.61, 0.62, 0.63, 0.64, 0.65, 0.66, 0.67, 0.68, 0.69, 0.7, 0.71, 0.72, 0.73, 0.74, 0.75, 0.76, 0.77, 0.78, 0.79, 0.8, 0.81, 0.82, 0.83, 0.84, 0.85, 0.87, 0.89, 0.9, 0.91, 0.92, 0.93, 0.94, 0.95, 0.96, 0.99, 1.0, 1.01, 1.02, 1.03, 1.04, 1.05, 1.06, 1.07, 1.08, 1.09, 1.1, 1.11, 1.12, 1.13, 1.14, 1.15, 1.16, 1.17, 1.21, 1.22, 1.23, 1.24, 1.25, 1.26, 1.3, 1.31, 1.32, 1.33, 1.34, 1.35, 1.36, 1.4, 1.41, 1.42, 1.43, 1.44, 1.5, 1.52, 1.53, 1.54, 1.56, 1.57, 1.58], "audio_url": "/file_processing/data_out/audio/Speaker1_Argentina_Female_2_5.wav", "textgrid_url": "/file_processing/data_out/textgrid/Speaker1_Argentina_Female_2_5.TextGrid", "labels": ["#", "C'est", "combien,", "#", "le", "caf\u00e9?", "#", "#"], "label_int": [0.25, 0.09999999999999998, 0.49, 0.15000000000000002, 0.1100000000000001, 0.49451, 0.07548999999999984, 0.25]}