{"filename": "Speaker7_Russia_Female_2_10", "pitches": [174.798542129393, 175.27529015764497, 219.11339843217604, 208.91537224310832, 203.32468960496215, 200.46960367399868, 199.0294968831015, 196.973609952519, 196.41941208147685, 195.12869391249825, 191.69201558961961, 191.09892949103232, 215.94322852131083, 219.01403348037834, 221.728145127772, 224.27328707977438, 227.18651172151877, 228.65511494271527, 227.80866438570177, 224.78458920204616, 222.8441313888141, 279.3972876733765, 277.2092389379182, 276.38237062257514, 276.0110020382204, 276.01973283710714, 277.0276431753667, 277.580351654387, 277.349947954429, 276.4941208037462, 275.0644651299052, 272.2686276040795, 269.2699069869701, 269.9290927156141, 271.1611980891811, 270.1897031841026, 269.00001929680576, 267.60713003193183, 266.1365612843615, 260.89708294951913, 256.7932728718987, 252.9174037041274, 248.52425407609252, 244.0999105520565, 240.0131032854077, 241.04318822820153, 271.0785166922201, 271.2701114580612, 241.80937430485923, 241.4854132965129, 243.33164403002428, 244.93092064913003, 247.83025969287993, 253.72583621492458, 262.51986754256905, 269.76394989963484, 279.434102422527, 296.0271917298849, 311.42756872904965, 320.2959840859029, 327.6843604657693, 331.6038972652555, 221.2188122983353, 219.84980467063707, 217.4568173501848, 215.37626027970947, 212.92589497334464, 209.0256740785284, 206.35250457917545, 204.28239309930882, 203.1335275978826, 203.46053958582897, 205.2547652753842, 206.77844540179456, 208.79836249542765, 210.43920256643517, 210.9130020068312, 210.21242675689473, 210.05499384747284, 211.2115532936974, 214.6912117565915, 218.04427636772436, 217.37754806465279, 212.2817134797876, 204.7561108216239, 199.6214944840676, 195.89578508106513, 193.3455928060319, 190.64773265333264, 187.62009906565743, 185.333961258775, 158.13169777511808, 159.31484067951789, 160.11190230013898, 159.59809891489385, 213.26585634949515, 207.99638396492134, 206.2403551860532], "pitch_int": [0.21, 0.22, 0.25, 0.26, 0.27, 0.28, 0.29, 0.3, 0.31, 0.32, 0.33, 0.34, 0.37, 0.38, 0.39, 0.4, 0.41, 0.42, 0.43, 0.44, 0.45, 0.5, 0.51, 0.52, 0.53, 0.54, 0.55, 0.56, 0.57, 0.58, 0.59, 0.6, 0.61, 0.62, 0.63, 0.64, 0.65, 0.66, 0.67, 0.68, 0.69, 0.7, 0.71, 0.72, 0.73, 0.74, 0.76, 0.77, 0.84, 0.85, 0.86, 0.87, 0.88, 0.89, 0.9, 0.91, 0.92, 0.93, 0.94, 0.95, 0.96, 0.97, 1.16, 1.17, 1.18, 1.19, 1.2, 1.21, 1.22, 1.23, 1.24, 1.25, 1.26, 1.27, 1.28, 1.29, 1.3, 1.31, 1.32, 1.33, 1.34, 1.35, 1.36, 1.37, 1.38, 1.39, 1.4, 1.41, 1.42, 1.43, 1.44, 1.53, 1.57, 1.58, 1.59, 1.86, 1.89, 1.9], "audio_url": "/file_processing/data_out/audio/Speaker7_Russia_Female_2_10.wav", "textgrid_url": "/file_processing/data_out/textgrid/Speaker7_Russia_Female_2_10.TextGrid", "labels": ["#", "Je", "vais", "faire", "les", "courses", "si", "j'ai", "le", "temps.", "#"], "label_int": [0.25021, 0.07379000000000002, 0.12, 0.18, 0.09999999999999998, 0.3600000000000001, 0.1299999999999999, 0.13000000000000012, 0.08999999999999986, 0.23903000000000008, 0.24997000000000003]}