{"filename": "Speaker6_France_Female_2_27", "pitches": [225.27177417364686, 223.63912944154845, 221.40108708195672, 218.56857603766565, 214.69248131480862, 209.17168199309793, 206.80756296421896, 205.6681102457462, 262.91764918368415, 261.1885209116768, 257.93727487916505, 256.1697203445705, 256.4624020115371, 257.4792092780947, 258.244619746119, 257.3664867188929, 254.24911690282175, 249.75822116358646, 246.39426947754163, 243.5777728231847, 239.5205450177417, 234.21259765068925, 230.1903020081339, 226.3008785423428, 221.7678953273504, 216.33429166454889, 212.21087421202628, 208.49980531237787, 206.59021579913517, 203.7312710096772, 198.513286973959, 197.49496041041914, 196.39578079589654, 194.67762690488763, 191.71644401726172, 256.7731594178266, 256.42102537842163, 256.5240290430926, 256.86469748516186, 257.12571405221195, 256.80250349165465, 255.42612514930724, 255.38693680742668, 253.8181262744426, 250.26591800154318, 247.6100225698218, 245.70565968358062, 240.8954412945763, 234.39454393401206, 227.37862794700024, 221.28348386769105, 215.63178360988715, 211.46531116096594, 208.69779654449897, 206.95434808025573, 205.39329798522004, 203.39526509280648, 200.94387817990486, 198.4340563826085, 194.68642548260434, 189.65364004710085, 185.28631448265207, 181.24939834136129, 177.56986603582465, 175.07042237948622, 174.72434393593207, 176.78417319051505, 181.09123943082406, 186.00949858399744, 188.75466786330998, 190.39041812295824, 189.69218525041637, 187.76233700897822, 185.56690948448784, 208.83362304442628, 206.14473917777846, 205.3255768516018, 202.1816978772313, 226.75590354313027, 225.42020797496366, 223.91954466378863, 221.5983187809962, 219.4429160921539, 218.23969681466835, 217.60351466507166, 224.95036748003804, 277.38157935813337, 275.4326861446112, 275.33660090153865, 276.0478381552317, 281.3536781067361, 296.7116170072759, 303.86861095238027, 362.1102245382824, 370.2851494441182, 348.3347095118382, 277.94786714434713, 326.30771163280286], "pitch_int": [0.33, 0.34, 0.35, 0.36, 0.37, 0.38, 0.39, 0.4, 0.46, 0.47, 0.48, 0.49, 0.5, 0.51, 0.52, 0.53, 0.54, 0.55, 0.56, 0.57, 0.58, 0.59, 0.6, 0.61, 0.62, 0.63, 0.64, 0.65, 0.66, 0.67, 0.75, 0.76, 0.77, 0.78, 0.79, 0.88, 0.89, 0.9, 0.91, 0.92, 0.93, 0.94, 0.95, 1.02, 1.16, 1.17, 1.18, 1.19, 1.2, 1.21, 1.22, 1.23, 1.24, 1.25, 1.26, 1.27, 1.28, 1.29, 1.3, 1.31, 1.32, 1.33, 1.34, 1.35, 1.36, 1.37, 1.38, 1.39, 1.4, 1.41, 1.42, 1.43, 1.44, 1.45, 1.74, 1.75, 1.76, 1.77, 1.89, 1.9, 1.91, 1.92, 1.93, 1.94, 1.95, 2.02, 2.05, 2.06, 2.07, 2.08, 2.09, 2.1, 2.11, 2.14, 2.15, 2.16, 2.19, 2.35], "audio_url": "/file_processing/data_out/audio/Speaker6_France_Female_2_27.wav", "textgrid_url": "/file_processing/data_out/textgrid/Speaker6_France_Female_2_27.TextGrid", "labels": ["#", "Ce", "film", "\u00e9tait", "vraiment", "captivant,", "#", "tu", "ne", "trouves", "pas?", "#"], "label_int": [0.25, 0.14, 0.18999999999999995, 0.09000000000000008, 0.1499999999999999, 0.5400000000000001, 0.26, 0.1399999999999999, 0.030000000000000027, 0.18999999999999995, 0.18630000000000013, 0.2496999999999998]}