{"filename": "Speaker7_Russia_Female_2_28", "pitches": [202.70760891201627, 201.4607928564601, 201.0129922170097, 200.50770830657012, 200.44842647762624, 199.6550829332873, 199.3799721496333, 234.1757379815755, 231.11985910661616, 229.50666778696575, 227.6288174342454, 225.25376636752878, 222.21560119518716, 219.63549934507574, 219.41037960582355, 222.76592895553927, 227.8092504033886, 230.4700362600193, 230.39507381964196, 228.77402228394263, 227.07592549186515, 225.88688507082153, 224.8923985339452, 223.21270159379412, 220.97750537865593, 220.41885211781417, 223.6585909466425, 227.36634612751362, 249.8769243269325, 251.51190832789086, 252.7582095910576, 253.51488367678, 253.98988689073792, 253.09902673742783, 250.19197220179973, 245.11252557661328, 241.43727856594882, 250.22901712545402, 245.3519035509429, 242.22853451069318, 237.25085257872763, 230.55479351005144, 223.7137704246865, 213.9215236071194, 208.44341701153564, 207.62452679256495, 210.2005016092551, 212.25708144454597, 212.20856526226228, 208.9732769059569, 207.23366602880998, 208.15864579360453, 208.8015654901822, 208.72155800730954, 208.12642963780718, 207.51295682819804, 206.80190793478687, 206.5174873571106, 207.68633554322068, 209.15991689941595, 209.70091603318178, 209.2309369339783, 208.24723018759923, 207.05206048682854, 206.555070692682, 207.35374124710683, 208.83261845087554, 216.86709224040857, 221.74792877218414, 223.8563557552233, 224.79694975926336, 225.51934929844225, 226.77323833608116, 229.25499168762929, 234.01590106186515, 243.7736782383757, 253.54046083774597, 312.00987670822036, 316.5016651420784, 322.84137602597553, 329.3285687500327, 332.01056988392423, 314.9662312322332, 307.4000486273111, 223.89766306481462, 220.55567395884137, 217.47822113084197, 216.06705343015204, 214.51599880721997, 211.69003393466886, 208.6845176082636, 207.23779065683874, 206.79771879804687, 253.31099151594586, 252.39029393829438, 253.57388761151782, 255.97526795687202, 261.1254093764081, 275.3952575749978, 282.4690146926493, 331.3517253967445, 351.1891769730892, 177.13155058888375], "pitch_int": [0.25, 0.26, 0.27, 0.28, 0.29, 0.3, 0.31, 0.4, 0.41, 0.42, 0.43, 0.44, 0.45, 0.46, 0.47, 0.48, 0.49, 0.5, 0.51, 0.52, 0.53, 0.54, 0.55, 0.56, 0.57, 0.58, 0.59, 0.6, 0.67, 0.68, 0.69, 0.7, 0.71, 0.72, 0.73, 0.74, 0.75, 0.79, 0.8, 0.81, 0.82, 0.83, 0.84, 0.85, 0.86, 0.87, 0.88, 0.89, 0.9, 0.91, 0.92, 0.93, 0.94, 0.95, 0.96, 0.97, 0.98, 0.99, 1.0, 1.01, 1.02, 1.03, 1.04, 1.05, 1.06, 1.07, 1.08, 1.09, 1.1, 1.11, 1.12, 1.13, 1.14, 1.15, 1.16, 1.17, 1.18, 1.21, 1.22, 1.23, 1.24, 1.25, 1.27, 1.28, 1.34, 1.35, 1.36, 1.37, 1.38, 1.39, 1.4, 1.41, 1.42, 1.49, 1.5, 1.51, 1.52, 1.53, 1.54, 1.55, 1.59, 1.6, 1.89], "audio_url": "/file_processing/data_out/audio/Speaker7_Russia_Female_2_28.wav", "textgrid_url": "/file_processing/data_out/textgrid/Speaker7_Russia_Female_2_28.TextGrid", "labels": ["#", "On", "se", "retrouve", "\u00e0", "20", "heures,", "#", "d'accord?", "#"], "label_int": [0.25, 0.07, 0.08999999999999997, 0.4000000000000001, 0.05999999999999994, 0.2500000000000001, 0.11999999999999988, 0.06000000000000005, 0.3993, 0.24970000000000003]}