{"filename": "Speaker7_Russia_Female_3_13", "pitches": [35.1996183916522, 219.16983041296194, 183.38522852045253, 218.41565263519468, 198.5871369096371, 193.31570861858697, 188.2513134417901, 185.6243987577506, 181.8730289399592, 177.31310052575418, 175.65158470616254, 174.86487322661688, 174.62948694124645, 174.66724562201975, 174.48309146477752, 173.48427413039093, 171.69829712266966, 169.19544060100094, 167.92839607932802, 167.48141234759493, 167.690078912031, 168.604912195851, 168.82271041247378, 168.2217547411106, 167.88186208518698, 168.74518245879113, 170.65913811877653, 174.6319416926548, 178.9091825555674, 187.4716901954903, 196.91612073563965, 205.30795068820055, 213.74263559870084, 243.17049681377668, 250.92181593645552, 252.42139593285532, 226.27095449956596, 207.21768525734174, 170.92287318150693, 170.6861330736761, 171.56352327310302, 169.38306028817678, 167.8912925080954, 168.8956873647177, 168.53536045304827, 167.3957499818584, 167.1757636488148, 169.40836230824172, 168.79386113934737, 169.70228811932668, 168.29519726021482, 236.97598080704776, 238.6310324646416, 240.43884332165635, 243.34844620936076, 244.6701220802932, 244.7863324354255, 244.46909916244383, 244.51644045818335, 275.673868606963, 271.34976070842276, 268.7440849220099, 263.3452823003511, 254.31770041881774, 243.9169665711803, 235.40389191823596, 234.55252769452517, 236.58613092961218, 237.79348787455743, 237.6526317957712, 237.23273826461667, 236.46968503082732, 235.34583501691537, 234.35454496881928, 234.64072155096827, 235.4000487156608, 235.25761264956967, 234.54680913405187, 224.074257916335, 221.37482852191448, 218.29294113982326, 216.55278121348124, 214.77745320918007, 212.83651014965363, 210.321034255406, 208.64560008788598, 205.51486656708434, 200.9530973922533, 197.45611902351732, 194.20537747352898, 190.77500617283349, 188.01146529815057, 186.41657671226614, 185.60393349120633, 185.18342698098235, 183.9204520914362, 182.89963855162728, 183.65556169062899, 187.60101311050812, 187.56204368002102, 167.19898653766955, 165.72746915475938, 163.00301343826104, 158.9478300711129, 156.4643735251053, 155.9030388884643, 157.60873605129098, 162.8477302454574, 165.4476431470352, 163.91381278613923, 161.31967615943506, 156.8726360576095, 158.77100690055417, 157.36716142793153, 156.39897821523002, 158.0754282600731, 156.70191338748987, 155.63110527234522, 154.48543746108757, 165.01242786918021, 165.6450270499981, 163.5877130306883, 163.2078398984882], "pitch_int": [0.04, 0.35, 0.4, 0.46, 0.47, 0.48, 0.49, 0.5, 0.51, 0.52, 0.53, 0.54, 0.55, 0.56, 0.57, 0.58, 0.59, 0.6, 0.61, 0.62, 0.63, 0.64, 0.65, 0.66, 0.67, 0.68, 0.69, 0.7, 0.71, 0.72, 0.73, 0.74, 0.75, 0.77, 0.78, 0.81, 0.82, 0.83, 0.85, 0.86, 0.87, 0.88, 0.89, 0.9, 0.91, 0.92, 0.93, 0.94, 0.95, 0.96, 0.97, 1.04, 1.05, 1.06, 1.07, 1.08, 1.09, 1.1, 1.11, 1.16, 1.17, 1.18, 1.19, 1.2, 1.21, 1.22, 1.23, 1.24, 1.25, 1.26, 1.27, 1.28, 1.29, 1.3, 1.31, 1.32, 1.33, 1.34, 1.41, 1.42, 1.43, 1.44, 1.45, 1.46, 1.47, 1.48, 1.49, 1.5, 1.51, 1.52, 1.53, 1.54, 1.55, 1.56, 1.57, 1.58, 1.59, 1.6, 1.64, 1.65, 1.69, 1.7, 1.71, 1.72, 1.73, 1.74, 1.75, 1.76, 1.77, 1.78, 1.79, 1.8, 1.85, 1.86, 1.87, 1.88, 1.93, 1.95, 1.96, 2.03, 2.04, 2.05, 2.06], "audio_url": "/file_processing/data_out/audio/Speaker7_Russia_Female_3_13.wav", "textgrid_url": "/file_processing/data_out/textgrid/Speaker7_Russia_Female_3_13.TextGrid", "labels": ["#", "Si", "tu", "viens,", "#", "nous", "pourrons", "commencer.", "#"], "label_int": [0.2507, 0.15530000000000005, 0.13, 0.26, 0.24, 0.06000000000000005, 0.25, 0.52372, 0.24928000000000017]}