{"filename": "Speaker1_Argentina_Female_2_11", "pitches": [254.05064153286193, 248.46493421714678, 243.30670953798943, 238.78552568121233, 234.7496146552443, 232.25485628926145, 229.8044028484693, 227.54195849466038, 225.60052899236769, 223.91946598779796, 222.17349812359544, 219.23738535490358, 217.03322442959262, 219.06616065394516, 224.1910213437279, 229.85117754010008, 234.4355096260835, 237.12312101822565, 240.9163874016822, 244.5845789287019, 250.24640074771264, 255.92997846856503, 261.3787300062088, 267.57490646984434, 272.644747243174, 276.20854520871023, 280.9010976669227, 289.6894350013235, 297.65511103269876, 303.9668992432492, 312.4737042118246, 327.5053596675187, 331.97898645836636, 282.31324024143237, 284.2899060022045, 277.5866125323164, 273.92652729174796, 263.26788324863776, 264.07193996319984, 264.21587345364355, 261.35224410684697, 257.778931888922, 250.1872425149745, 244.2565219636337, 239.61801606529977, 236.59525038731698, 232.16698364118426, 229.93598483510598, 229.76551697997238, 232.86524261252399, 234.68137133105722, 235.50031001854052, 234.5769135041471, 234.50915933552153, 222.77715837220006, 224.7594457944716, 238.31111088119746, 241.40361989714563, 242.76116681461403, 244.01822986708157, 242.87297638279, 242.44284602239506, 240.07679807890986, 259.379262289043, 260.7754356798802, 261.64822238748286, 262.7983318491986, 266.47730086078474, 273.7527854316169, 279.1118670661298, 284.56817427891616, 289.8203091358381, 292.2477176899164, 292.31206724777314, 287.7467430612864, 278.0212786457695, 275.42033092197914, 272.6526583528887, 269.403614086403, 228.02058646429265, 226.3148782804265, 225.20118272787582, 226.67705583742756, 232.64774351625707, 235.40968761273135, 234.81053879054463, 233.76093239181554, 230.75369998927076, 224.0930662918583, 237.8843881575976, 238.34777773847532, 242.84440212057206, 245.9052602187325, 243.606476795704, 244.16373648600782, 246.73933999772203, 250.44532294551828, 254.28549080035305, 254.94508318222546, 253.86936862873173, 250.78428010705093, 247.34788536148343, 244.54922225864004, 240.03864753501392, 236.11475722877447, 231.5608687984351, 224.65073352319945, 220.0203541575953, 217.42499542859704, 214.37854698850614, 212.23105890704738, 219.84485788720497, 214.36700718037315, 197.15482951099455, 242.11367692129977, 239.6259266748524, 241.48880246621837], "pitch_int": [0.28, 0.29, 0.3, 0.31, 0.32, 0.33, 0.34, 0.35, 0.36, 0.37, 0.38, 0.39, 0.4, 0.41, 0.42, 0.43, 0.44, 0.45, 0.46, 0.47, 0.48, 0.49, 0.5, 0.51, 0.52, 0.53, 0.54, 0.55, 0.56, 0.57, 0.58, 0.59, 0.6, 0.7, 0.74, 0.75, 0.76, 0.88, 0.89, 0.9, 0.91, 0.92, 0.93, 0.94, 0.95, 0.96, 0.97, 0.98, 0.99, 1.0, 1.01, 1.02, 1.03, 1.04, 1.07, 1.08, 1.09, 1.1, 1.11, 1.12, 1.13, 1.14, 1.15, 1.18, 1.19, 1.2, 1.21, 1.22, 1.23, 1.24, 1.25, 1.26, 1.27, 1.28, 1.29, 1.3, 1.31, 1.32, 1.33, 1.35, 1.36, 1.37, 1.38, 1.39, 1.4, 1.41, 1.42, 1.43, 1.47, 1.49, 1.5, 1.52, 1.53, 1.54, 1.55, 1.56, 1.57, 1.58, 1.59, 1.6, 1.61, 1.62, 1.63, 1.64, 1.65, 1.66, 1.67, 1.68, 1.69, 1.7, 1.71, 1.89, 1.96, 1.98, 2.09, 2.1, 2.11], "audio_url": "/file_processing/data_out/audio/Speaker1_Argentina_Female_2_11.wav", "textgrid_url": "/file_processing/data_out/textgrid/Speaker1_Argentina_Female_2_11.TextGrid", "labels": ["#", "Paris,", "#", "c'est", "le", "c\u0153ur", "du", "", "pays.", "#"], "label_int": [0.25, 0.37, 0.21999999999999997, 0.09999999999999998, 0.1100000000000001, 0.28, 0.10999999999999988, 0.04018999999999995, 0.4724600000000001, 0.24934999999999996]}