{"filename": "Speaker7_Russia_Female_2_25", "pitches": [207.449388905606, 219.51815166953747, 215.95813430271392, 211.65927156465193, 207.7357689402316, 205.51967193422234, 205.2208711012401, 205.65200623015986, 205.7819274920337, 205.52547969539586, 205.232964036724, 205.9398825197693, 207.97558370861307, 210.32960892217903, 211.9186027177626, 213.2109856068844, 214.74212823897824, 216.23042338398844, 217.2027981249096, 217.47798483856343, 217.74253241938126, 219.0775483972451, 222.32271917805707, 225.55224014172592, 227.0293162773028, 225.29634352835268, 223.21693080422062, 220.88833364785884, 218.09166099042216, 215.20831898824923, 212.6209139066299, 211.33669999278737, 211.24650501129747, 211.96572204185026, 212.5843437454717, 212.79132961703226, 212.2155887493251, 210.8245996534052, 210.49806539093674, 213.10373365681062, 213.8100176612233, 211.30293934281994, 212.28200614805593, 214.00757912990008, 216.420207340496, 227.64619263183403, 229.71513902911948, 230.60340260424022, 231.21777048321164, 231.33610507573815, 231.3599290176998, 231.19228084428173, 231.0023009476023, 230.25030523909552, 228.80312615030198, 226.92840015257474, 225.40690733727547, 223.86283577718285, 222.00067818248925, 217.63158813046292, 216.95072859620524, 226.0391494645449, 228.61805924400824, 228.06110322784122, 226.86462695044122, 226.09877809656342, 225.81199633067422, 225.14362538207368, 223.69245541126236, 222.02092546922242, 222.01257117920053, 222.50650778681796, 221.81221403384686, 219.73968844324992, 218.37256007844172, 218.5989163978212, 219.81371904666273, 221.044773535657, 223.55698842833817, 226.66214759329623, 228.05479204748306, 227.8334303717698, 227.5748768295539, 228.40243561158746, 229.51602571266832, 230.0632937844097, 228.534564451293, 224.39875082379214, 220.67652943358217, 225.63143107841992, 225.802089156049, 226.0469479309236, 225.806953835314, 225.4141481714094, 222.5491823567592, 221.47165571249002, 258.650393694389, 257.74390215354106, 259.2649242658759, 259.2674054748099, 261.8942870759204, 269.34759321841915, 219.80534688663496, 140.39362749853723, 130.2300032247388, 114.90697717762808, 32.57911181414656], "pitch_int": [0.33, 0.34, 0.35, 0.36, 0.37, 0.38, 0.39, 0.4, 0.41, 0.42, 0.43, 0.44, 0.45, 0.46, 0.47, 0.48, 0.49, 0.5, 0.51, 0.52, 0.53, 0.54, 0.55, 0.56, 0.57, 0.58, 0.59, 0.6, 0.61, 0.62, 0.63, 0.64, 0.65, 0.66, 0.67, 0.68, 0.69, 0.7, 0.71, 0.72, 0.73, 0.74, 0.75, 0.76, 0.77, 0.79, 0.8, 0.81, 0.82, 0.83, 0.84, 0.85, 0.86, 0.87, 0.88, 0.89, 0.9, 0.91, 0.92, 0.93, 0.94, 0.96, 0.97, 0.98, 0.99, 1.02, 1.03, 1.04, 1.05, 1.06, 1.07, 1.08, 1.09, 1.1, 1.11, 1.12, 1.13, 1.14, 1.15, 1.16, 1.17, 1.18, 1.19, 1.2, 1.21, 1.22, 1.23, 1.24, 1.25, 1.32, 1.33, 1.34, 1.35, 1.36, 1.37, 1.38, 1.44, 1.45, 1.46, 1.47, 1.48, 1.49, 1.51, 1.55, 1.56, 1.57, 1.83], "audio_url": "/file_processing/data_out/audio/Speaker7_Russia_Female_2_25.wav", "textgrid_url": "/file_processing/data_out/textgrid/Speaker7_Russia_Female_2_25.TextGrid", "labels": ["#", "Tu", "viens", "avec", "nous", "au", "cin\u00e9ma", "le", "#", "soir?", "#"], "label_int": [0.25, 0.13, 0.18999999999999995, 0.2300000000000001, 0.05999999999999994, 0.06000000000000005, 0.30999999999999994, 0.030000000000000027, 0.09000000000000008, 0.27837999999999985, 0.24961999999999995]}