{"filename": "Speaker5_Africa_Male_1_28", "pitches": [113.03063850994616, 113.33606470851262, 113.34605676399471, 113.38207924777828, 113.07589011504723, 112.42506129885528, 122.25542591208139, 120.14734065723623, 118.09231089841984, 116.47917693607079, 114.81137440941554, 111.72180596365662, 110.03266382392414, 109.40137368963562, 109.52198947269497, 110.03838583246066, 110.4014272040137, 110.41423563272808, 110.22129795526995, 109.75111010927662, 109.28846129849218, 108.48945218713573, 107.31497592607403, 126.86991381864473, 122.80713005618733, 120.10621372594521, 116.96767193874827, 114.01686149275278, 111.30752478556516, 110.65637390182582, 111.12878346698542, 110.57315850975672, 109.58023835586235, 107.3102253612266, 103.64343688525493, 101.61490372655012, 99.57882631483432, 97.83195100630084, 96.7453952635155, 95.51178832538591, 86.35712744992013, 95.59008896710617, 97.1005129975134, 97.50848167897104, 97.18543333664847, 96.57780932646163, 96.24131032854804, 96.33796874471287, 96.66292562640405, 96.60056754858621, 96.36126797816235, 96.1459115894702, 96.22685542335364, 96.3976961063071, 123.31274540279941, 118.66139553989414, 114.84769203677281, 111.85478489901662, 109.53851635190686, 106.40121528737033, 103.87801377095705, 102.0673191550925, 99.25524707580955, 97.09557645039717, 94.49016777367905, 92.85289163617023, 91.58173121340752, 89.96764633755055, 88.34618628829253, 86.72139075928419, 86.31240096766535, 86.21063651365559, 86.21276663166961, 86.21737539737524, 86.35191323473252, 89.16443305302539, 90.21831329062806, 93.66026062346043, 93.18714207656662, 92.42786160122442, 91.71678870858136, 91.31341427905383, 89.82921056075452, 115.0847956777325, 113.93844953532164, 114.03105989045117, 114.48452932716188, 115.715279076959, 117.30290305945907, 119.18720112095468, 121.36953163796413, 123.5039467338382, 126.2713215318374, 130.00244185504252, 134.29293498365374, 139.6436819341502, 150.18942351285304, 158.00241566359026, 164.41775053546436, 168.1310464462571, 173.7267140089259, 176.04948144477632, 176.59048280762593, 174.57185917724686, 154.49215066660727, 154.1794923606653, 156.1349928244074], "pitch_int": [0.25, 0.26, 0.27, 0.28, 0.29, 0.3, 0.41, 0.42, 0.43, 0.44, 0.45, 0.46, 0.47, 0.48, 0.49, 0.5, 0.51, 0.52, 0.53, 0.54, 0.55, 0.56, 0.57, 0.69, 0.7, 0.71, 0.72, 0.73, 0.74, 0.75, 0.76, 0.77, 0.78, 0.79, 0.8, 0.81, 0.82, 0.83, 0.84, 0.85, 0.88, 0.91, 0.92, 0.93, 0.94, 0.95, 0.96, 0.97, 0.98, 0.99, 1.0, 1.01, 1.02, 1.03, 1.14, 1.15, 1.16, 1.17, 1.18, 1.19, 1.2, 1.21, 1.22, 1.23, 1.24, 1.25, 1.26, 1.27, 1.28, 1.29, 1.3, 1.31, 1.32, 1.33, 1.34, 1.65, 1.66, 1.71, 1.72, 1.73, 1.74, 1.75, 1.76, 1.87, 1.88, 1.89, 1.9, 1.91, 1.92, 1.93, 1.94, 1.95, 1.96, 1.97, 1.98, 1.99, 2.0, 2.01, 2.02, 2.03, 2.04, 2.05, 2.06, 2.07, 2.1, 2.13, 2.35], "audio_url": "/file_processing/data_out/audio/Speaker5_Africa_Male_1_28.wav", "textgrid_url": "/file_processing/data_out/textgrid/Speaker5_Africa_Male_1_28.TextGrid", "labels": ["#", "On", "se", "retrouve", "\u00e0", "20", "heures,", "#", "d'accord?", "#"], "label_int": [0.25, 0.07, 0.24999999999999994, 0.21000000000000008, 0.08999999999999997, 0.2799999999999999, 0.28, 0.21999999999999997, 0.5117700000000003, 0.24922999999999984]}