{"filename": "Speaker7_Russia_Female_1_25", "pitches": [103.67840988993171, 154.54091293040636, 154.842398947379, 220.8715476364427, 203.04051921206343, 200.7723424582826, 197.71787093979086, 191.63821999678112, 188.6933859405411, 191.4843717234064, 196.83352185706048, 199.96337750221085, 202.78017392346118, 204.34729046530953, 205.40712213489076, 206.44481141290274, 206.91624160003363, 207.23620327811057, 208.024017453, 209.18682330774908, 210.71793035841924, 212.27419239551, 213.82611906580138, 215.8811222583046, 217.34858185777773, 217.98179655938532, 218.03620186244564, 217.4988213903144, 215.92240866846214, 213.49670667392516, 210.89311977692927, 208.78638465011318, 206.75365811450362, 206.41408472243307, 205.2234657431065, 208.09223935596535, 209.77462471732306, 210.53456017080535, 210.85539927065253, 211.48065586832217, 211.43004009778275, 212.4112300078512, 235.92548461937807, 239.3241159404593, 242.1222159958296, 245.71730537265668, 250.06434518148038, 255.19772715821773, 261.12626068925226, 268.50869673387086, 274.0230536017499, 289.9568354764336, 299.8497126366824, 308.1877727422391, 315.1099204413063, 319.1229916269619, 320.5237657891712, 318.55694623520316, 314.95049649419366, 307.2456885414715, 257.7380594700689, 252.79522507613842, 249.32344655420255, 247.25665096050736, 244.22115766801915, 240.34640304183017, 239.17461504952175, 239.13728004991475, 238.44127583806784, 237.52491296184866, 235.62936980326566, 233.10586046627918, 231.26860137529258, 230.61230812146644, 231.51725869826072, 232.38435929658158, 233.59550969755168, 233.90139218961534, 233.21879863548307, 232.6341501563992, 233.08226968043522, 234.46335750753445, 235.30911349252275, 234.77584334783126, 232.43970613939018, 234.18798422624405, 232.67264837643663, 231.1707985892075, 230.03244335876107, 228.46604809778728, 226.23317625541938, 222.18360747329933, 220.10489350141515, 256.0794695532645, 257.7836395443926, 258.16662906006974, 257.76100660457655, 257.1164137340144, 262.329705136512, 276.20581620964145, 332.4744523322462, 374.8188360377869, 382.01170637048995, 384.3333644615909], "pitch_int": [0.13, 0.18, 0.19, 0.35, 0.37, 0.38, 0.39, 0.4, 0.41, 0.42, 0.43, 0.44, 0.45, 0.46, 0.47, 0.48, 0.49, 0.5, 0.51, 0.52, 0.53, 0.54, 0.55, 0.56, 0.57, 0.58, 0.59, 0.6, 0.61, 0.62, 0.63, 0.64, 0.65, 0.66, 0.67, 0.68, 0.69, 0.7, 0.71, 0.72, 0.73, 0.74, 0.82, 0.83, 0.84, 0.85, 0.86, 0.87, 0.88, 0.89, 0.9, 0.91, 0.92, 0.93, 0.94, 0.95, 0.96, 0.97, 0.98, 0.99, 1.07, 1.08, 1.09, 1.1, 1.11, 1.12, 1.13, 1.14, 1.15, 1.16, 1.17, 1.18, 1.19, 1.2, 1.21, 1.22, 1.23, 1.24, 1.25, 1.26, 1.27, 1.28, 1.29, 1.3, 1.31, 1.38, 1.39, 1.4, 1.41, 1.42, 1.43, 1.44, 1.45, 1.53, 1.54, 1.55, 1.56, 1.57, 1.58, 1.59, 1.62, 1.64, 1.65, 1.66], "audio_url": "/file_processing/data_out/audio/Speaker7_Russia_Female_1_25.wav", "textgrid_url": "/file_processing/data_out/textgrid/Speaker7_Russia_Female_1_25.TextGrid", "labels": ["#", "Tu", "viens", "avec", "nous", "au", "cin\u00e9ma", "#", "le", "soir?", "#"], "label_int": [0.25, 0.15999999999999998, 0.2, 0.21999999999999997, 0.07000000000000006, 0.07999999999999996, 0.3400000000000001, 0.050000000000000044, 0.05999999999999983, 0.28, 0.25]}