{"filename": "Speaker9_France_Male_2_27", "pitches": [134.58047210660365, 133.04538131492023, 132.20898108886314, 133.6978791242642, 136.3063845174935, 137.4760919704121, 136.2275477410231, 134.80827623354378, 133.37331792896518, 131.94092845610666, 130.8619677873703, 129.79424845971678, 128.5068622214027, 127.04171107216357, 125.17860477671077, 123.70198434119226, 122.0903731527992, 121.44458078497732, 123.59161889534005, 134.55982263757193, 147.99305958198119, 151.66532944203374, 155.34583545779788, 157.28178773150043, 158.08088910777343, 158.15122447294706, 157.23307840750118, 155.8398950446182, 153.67691085045757, 149.81616172603037, 146.2411654275016, 141.85490025808036, 94.68522030991912, 93.38345401917016, 92.041964813531, 90.59720462645599, 89.49568005712533, 98.91209064709588, 97.16271889700168, 95.63564882388164, 94.56245147716407, 94.22836383050681, 95.32850640944487, 97.4805546522364, 98.36220891329697, 97.91702293775359, 97.08697552409193, 96.35618671220357, 95.64481791542684, 94.82690861603314, 93.08131142190317, 91.42322399811653, 90.53169970256943, 99.2869809119176, 102.0063245527581, 107.68190266412981, 112.41197436724946, 114.07031759073203, 115.8277705656212, 117.04253942977178, 118.62697672475419, 120.70169524543692, 123.01291668035132, 124.6691015590392, 126.41626546611307, 127.103113952601, 126.9103180618348, 126.4595516268132, 125.67365889633686, 124.58013632753344, 122.55237206831198, 118.71976146215722, 115.28758769341628, 112.35028046586126, 110.34187050305619, 109.12209056444283, 107.9335185994284, 106.48946062728122, 105.87721646015058, 106.89119343090327, 110.4457237255811, 115.19525870777565, 118.00449962107807, 119.64358175891999, 120.1324451405674, 119.68234427847689, 118.29893711112263, 116.75979959255969, 114.50780997819899, 109.53790686356174, 106.35000686973676, 104.18059333466366, 103.18000339057646, 102.0461002326594, 99.0140730742033, 95.45654050756382, 92.80927635014783, 91.45559762808516, 90.8990880825197, 90.00862566037017, 89.14065512880151, 88.6203974872865, 88.35797452952846, 87.86636692593525, 87.30008322902604, 86.33120365287843, 85.49546116456169, 91.9033053333597, 90.77090542828252, 87.03065269078066, 86.08037759288594, 85.97358080697276], "pitch_int": [0.28, 0.29, 0.3, 0.31, 0.32, 0.33, 0.34, 0.35, 0.36, 0.37, 0.38, 0.39, 0.4, 0.41, 0.42, 0.43, 0.44, 0.45, 0.46, 0.47, 0.49, 0.5, 0.51, 0.52, 0.53, 0.54, 0.55, 0.56, 0.57, 0.58, 0.59, 0.6, 0.75, 0.76, 0.77, 0.78, 0.79, 0.9, 0.91, 0.92, 0.93, 0.94, 0.95, 0.96, 0.97, 0.98, 0.99, 1.0, 1.01, 1.02, 1.03, 1.04, 1.05, 1.07, 1.08, 1.09, 1.1, 1.11, 1.12, 1.13, 1.14, 1.15, 1.16, 1.17, 1.18, 1.19, 1.2, 1.21, 1.22, 1.23, 1.24, 1.25, 1.26, 1.27, 1.28, 1.29, 1.3, 1.31, 1.32, 1.33, 1.34, 1.35, 1.36, 1.37, 1.38, 1.39, 1.4, 1.41, 1.42, 1.43, 1.44, 1.45, 1.46, 1.47, 1.48, 1.49, 1.5, 1.51, 1.52, 1.53, 1.54, 1.55, 1.56, 1.57, 1.58, 1.59, 1.6, 1.8, 1.81, 1.83, 1.84, 1.85], "audio_url": "/file_processing/data_out/audio/Speaker9_France_Male_2_27.wav", "textgrid_url": "/file_processing/data_out/textgrid/Speaker9_France_Male_2_27.TextGrid", "labels": ["#", "Imagine", "si", "on", "pouvait", "voyager", "dans", "#", "ce", "temps.", "#"], "label_int": [0.25, 0.35, 0.13, 0.08000000000000007, 0.20999999999999996, 0.41999999999999993, 0.17000000000000015, 0.029999999999999805, 0.030000000000000027, 0.19667999999999997, 0.2493200000000002]}