{"filename": "Speaker6_France_Female_2_15", "pitches": [260.99326280848675, 262.72167438239273, 265.6234655710885, 265.7223709502964, 263.93153341114555, 262.1530916069485, 257.16539611154883, 249.7530033698958, 242.31226894671974, 236.35094692021522, 233.5984553980093, 232.3480273829945, 231.08857492405264, 231.37067143492283, 236.31307968608098, 245.5706122597905, 256.05760105783503, 260.424930535057, 263.3164188995281, 264.27324289580736, 262.7607633741885, 262.94222300291074, 253.18726131052063, 280.5480027102848, 275.3071389168758, 269.45063850883923, 265.2930299526185, 259.87306508249617, 251.45785576632645, 245.41816478896993, 241.40204515849615, 238.74981451427985, 236.41443576380084, 234.47576601251262, 232.0239166763796, 229.638538935651, 226.55949858421332, 225.80123559486697, 225.60237730746874, 225.44747062545304, 224.7174000326538, 223.63282727943218, 222.3534054118809, 220.76032906305272, 217.46149209388795, 226.12894865337432, 228.2586522474556, 259.8802424094394, 256.3221688596398, 254.12587111650024, 252.37893321234463, 250.28192791053655, 247.66238209701484, 248.56456734063676, 246.4964953971438, 243.0864276413012, 238.3433500278683, 234.42852926790255, 229.5621856554872, 226.14370330615992, 223.2886022811237, 220.57899662943493, 216.39684120807803, 214.35136750950463, 224.79652037032048, 225.37198273967263, 224.3536348684537, 225.55155804912246, 226.0602776606203, 225.70201867607776, 222.9381983309254, 217.89996376410355, 213.3409061825476, 209.11183433011703, 207.06624202648163, 204.71465178060612, 203.9203848781307, 204.73320268551902, 208.86750154615825, 221.88690388667226, 233.7672543411743, 242.227358471478, 250.75659486320998, 255.16237768030888, 256.67807047177223, 256.5207996652954, 255.12443898487402, 253.94487736854532, 281.2428073535653, 279.7620161296429, 277.05994820742615, 273.6407618655903, 268.5165563983983, 260.14532608390306, 252.3142122853031, 250.53130829007404, 256.2602965196785, 262.9049545031757, 263.8800512825607, 263.7146674824559, 262.6883136270862, 261.7298908590986, 261.1054723776558, 259.40326635648444, 279.575974829016, 278.41106810879273, 277.60953774068497, 278.29922539145446, 280.3275435369379, 284.35822198203954, 290.86107454579474, 302.92613885771846, 308.8258959719894, 313.78893944725553, 315.2433968738751, 316.5089741898621, 317.9063100645593], "pitch_int": [0.37, 0.38, 0.39, 0.4, 0.41, 0.42, 0.43, 0.44, 0.45, 0.46, 0.47, 0.48, 0.49, 0.5, 0.51, 0.52, 0.53, 0.54, 0.55, 0.56, 0.57, 0.58, 0.62, 0.65, 0.66, 0.67, 0.68, 0.69, 0.7, 0.71, 0.72, 0.73, 0.74, 0.75, 0.76, 0.77, 0.78, 0.79, 0.8, 0.81, 0.82, 0.83, 0.84, 0.85, 0.86, 0.89, 0.9, 0.97, 0.98, 0.99, 1.0, 1.01, 1.02, 1.03, 1.04, 1.05, 1.06, 1.07, 1.08, 1.09, 1.1, 1.11, 1.12, 1.13, 1.15, 1.16, 1.17, 1.18, 1.19, 1.2, 1.21, 1.22, 1.23, 1.24, 1.25, 1.26, 1.27, 1.28, 1.29, 1.3, 1.31, 1.32, 1.33, 1.34, 1.35, 1.36, 1.37, 1.38, 1.47, 1.48, 1.49, 1.5, 1.51, 1.52, 1.53, 1.54, 1.55, 1.56, 1.57, 1.58, 1.59, 1.6, 1.61, 1.62, 1.7, 1.71, 1.72, 1.73, 1.74, 1.75, 1.76, 1.78, 1.79, 1.8, 1.81, 1.82, 1.83], "audio_url": "/file_processing/data_out/audio/Speaker6_France_Female_2_15.wav", "textgrid_url": "/file_processing/data_out/textgrid/Speaker6_France_Female_2_15.TextGrid", "labels": ["#", "Pouvez-vous", "parler", "plus", "lentement", "s\u2019il", "vous", "pla\u00eet?", "#"], "label_int": [0.25, 0.31999999999999995, 0.30000000000000004, 0.16000000000000003, 0.3400000000000001, 0.15999999999999992, 0.09000000000000008, 0.21494999999999997, 0.24905]}