{"filename": "Speaker5_Africa_Male_2_14", "pitches": [116.98161740176843, 115.39341905303628, 113.99862012622538, 111.75262863095955, 115.40275462421019, 114.11240362945398, 112.34679872943062, 110.5984360470863, 108.74549985502688, 104.36417749270814, 101.57861696635422, 103.07859834669117, 106.50953370031807, 107.85612596641549, 108.64224276691854, 109.10241424372285, 110.02966093304694, 111.84337708897675, 114.12776262643266, 116.61030210339875, 118.73414943740825, 120.5799051953365, 122.34677873211949, 123.72951631775818, 125.23509540615017, 126.94141947286579, 128.7907394319844, 131.4499097428019, 133.8427881643725, 136.98959183038832, 140.53718306829214, 144.72757732616526, 148.43900673731156, 152.8285188772403, 155.8818664892881, 156.7040377983834, 156.6863754079106, 155.59085141672932, 115.11551942201552, 116.25799642596158, 117.70272624280958, 118.66042432340231, 120.12754837817843, 119.66497891574141, 118.27053604287877, 117.01021453635222, 117.30031271548542, 115.80076359360042, 114.56000508081692, 113.67021008912857, 112.75262348982805, 110.97645369492008, 109.37177863078752, 110.62803664197438, 116.54068744691247, 117.25639742363848, 117.20779937638295, 116.90794613489632, 116.9169791001253, 117.09686598262681, 117.28463388702382, 117.2772825943825, 117.35847210396014, 116.94118230472385, 115.5184049195446, 130.8927940108701, 127.28112451025652, 123.61668862908846, 122.05000204602231, 120.32097023624999, 118.05750564748143, 117.34504556125373, 117.33301570675783, 118.12736212769724, 118.20493113455021, 118.15626622296668, 117.1505004094698, 115.88780991274334, 114.56678012315358, 113.01888590199991, 111.79112633599394, 110.77308596006647, 109.72097261887731, 108.6737890026835, 107.49725129377819, 105.78633214487976, 173.40864651341468, 142.12391177005645, 142.48850661173543, 142.58030092468826, 141.3899989759739, 140.08004060762522, 139.20026114758292, 138.70453505310252, 139.0351930569338, 138.69714974434862, 138.61129288810798, 139.37099418649086, 139.0407363905171, 138.21923805265905, 137.86171965898905, 138.56988320689715, 139.25952986398704, 138.90986577265716], "pitch_int": [0.33, 0.34, 0.35, 0.36, 0.52, 0.53, 0.54, 0.55, 0.56, 0.58, 0.6, 0.61, 0.62, 0.63, 0.64, 0.65, 0.66, 0.67, 0.68, 0.69, 0.7, 0.71, 0.72, 0.73, 0.74, 0.75, 0.76, 0.77, 0.78, 0.79, 0.8, 0.81, 0.82, 0.83, 0.84, 0.85, 0.86, 0.87, 0.94, 0.95, 0.96, 0.97, 0.98, 0.99, 1.0, 1.01, 1.17, 1.18, 1.19, 1.2, 1.21, 1.22, 1.23, 1.24, 1.25, 1.26, 1.27, 1.28, 1.29, 1.3, 1.31, 1.32, 1.33, 1.34, 1.35, 1.44, 1.45, 1.46, 1.47, 1.48, 1.49, 1.5, 1.51, 1.52, 1.53, 1.54, 1.55, 1.56, 1.57, 1.58, 1.59, 1.6, 1.61, 1.62, 1.63, 1.64, 1.82, 1.95, 1.96, 1.97, 1.98, 1.99, 2.0, 2.01, 2.02, 2.03, 2.04, 2.05, 2.06, 2.07, 2.08, 2.09, 2.1, 2.11], "audio_url": "/file_processing/data_out/audio/Speaker5_Africa_Male_2_14.wav", "textgrid_url": "/file_processing/data_out/textgrid/Speaker5_Africa_Male_2_14.TextGrid", "labels": ["#", "Si", "tu", "viens,", "nous", "pourrons", "commencer.", "#"], "label_int": [0.25, 0.13, 0.18999999999999995, 0.3400000000000001, 0.12, 0.32000000000000006, 0.5214999999999999, 0.24950000000000006]}