{"filename": "Speaker8_France_Female_3_7", "pitches": [222.0963637284749, 222.42949112873956, 224.03512385223542, 226.67206768555337, 231.84497294240091, 237.43743556924892, 241.012926989856, 243.97297514552776, 246.29109028145444, 246.91270736965072, 246.32087807670487, 242.35553138058944, 235.51604539935715, 227.9909488911265, 223.66623777052664, 226.21894838944974, 230.05716358930283, 230.33159298113884, 229.25111475912706, 227.21975100124578, 223.18610591962138, 218.2860812514774, 213.90294712969532, 210.39194644752016, 207.38570576171554, 204.72416520670052, 204.25484998220838, 217.63822340652848, 189.49976608687763, 186.462546448727, 184.5021704935291, 182.07503079053004, 179.1628441325455, 176.16696871239589, 175.30129074160212, 175.70349162605527, 176.26184520231624, 176.35466064382905, 176.63706379678828, 177.02285052969333, 176.8173222782099, 176.05208122017785, 175.00944682254277, 174.36234578836564, 203.83041352298804, 214.8863123424498, 216.33691015388152, 220.38986876124315, 259.7354845557853, 270.25675737700504, 301.1454038736189, 342.7782166547271, 358.93408973301945, 382.4734401122432, 395.64006006620906, 410.03431662534007, 416.40439765574064, 417.5366137018119, 415.7469703474296, 411.2113530591861, 403.4128082344875, 397.3591339277845, 390.4734114304676, 380.3127833144398, 348.2090264574366, 313.7145181448379, 259.86132184848515, 250.74752997080827, 238.86427782541975, 230.49730203322713, 222.0563641623467, 215.52179971594666, 210.71212711090834, 209.45604399014644, 210.1488265866237, 210.35323820098444, 209.96961651481803, 209.60650821807315, 208.56855975635173, 205.81254820629098, 201.7312785690261, 198.23848444756337, 195.98295133758128, 193.91279371068157, 191.86818684277821, 190.36417364691812, 189.09990679905303, 187.65637686577932, 186.3507377324202, 187.594869272128, 193.40389922395562, 197.96423560187864, 199.4953234109887, 199.13890788645153, 197.66708566644607, 196.3302376836052, 194.82453890658502, 192.37587788543107, 188.97562446607733, 165.04278303484426, 186.11103209268126, 184.6722437319988, 183.9306175437018, 182.6234744834589, 180.83777143635717, 178.66216473171897, 177.19250918953367, 175.7844686124615, 175.2388253184605, 175.15136603576508, 175.13867586449294, 174.18920979392993, 172.59017093746115, 169.70305534384664, 167.50926203369346], "pitch_int": [0.25, 0.26, 0.27, 0.28, 0.29, 0.3, 0.31, 0.32, 0.33, 0.34, 0.35, 0.36, 0.37, 0.38, 0.39, 0.4, 0.41, 0.42, 0.43, 0.44, 0.45, 0.46, 0.47, 0.48, 0.49, 0.5, 0.51, 0.54, 0.58, 0.59, 0.6, 0.61, 0.62, 0.63, 0.64, 0.65, 0.66, 0.67, 0.68, 0.69, 0.7, 0.71, 0.72, 0.73, 0.75, 0.76, 0.77, 0.78, 0.81, 0.82, 0.84, 0.86, 0.87, 0.88, 0.89, 0.9, 0.91, 0.92, 0.93, 0.94, 0.95, 0.96, 0.97, 0.98, 1.0, 1.02, 1.05, 1.06, 1.07, 1.08, 1.09, 1.1, 1.11, 1.12, 1.13, 1.14, 1.15, 1.16, 1.17, 1.18, 1.19, 1.2, 1.21, 1.22, 1.23, 1.24, 1.25, 1.26, 1.27, 1.28, 1.29, 1.3, 1.31, 1.32, 1.33, 1.34, 1.35, 1.36, 1.37, 1.44, 1.49, 1.5, 1.51, 1.52, 1.53, 1.54, 1.55, 1.56, 1.57, 1.58, 1.59, 1.6, 1.61, 1.62, 1.63], "audio_url": "/file_processing/data_out/audio/Speaker8_France_Female_3_7.wav", "textgrid_url": "/file_processing/data_out/textgrid/Speaker8_France_Female_3_7.TextGrid", "labels": ["#", "Vous", "\u00eates", "anglais", "ou", "am\u00e9ricain?", "#"], "label_int": [0.25041, 0.17858999999999997, 0.16999999999999998, 0.31000000000000005, 0.1399999999999999, 0.6046800000000001, 0.24931999999999999]}