{"filename": "Speaker8_France_Female_2_1", "pitches": [204.2449016543603, 203.77949757803162, 203.50615483304978, 203.1652097573108, 202.34348289478075, 200.62185530812204, 180.44543322159015, 180.2038228230527, 180.01104210921116, 179.9419376434778, 179.97127739196318, 179.64155553957724, 177.6946320609471, 175.3934940150609, 176.4775886904002, 181.1317970648074, 204.59442598224769, 208.21249560067963, 210.54012553875683, 213.66119201944485, 219.70309227918722, 228.79657646632594, 237.9144603610738, 245.36082937892337, 252.93533233725597, 259.645602876498, 264.4117542705445, 267.20500446035555, 267.4358914641302, 265.22497493440363, 261.2171764072202, 257.01325475302076, 250.4437308789215, 238.57265101751852, 229.7293994480529, 219.65434251761152, 208.45114771431463, 201.7891527503247, 198.05197323819948, 195.7579633228093, 192.06811780259642, 188.00358337168495, 183.79089787931233, 182.36325260508175, 196.93568819706348, 200.85111324171754, 203.2951583639341, 208.42285437243942, 216.30295500459022, 224.4695855158582, 236.64604738585993, 246.52182985245403, 256.9786520737385, 275.59508819247964, 287.5050125860919, 293.0728644027952, 295.9477575203764, 300.3709437312816, 201.55093218487696, 198.1496879766196, 195.3450788682896, 190.30229233136086, 185.91852661924744, 181.57773755640784, 177.34063810497406, 174.2331620139063, 171.08003279395973, 167.8899666742444, 164.85169266728062, 160.88226397039745, 156.9934369011155, 155.50594348308525, 154.49043527785608, 153.1175442781372, 151.56763769684983, 151.20788116043707, 151.63907725872662, 152.1909978439587, 152.09971077419016, 151.38936976322927, 150.33749602910856, 149.25596526629118, 148.2542720984428, 147.58862815759176, 146.75224527863153, 146.44080569698448, 152.70026288131703, 245.02858099824093, 243.6938209943187, 243.25108997951952, 244.60265904223323, 248.19360986802874, 253.23557178961477, 256.26129977362524, 257.24946943362744, 257.62699762012545, 199.8880662558635, 198.47993991925046, 196.85992942207466, 194.29981685748191, 190.83386497424783, 185.84777456560445, 181.4504446653804, 175.73346031444038, 147.48225180298596, 144.989073745573, 142.55313211727184, 139.87424859291627, 137.40933629812687, 134.1379564342676, 132.6405039637825], "pitch_int": [0.25, 0.26, 0.27, 0.28, 0.29, 0.3, 0.49, 0.5, 0.51, 0.52, 0.53, 0.54, 0.55, 0.56, 0.57, 0.58, 0.6, 0.61, 0.62, 0.63, 0.64, 0.65, 0.66, 0.67, 0.68, 0.69, 0.7, 0.71, 0.72, 0.73, 0.74, 0.75, 0.76, 0.77, 0.78, 0.79, 0.8, 0.81, 0.82, 0.83, 0.84, 0.85, 0.86, 0.87, 1.03, 1.04, 1.05, 1.06, 1.07, 1.08, 1.09, 1.1, 1.11, 1.12, 1.13, 1.14, 1.15, 1.16, 1.29, 1.3, 1.31, 1.32, 1.33, 1.34, 1.35, 1.36, 1.37, 1.38, 1.39, 1.4, 1.41, 1.42, 1.43, 1.44, 1.45, 1.46, 1.47, 1.48, 1.49, 1.5, 1.51, 1.52, 1.53, 1.54, 1.55, 1.56, 1.59, 1.64, 1.65, 1.66, 1.67, 1.68, 1.69, 1.7, 1.71, 1.72, 1.89, 1.9, 1.91, 1.92, 1.93, 1.94, 1.95, 1.96, 2.1, 2.11, 2.12, 2.13, 2.14, 2.15, 2.16], "audio_url": "/file_processing/data_out/audio/Speaker8_France_Female_2_1.wav", "textgrid_url": "/file_processing/data_out/textgrid/Speaker8_France_Female_2_1.TextGrid", "labels": ["#", "Il", "#", "travaille", "en", "France,", "mais", "il", "n'est", "pas", "#", "fran\u00e7ais.", "#"], "label_int": [0.25, 0.08000000000000002, 0.03999999999999998, 0.4, 0.08999999999999997, 0.43000000000000005, 0.06000000000000005, 0.07999999999999985, 0.1200000000000001, 0.17999999999999994, 0.030000000000000027, 0.3800000000000001, 0.25]}