{"filename": "Speaker3_France_Male_1_7", "pitches": [143.7556086205407, 108.51190111975868, 108.43175529456718, 109.5211805132139, 110.58454856922026, 111.68875358153171, 113.21348330044573, 114.55305853419088, 115.31828293748669, 115.73018627460206, 115.77580690988444, 115.76130009442304, 115.77311037133595, 115.75740298456522, 115.50324654812, 115.24192974312689, 114.60809912870326, 113.91857962455006, 113.092563707189, 113.08882672074117, 114.3501815082009, 116.88585678649696, 120.01054716553654, 122.08221186747308, 123.16469727619393, 123.37925013138323, 123.2598827372656, 123.07222765946207, 123.40005158341386, 125.57891039502476, 130.33372562589236, 135.7396578818796, 142.852053860259, 143.2177164154373, 142.5713480161699, 140.5029044559903, 139.1997901204341, 138.5626087257372, 137.48561430842662, 136.16900946797097, 135.12740284560607, 133.9434682399322, 132.0014946964584, 129.06984372484527, 124.87983905232807, 121.81661859838204, 118.22621658594963, 116.48960699908521, 115.90486087912502, 116.27264543779226, 116.63228871734438, 117.14150798864507, 117.27296196190741, 116.83828006575098, 116.24802408567284, 115.28130639679729, 113.18265971422294, 113.60075395844692, 113.33884691627762, 115.85862916842393, 118.57801293663913, 120.2052513068981, 121.12738676324753, 121.80889111670035, 123.83622726137078, 128.74652280742973, 162.90593684180118, 166.64528636377028, 170.38702952257785, 174.00456778670178, 174.93325555047218, 174.89617294931006, 175.34718733015632, 177.82092552300065, 180.7697653967798, 187.7733739927943, 190.24105158740343, 187.48609444350615, 134.48882460672587, 75.08463633754388, 55.957021190660114, 55.495951087162574, 55.698621063023175, 56.24658070492394, 57.13937961604833, 57.02894483312892, 54.699770113743654, 52.040211920238654, 51.168582698379026, 50.9025539263009, 50.28902888599383, 143.78739214178435, 150.5243241286474, 157.02662082715523, 161.5438152137031, 163.4332344916706, 190.85496833691494], "pitch_int": [0.21, 0.28, 0.29, 0.3, 0.31, 0.32, 0.33, 0.34, 0.35, 0.36, 0.37, 0.38, 0.39, 0.4, 0.41, 0.42, 0.43, 0.44, 0.45, 0.46, 0.47, 0.48, 0.49, 0.5, 0.51, 0.52, 0.53, 0.54, 0.55, 0.56, 0.57, 0.58, 0.6, 0.61, 0.62, 0.63, 0.64, 0.65, 0.66, 0.67, 0.68, 0.69, 0.7, 0.71, 0.72, 0.73, 0.74, 0.75, 0.76, 0.77, 0.78, 0.79, 0.8, 0.81, 0.82, 0.83, 0.87, 0.88, 0.89, 0.9, 0.91, 0.92, 0.93, 0.94, 0.95, 0.96, 1.0, 1.01, 1.02, 1.03, 1.04, 1.05, 1.06, 1.07, 1.08, 1.09, 1.11, 1.12, 1.2, 1.3, 1.35, 1.36, 1.37, 1.38, 1.39, 1.4, 1.6, 1.65, 1.66, 1.67, 1.68, 1.88, 1.89, 1.9, 1.91, 1.92, 2.0], "audio_url": "/file_processing/data_out/audio/Speaker3_France_Male_1_7.wav", "textgrid_url": "/file_processing/data_out/textgrid/Speaker3_France_Male_1_7.TextGrid", "labels": ["#", "Vous", "vivez", "en", "#", "ville", "#", "ou", "\u00e0", "la", "#", "campagne?", "#", "#"], "label_int": [0.25039, 0.15061000000000002, 0.24, 0.16000000000000003, 0.13, 0.27, 0.08999999999999986, 0.09000000000000008, 0.040000000000000036, 0.08999999999999986, 0.07000000000000006, 0.4283899999999998, 0.051610000000000156, 0.25]}