{"filename": "Speaker9_France_Male_1_7", "pitches": [125.82898777831595, 99.63807625527144, 98.0507894547631, 96.03511092103189, 93.92946277149342, 91.05628758428104, 95.28013634120174, 95.58615269065902, 95.88007504395293, 96.51772850112947, 97.67893127971541, 98.99723692848676, 100.25219145369996, 100.3899782553176, 99.25232037872755, 97.92498655154503, 96.42153080122698, 94.72319850188413, 93.953766112057, 94.06849919757308, 94.32826523530444, 94.89807320334012, 95.70443455028922, 96.29208753246127, 96.84790380416622, 97.99516982735462, 99.74822167932076, 100.74445598821923, 100.56628663698312, 99.76166732624692, 98.7875368052557, 98.07422906187858, 97.73346867995468, 97.48654314060813, 97.41042188508524, 97.60566831063778, 98.35492313077275, 99.5973181935406, 100.74508106359231, 101.73783952450043, 102.47809838224308, 102.84141913074224, 102.77577206916493, 102.42601165025222, 102.10072793622665, 101.69965433594967, 101.60058013966348, 101.55264898513326, 110.79789783124548, 125.71918943135168, 148.73053260586164, 151.40023446625844, 164.44017801848935, 167.2418660759594, 171.0646487038704, 173.56289465803144, 174.01693860215045, 173.93740819691348, 173.3252427725551, 172.50129353680916, 173.15342925745614, 173.14508576929936, 171.29947237181904, 168.1941112065956, 163.9189741385854, 156.46480130826546, 135.47375958536276, 131.2310716524256, 126.52532902818069, 122.26332809662475, 118.31298412865183, 115.28765807227691, 112.09165886986405, 109.25304035933124, 107.12963941406542, 105.02786482094604, 104.89569996864914, 105.08073984757542, 104.05733901003232, 102.39894011229444, 100.68851996998708, 98.78233503240075, 97.59446191829213, 96.446043313043, 95.4629879732728, 94.61480198076151, 99.78398296504487, 98.78697833448885, 97.67530841644437, 96.55205488226052, 95.30059609145816, 94.10645688733341, 93.06600763340994, 91.2077688550749, 89.58522711483016, 94.13446253651139, 93.52836732148057, 92.8965217741924, 92.49219589433, 92.71319326126087, 94.13941053905047, 95.78191970881423, 96.58085953113115, 97.0169059547508, 97.29609777220463, 97.43165849266789, 97.37923901585889, 97.53977438817189, 98.60649662490837, 100.07495318868587, 100.22238456153681, 99.45374873540186, 98.25264620874108, 97.41919485994869, 97.07548744938416, 97.27143141206264, 97.3950616675589, 97.24797630443659, 96.8644885648518, 96.20518192535368, 236.48112418817408], "pitch_int": [0.22, 0.26, 0.27, 0.28, 0.29, 0.3, 0.33, 0.34, 0.35, 0.36, 0.37, 0.38, 0.39, 0.4, 0.41, 0.42, 0.43, 0.44, 0.45, 0.46, 0.47, 0.48, 0.49, 0.5, 0.51, 0.52, 0.53, 0.54, 0.55, 0.56, 0.57, 0.58, 0.59, 0.6, 0.61, 0.62, 0.63, 0.64, 0.65, 0.66, 0.67, 0.68, 0.69, 0.7, 0.71, 0.72, 0.73, 0.74, 0.75, 0.76, 0.79, 0.8, 0.82, 0.83, 0.84, 0.85, 0.86, 0.87, 0.88, 0.89, 0.9, 0.91, 0.92, 0.93, 0.94, 0.95, 0.97, 0.98, 0.99, 1.0, 1.01, 1.02, 1.03, 1.04, 1.05, 1.06, 1.07, 1.08, 1.09, 1.1, 1.11, 1.12, 1.13, 1.14, 1.15, 1.16, 1.26, 1.27, 1.28, 1.29, 1.3, 1.31, 1.32, 1.33, 1.34, 1.47, 1.48, 1.49, 1.5, 1.51, 1.52, 1.53, 1.54, 1.55, 1.56, 1.57, 1.58, 1.59, 1.6, 1.61, 1.62, 1.63, 1.64, 1.65, 1.66, 1.67, 1.68, 1.69, 1.7, 1.71, 1.84], "audio_url": "/file_processing/data_out/audio/Speaker9_France_Male_1_7.wav", "textgrid_url": "/file_processing/data_out/textgrid/Speaker9_France_Male_1_7.TextGrid", "labels": ["#", "Vous", "vivez", "en", "ville", "ou", "\u00e0", "la", "campagne?", "#"], "label_int": [0.25, 0.06, 0.29, 0.14, 0.19000000000000006, 0.09999999999999998, 0.030000000000000027, 0.10999999999999988, 0.58718, 0.24982000000000015]}