{"filename": "Speaker5_Africa_Male_2_13", "pitches": [152.67206755898377, 154.08205176914134, 152.55938877131044, 152.79897800361186, 152.8719915701187, 151.86447006597285, 150.3510885587888, 150.2354110080115, 116.15376015355851, 115.27588838791283, 114.61592415262606, 113.74512906235142, 112.53483963545749, 111.21023156738458, 109.61904436973145, 108.57316319676109, 108.46175759589899, 108.8229445284877, 109.13357940617702, 108.906005243148, 109.10782823072758, 113.15453861376297, 115.99393574069032, 116.08020863616888, 116.32631114107816, 116.54785997564792, 117.54564236701458, 119.99778141526862, 122.47408428423199, 124.15230773623816, 126.97356362715774, 129.49842382560368, 131.624571188224, 134.97413803492836, 137.2964494358714, 139.13083060941307, 140.86287270925285, 142.79218198032152, 145.3417833327308, 147.60538699095778, 148.0623880746112, 114.49923895892746, 112.61679053925661, 111.26362594416379, 109.5487450798219, 106.88814297006125, 106.34123567191516, 107.99166685687412, 107.92915373137221, 107.81864234034602, 107.77526920040174, 107.39223109034795, 106.76800882132797, 107.35966630154695, 107.62729106465316, 115.59972925056354, 127.25312969005265, 137.52339531789443, 141.88494201727127, 137.65969519620222, 137.12950198216936, 136.40048850800494, 135.50378636652968, 134.60838436520237, 134.15015408223962, 134.09711088839137, 133.8199804304851, 133.1207832006816, 132.4919421821307, 131.99494239353206, 132.03355727961286, 132.2988407469294, 131.9256017051791, 131.09646061680291, 129.76317334865013, 128.38016024833786, 125.81121751878186, 129.6539679138709, 129.9965101738365, 127.99714447822512, 124.890229265909, 122.47381255371394, 120.82226696806916, 119.5978941328438, 118.26181500844993, 117.18717429090538, 116.15527994985625, 133.11919785849648, 133.21989290364507, 133.22930418174136, 133.6975940635191, 100.16966830594609, 97.46898759866774, 95.05555937778566, 92.134573809264, 89.580026575228, 85.83827327994486, 84.71014333401918, 83.59167170006754, 80.1740171512308, 80.1119663506794, 71.15330105450992], "pitch_int": [0.17, 0.18, 0.21, 0.22, 0.23, 0.24, 0.25, 0.26, 0.3, 0.31, 0.32, 0.33, 0.34, 0.35, 0.36, 0.37, 0.38, 0.39, 0.4, 0.41, 0.42, 0.43, 0.44, 0.45, 0.46, 0.47, 0.48, 0.49, 0.5, 0.51, 0.52, 0.53, 0.54, 0.55, 0.56, 0.57, 0.58, 0.59, 0.6, 0.61, 0.7, 0.72, 0.73, 0.74, 0.75, 0.76, 0.79, 0.8, 0.81, 0.82, 0.83, 0.84, 0.85, 0.89, 0.9, 0.93, 0.94, 0.95, 0.96, 0.99, 1.0, 1.01, 1.02, 1.03, 1.04, 1.05, 1.06, 1.07, 1.08, 1.09, 1.1, 1.11, 1.12, 1.13, 1.14, 1.15, 1.16, 1.17, 1.18, 1.19, 1.2, 1.21, 1.22, 1.23, 1.24, 1.25, 1.26, 1.3, 1.31, 1.32, 1.33, 1.41, 1.42, 1.43, 1.44, 1.45, 1.47, 1.48, 1.49, 1.51, 1.52, 1.57], "audio_url": "/file_processing/data_out/audio/Speaker5_Africa_Male_2_13.wav", "textgrid_url": "/file_processing/data_out/textgrid/Speaker5_Africa_Male_2_13.TextGrid", "labels": ["#", "Paris,", "c'est", "le", "#", "c\u0153ur", "du", "pays.", "#"], "label_int": [0.25, 0.33999999999999997, 0.18000000000000005, 0.08999999999999997, 0.07999999999999996, 0.20999999999999996, 0.1200000000000001, 0.2788999999999999, 0.2491000000000001]}