{"filename": "Speaker4_France_Male_1_4", "pitches": [235.6235147700117, 235.68470396761876, 234.1790458241228, 234.26795806794377, 235.20012546508949, 236.01718494099615, 102.8851177647262, 103.22738750235125, 103.8126388629426, 104.88586296820044, 106.36752663309133, 108.56258834318899, 111.44000484775196, 115.75580161635435, 119.1374423601084, 122.65615212338906, 125.24709412745852, 128.0523601838871, 129.22970509161888, 129.95771598751608, 131.33862068900353, 134.5981991064737, 138.9719144147585, 141.36772147876957, 143.0026772340711, 144.70272651522203, 146.200425049723, 146.64405010668568, 145.92540831252776, 144.05656830858433, 141.63985919342377, 138.54904617781668, 135.95798005951406, 133.06524541099077, 131.25731153497415, 129.69957246148573, 125.6265951628342, 123.59671158998694, 122.17094100054238, 120.12318400541652, 118.23192586048438, 117.6409666386577, 117.24402818409254, 117.22503610306379, 117.34765789218199, 117.15221462805334, 115.742732784726, 111.73514875923429, 112.18270271317687, 114.7421331556246, 116.50231141526481, 117.57300355850178, 118.35785573607325, 118.57693562589625, 117.65067941514249, 116.47896932245712, 115.39241117190643, 114.46844411557079, 114.55623207972317, 115.61534970513239, 116.50793232792975, 116.8266164921986, 116.90164068930484, 116.7114791391216, 116.36721896984646, 115.58658555736477, 114.81808594983477, 117.44176881743698, 116.91059297446897, 116.82543017850195, 116.67927898058255, 116.66988945050218, 117.05014870233384, 150.1772074231265, 147.81073970534334, 146.60081856304066, 145.61143023887698, 145.32301468339386, 146.13087818833048, 148.35516709937548, 150.9152425592272, 153.1686833834788, 154.40354162194652, 155.74254354144986, 155.77785011212166, 153.66333798486454, 152.22065938469913, 151.07514312716748, 149.01557490182557, 147.63443945450797, 148.19407979843393, 148.93551025264037, 149.23482504941282, 147.73498154740838, 147.7611733957936, 146.77171351105906, 148.54777724432464, 147.96732864111618, 148.10618265567092, 147.99890733810824, 148.09811802485473], "pitch_int": [0.0, 0.02, 0.14, 0.16, 0.17, 0.18, 0.39, 0.4, 0.41, 0.42, 0.43, 0.44, 0.45, 0.46, 0.47, 0.48, 0.49, 0.5, 0.51, 0.52, 0.53, 0.54, 0.55, 0.56, 0.57, 0.58, 0.59, 0.6, 0.61, 0.62, 0.63, 0.64, 0.65, 0.66, 0.67, 0.68, 0.69, 0.7, 0.71, 0.72, 0.73, 0.74, 0.75, 0.76, 0.77, 0.78, 0.79, 0.81, 0.82, 0.84, 0.85, 0.86, 0.87, 0.88, 0.89, 0.9, 0.91, 0.92, 0.93, 0.94, 0.95, 0.96, 0.97, 0.98, 0.99, 1.0, 1.01, 1.04, 1.05, 1.06, 1.07, 1.08, 1.14, 1.17, 1.18, 1.19, 1.2, 1.21, 1.22, 1.23, 1.24, 1.25, 1.26, 1.27, 1.28, 1.29, 1.3, 1.31, 1.32, 1.33, 1.34, 1.35, 1.36, 1.37, 1.38, 1.39, 1.4, 1.41, 1.42, 1.43, 1.44], "audio_url": "/file_processing/data_out/audio/Speaker4_France_Male_1_4.wav", "textgrid_url": "/file_processing/data_out/textgrid/Speaker4_France_Male_1_4.TextGrid", "labels": ["#", "C'est", "elle,", "la", "directrice?", "#"], "label_int": [0.25, 0.19, 0.21000000000000002, 0.08999999999999997, 0.7697100000000001, 0.2492899999999998]}