{"filename": "Speaker5_Africa_Male_2_23", "pitches": [119.19517807125374, 116.32070546454456, 114.95481386676595, 106.72456737013133, 106.03929254866402, 104.68020214673133, 103.5057098721104, 103.22139759721966, 103.55259731352965, 103.0213097474093, 101.65369455394693, 100.71361573729686, 99.97536078009082, 99.30923193768457, 99.00433466148819, 98.8061845982388, 98.71767161557852, 98.62279452423525, 98.47053084205358, 97.99776913839642, 97.13088114469913, 97.26926025695019, 96.99538215316201, 111.44312392662945, 119.8086237479828, 116.71157510165934, 114.17807972595946, 112.10665956603566, 110.7209138915802, 109.4789491359889, 108.59948409888563, 106.72706779897658, 132.8493165755338, 127.91967883324163, 124.86710777863297, 123.37387856627159, 122.07269295069682, 119.15677709573593, 118.0512873378182, 120.37703086765308, 123.44122937274236, 125.16471320936719, 127.6594311230292, 131.08078880817607, 133.90834924254784, 137.49996765335123, 139.0580648120802, 139.17609332285872, 138.5038989592127, 137.14521527004618, 134.77728158279888, 132.19989939491353, 129.0063075877268, 124.69942142700113, 121.45021190014978, 118.122840280284, 115.17727187670674, 110.68707015204566, 116.72210452817768, 102.63980414507012, 98.12177374134674, 93.27160433004858, 89.60763494192186, 90.02082781493581, 90.42452292451692, 90.61913186897414, 90.91274114446875, 91.86751359905544, 92.88914738638451, 94.80604530375972, 95.73078850670329, 95.9478684158957, 95.80309819232261, 95.58333968368514, 95.59210228402536, 97.1561681673648, 100.0167114998408, 116.09012286382018, 120.91136540033881, 123.58159891433628, 124.91819899767702, 127.13314368667982, 129.65417599039478, 131.16794184287625, 132.30377463441238, 132.590645630752, 131.94603861845277, 130.5532178255109, 128.12627137344467, 125.0473841737084, 122.20016710430345, 117.95087459580536, 113.99903080133831, 110.77630190794633, 107.93327662595127, 104.31233208434706, 100.29534743424742, 97.94347911200094], "pitch_int": [0.34, 0.35, 0.36, 0.4, 0.41, 0.42, 0.43, 0.44, 0.45, 0.46, 0.47, 0.48, 0.49, 0.5, 0.51, 0.52, 0.53, 0.54, 0.55, 0.56, 0.57, 0.61, 0.62, 0.69, 0.74, 0.75, 0.76, 0.77, 0.78, 0.79, 0.8, 0.81, 0.92, 0.93, 0.94, 0.95, 0.96, 0.97, 0.98, 0.99, 1.0, 1.01, 1.02, 1.03, 1.04, 1.05, 1.06, 1.07, 1.08, 1.09, 1.1, 1.11, 1.12, 1.13, 1.14, 1.15, 1.16, 1.19, 1.2, 1.87, 1.88, 1.89, 1.9, 1.91, 1.92, 1.93, 1.94, 1.95, 1.96, 1.97, 1.98, 1.99, 2.0, 2.01, 2.02, 2.03, 2.04, 2.06, 2.07, 2.08, 2.09, 2.1, 2.11, 2.12, 2.13, 2.14, 2.15, 2.16, 2.17, 2.18, 2.19, 2.2, 2.21, 2.22, 2.23, 2.24, 2.25, 2.26], "audio_url": "/file_processing/data_out/audio/Speaker5_Africa_Male_2_23.wav", "textgrid_url": "/file_processing/data_out/textgrid/Speaker5_Africa_Male_2_23.TextGrid", "labels": ["#", "Tu", "m'impressionnes,", "#", "bravo!", "#"], "label_int": [0.25, 0.13, 0.7200000000000001, 0.77, 0.4148299999999998, 0.2491699999999999]}