{"filename": "Speaker6_France_Female_1_15", "pitches": [253.26951158592576, 250.73943155000023, 248.4272224954218, 246.72177958951153, 241.7806074499261, 236.57850593301717, 232.39203939384709, 226.39293615704634, 221.08654184566143, 220.67687046020794, 224.3001160127722, 236.6544047460556, 239.63861395450112, 241.22704373065324, 240.85322590215551, 236.8058744365027, 242.0121006720086, 239.0386217555535, 235.34720970676514, 232.17915416040069, 228.31792874315857, 225.8705812984722, 225.5308348002242, 226.38599076758385, 226.7514765029324, 226.82558478507988, 225.7692390736509, 224.48345098803972, 223.67476546880656, 225.19146524410527, 228.7235873487923, 231.81500274721458, 233.09827754179355, 233.70518419887196, 233.97553551914012, 233.80776117612342, 223.11980698060108, 219.46106976258352, 252.2948968114348, 249.44156649799666, 247.73910521971789, 246.30319557507616, 242.09010704293817, 235.7691134856117, 231.7696210760418, 228.9546722737491, 228.9734784362281, 228.99009466675093, 227.11999331578556, 224.29807044872786, 220.15742556894648, 217.02870061947533, 215.1117972905824, 213.33589972477384, 211.6392017404934, 210.34477494710228, 212.27182267123166, 223.0578287672517, 223.4290833729449, 222.77303458263918, 221.65773108372517, 222.0083284846545, 223.23493045030852, 222.56283414673166, 219.57035438757615, 215.22559292648543, 210.79714410142915, 208.71286234947829, 207.18544640828924, 207.12837756063266, 208.09465897631446, 210.71718091329697, 215.8086271529338, 226.0659416567795, 239.21802599999384, 250.28941641211307, 264.218612122095, 269.49830085040395, 271.53086027735776, 272.1599584146925, 272.3034697898125, 273.3688534339779, 303.19629296210985, 299.31884683242083, 296.2305833496446, 292.551156827132, 289.277861248891, 280.28030481357564, 275.3281028317799, 275.11939571871824, 279.2229966571607, 288.9823598441394, 290.1058221491882, 287.16072353474937, 283.679875258985, 279.45337948186653, 276.1235991983869, 273.111037184446, 269.4974704331707, 268.70899110946885, 301.07385338856284, 298.6821523805617, 297.5710538396483, 297.686100219528, 297.1304681546117, 297.2909257485344, 299.10687521420635, 302.72840006067247, 306.513038967501, 312.7920269320287, 323.1823200707387, 330.1956881027588, 338.0183851150564, 344.347275096094, 341.3931713073808, 308.1273151476942, 305.16380326628234, 303.7665619971488, 302.2070899422339, 301.9498991104613, 302.6894750766745, 304.0762081174423, 298.96264996289295, 298.61213043461953], "pitch_int": [0.32, 0.33, 0.34, 0.35, 0.36, 0.37, 0.38, 0.39, 0.4, 0.41, 0.42, 0.43, 0.44, 0.45, 0.46, 0.47, 0.56, 0.57, 0.58, 0.59, 0.6, 0.61, 0.62, 0.63, 0.64, 0.65, 0.66, 0.67, 0.68, 0.69, 0.7, 0.71, 0.72, 0.73, 0.74, 0.75, 0.77, 0.78, 0.86, 0.87, 0.88, 0.89, 0.9, 0.91, 0.92, 0.93, 0.94, 0.95, 0.96, 0.97, 0.98, 0.99, 1.0, 1.01, 1.02, 1.03, 1.04, 1.06, 1.07, 1.08, 1.09, 1.1, 1.11, 1.12, 1.13, 1.14, 1.15, 1.16, 1.17, 1.18, 1.19, 1.2, 1.21, 1.22, 1.23, 1.24, 1.25, 1.26, 1.27, 1.28, 1.29, 1.3, 1.39, 1.4, 1.41, 1.42, 1.43, 1.44, 1.45, 1.46, 1.47, 1.48, 1.49, 1.5, 1.51, 1.52, 1.53, 1.54, 1.55, 1.56, 1.63, 1.64, 1.65, 1.66, 1.67, 1.68, 1.69, 1.7, 1.71, 1.72, 1.73, 1.74, 1.75, 1.76, 1.77, 1.83, 1.88, 1.89, 1.9, 1.91, 1.92, 1.93, 1.99, 2.0], "audio_url": "/file_processing/data_out/audio/Speaker6_France_Female_1_15.wav", "textgrid_url": "/file_processing/data_out/textgrid/Speaker6_France_Female_1_15.TextGrid", "labels": ["#", "Pouvez-vous", "parler", "plus", "lentement", "s\u2019il", "vous", "pla\u00eet?", "#"], "label_int": [0.25, 0.25588999999999995, 0.26411000000000007, 0.15000000000000002, 0.37, 0.17999999999999994, 0.08000000000000007, 0.22970000000000002, 0.24929999999999986]}