{"filename": "Speaker3_France_Male_1_25", "pitches": [141.07567484012836, 139.58836763874518, 137.61505483750798, 135.65023170649124, 135.46713649474106, 136.7624599641452, 137.89025955833108, 138.36087410342597, 138.74090256137356, 139.86252208385412, 140.9192912719435, 140.37947609699154, 139.0898651518416, 138.65181806505285, 138.39892798125857, 138.17703327430823, 137.12236475810425, 135.46731246194912, 133.10842952209575, 128.1001688507806, 123.55774287064072, 118.43314697290052, 115.75069673184343, 120.66401746871918, 123.15258167648155, 124.08439747829028, 123.50844203718678, 122.51302329418482, 120.96018495195023, 118.30024225740799, 116.3593056273681, 114.63313614076911, 112.9805969633101, 113.05203847950258, 113.49028177431333, 114.01667139726922, 114.19683457244048, 114.31022513696072, 113.96467463630039, 113.11590270071308, 110.29669344586264, 112.64407254785397, 112.76336153683225, 112.67892427677694, 120.35450083975336, 118.98341845073425, 116.78315021083972, 115.45505580763816, 113.872894837643, 111.87488276479321, 110.65651329842788, 111.14647682517044, 113.32757773349257, 114.53406495479945, 114.91849424336236, 115.15680261697946, 114.95601675036902, 114.35758506567865, 113.47556974907063, 111.53394429272466, 109.94469283040056, 109.35650913938878, 109.62158022600224, 110.851881164302, 112.77291828913707, 114.72143935469742, 115.85876845639503, 116.92943347196237, 118.27199944341523, 120.29655327240464, 122.67432508888297, 124.43003263880607, 126.14482741212004, 127.4094872147756, 128.33844930909368, 128.9721010717928, 128.99755629549043, 128.32503285542634, 126.57548800977699, 124.46349514485621, 122.78610992091318, 117.97412165516877, 115.38310190033604, 113.30580844811394, 112.74425455282058, 112.32645500931804, 112.11090895970327, 115.9950238480535, 119.47248300840279, 120.61117680405273, 119.09357972684145, 117.37754740027907, 115.85222859907597, 114.15871431808726, 112.72867876267264, 111.41734031691004, 122.44863923715066, 137.8041814053015, 152.5513288358675, 169.0683507980631, 194.10569992262597, 222.67923035131335, 219.4640067423839, 217.9889628901118, 216.90094087976195, 216.04348040951078, 214.83004096748851, 212.98021793573616, 221.00532678693207, 221.585857160895, 220.96724396415541, 219.30152219017106], "pitch_int": [0.28, 0.29, 0.3, 0.31, 0.32, 0.33, 0.34, 0.35, 0.36, 0.37, 0.38, 0.39, 0.4, 0.41, 0.42, 0.43, 0.44, 0.45, 0.46, 0.47, 0.48, 0.49, 0.5, 0.52, 0.53, 0.54, 0.55, 0.56, 0.57, 0.58, 0.59, 0.6, 0.62, 0.63, 0.64, 0.77, 0.78, 0.79, 0.8, 0.81, 0.82, 0.86, 0.87, 0.88, 0.9, 0.91, 0.92, 0.93, 0.94, 0.95, 0.96, 0.97, 0.98, 0.99, 1.0, 1.01, 1.02, 1.03, 1.04, 1.05, 1.06, 1.07, 1.08, 1.09, 1.1, 1.11, 1.12, 1.13, 1.14, 1.15, 1.16, 1.17, 1.18, 1.19, 1.2, 1.21, 1.22, 1.23, 1.24, 1.25, 1.26, 1.27, 1.28, 1.29, 1.3, 1.31, 1.32, 1.33, 1.34, 1.35, 1.36, 1.37, 1.38, 1.39, 1.4, 1.41, 1.42, 1.43, 1.44, 1.45, 1.46, 1.51, 1.52, 1.53, 1.54, 1.63, 1.64, 1.65, 1.7, 1.71, 1.72, 1.73], "audio_url": "/file_processing/data_out/audio/Speaker3_France_Male_1_25.wav", "textgrid_url": "/file_processing/data_out/textgrid/Speaker3_France_Male_1_25.TextGrid", "labels": ["#", "Imagine", "si", "on", "pouvait", "voyager", "dans", "ce", "#", "temps.", "#"], "label_int": [0.25, 0.38, 0.17000000000000004, 0.029999999999999916, 0.22000000000000008, 0.31000000000000005, 0.09999999999999987, 0.030000000000000027, 0.050000000000000044, 0.11464000000000008, 0.2493599999999998]}