{"filename": "Speaker6_France_Female_3_26", "pitches": [220.99239235960647, 217.32580539887206, 213.33625026428862, 209.6808075364013, 207.38963790346503, 206.75396635458011, 206.70375666374102, 207.97325433520808, 225.06940688798935, 224.0658619641516, 223.2152753434287, 222.0544969060434, 220.75935364406106, 219.73659545172615, 217.0113731807927, 212.90245023221215, 209.5902913978751, 224.07464832318087, 225.6981262888686, 249.95600871348455, 248.13655950884896, 246.54812074397307, 244.9216807937715, 242.01796188888886, 238.68769787981188, 235.048314081303, 231.88641403506415, 229.37546835986123, 227.7465834759692, 225.64180162462156, 222.9728660211818, 220.14046336919418, 217.36327463173564, 212.36399578951455, 208.70285865987583, 209.18596722471236, 219.71652700889908, 186.34741376247615, 183.06739823211268, 179.94455211671547, 176.3623620127106, 174.05083946837658, 171.99409944642898, 171.02685091052635, 173.2789417945101, 179.27616988370087, 180.56485351514283, 179.77741332215896, 178.2237034455325, 177.377961502853, 177.4704419762728, 179.17583472116704, 181.40188812992227, 181.98226643823364, 182.23448866682935, 182.003407079672, 181.12429514902504, 181.42099766732795, 183.90268875697916, 226.1759964465802, 225.39205952235756, 224.49646552102746, 225.55078741941813, 228.54429989769923, 232.2581551461954, 234.6450965716531, 237.14925987853564, 239.5291447093291, 240.8711506024375, 241.0318551628693, 239.75959150505008, 237.54903490226835, 233.9128594578646, 231.13524571634912, 235.49737651160666, 234.35378696280628, 233.7959486091609, 209.24275520098445, 209.7030113375465, 212.23242396223228, 208.07016563988276, 203.8183417617663, 197.8551131884724, 192.6050414970161, 190.475766364944, 189.55333032505823, 189.16855244313493, 188.34703727423832, 186.66587817715538, 185.285750761822, 199.60427102421028, 223.09607542016238, 221.7404859197714, 219.091662583601, 217.10704105626309, 215.44781085631203, 213.09676955430098, 210.7802764105708, 209.74798326312435, 209.0760753704654, 209.28372911807782, 208.2704574106363, 204.4903010019601, 198.48666193278382, 195.32428804547013, 191.87812273632392, 189.32733175110388, 186.96007632128988, 184.06313957694667, 180.87446607432378, 179.55089717560728, 181.43423150688784, 187.3482404205137, 193.04381723150811, 194.4168293517673, 191.08253208046563, 187.5038038284558, 185.589652692947, 186.75627886263985, 213.29872944053636, 215.13277301411318], "pitch_int": [0.32, 0.33, 0.34, 0.35, 0.36, 0.37, 0.38, 0.39, 0.42, 0.43, 0.44, 0.45, 0.46, 0.47, 0.48, 0.49, 0.5, 0.53, 0.54, 0.59, 0.6, 0.61, 0.62, 0.63, 0.64, 0.65, 0.66, 0.67, 0.68, 0.69, 0.7, 0.71, 0.72, 0.73, 0.74, 0.75, 0.88, 0.91, 0.92, 0.93, 0.94, 0.95, 0.96, 0.97, 0.98, 0.99, 1.0, 1.01, 1.02, 1.03, 1.04, 1.05, 1.06, 1.07, 1.08, 1.09, 1.1, 1.11, 1.12, 1.34, 1.35, 1.36, 1.37, 1.38, 1.39, 1.4, 1.41, 1.42, 1.43, 1.44, 1.45, 1.46, 1.47, 1.48, 1.52, 1.53, 1.54, 1.57, 1.58, 1.59, 1.6, 1.61, 1.62, 1.63, 1.64, 1.65, 1.66, 1.67, 1.68, 1.69, 1.73, 1.82, 1.83, 1.84, 1.85, 1.86, 1.87, 1.88, 1.89, 1.9, 1.91, 1.92, 1.93, 1.94, 1.95, 1.96, 1.97, 1.98, 1.99, 2.0, 2.01, 2.02, 2.03, 2.04, 2.05, 2.06, 2.07, 2.08, 2.09, 2.12, 2.13], "audio_url": "/file_processing/data_out/audio/Speaker6_France_Female_3_26.wav", "textgrid_url": "/file_processing/data_out/textgrid/Speaker6_France_Female_3_26.TextGrid", "labels": ["#", "Je", "ne", "peux", "pas", "y", "croire,", "c'est", "trop", "beau", "pour", "\u00eatre", "vrai.", "#"], "label_int": [0.25094, 0.08806000000000003, 0.03999999999999998, 0.12, 0.18999999999999995, 0.050000000000000044, 0.37439999999999996, 0.14390999999999998, 0.1416900000000001, 0.09000000000000008, 0.16999999999999993, 0.21999999999999997, 0.21164000000000005, 0.2493599999999998]}