{"filename": "Speaker8_France_Female_1_15", "pitches": [200.7315363199837, 197.23229969140766, 192.8908253138112, 187.9659096938934, 183.54934603109928, 180.17351553642428, 176.58218517662644, 171.92680737386758, 166.7884774218936, 161.70268143280657, 156.6554378262112, 153.24389879140696, 148.42813281130316, 144.6250324006714, 141.34309598605785, 140.02545200541024, 142.62485595490134, 253.96578065695996, 265.093006283636, 269.14516733224883, 270.0329510152446, 267.56856961517434, 356.9732991031174, 384.95942992553205, 379.8075934847961, 374.57691586835017, 364.2250828420169, 350.61604886253406, 344.0131094703117, 335.02935887599233, 319.2110969686297, 307.39609664819915, 297.0585111500725, 289.72202436594944, 280.8367348779583, 273.73129602758405, 263.3051731672856, 250.70937438040488, 236.11265200423108, 229.28354978721134, 213.0086548195237, 207.82830353474355, 202.2388900781437, 196.41787312316023, 188.62278636272933, 182.95578742732556, 177.14970324485833, 180.7955379299338, 178.31539072465551, 177.82543605822866, 176.64297447628994, 174.86752597943936, 173.3230594376755, 171.67039936673092, 169.58090492081698, 167.62582839189218, 167.11727473877474, 167.28160059984572, 166.87107268265638, 165.77958756425954, 163.0442885847468, 159.26990562223128, 157.18288270839565, 155.88512193227868, 155.10734801878752, 154.40326333381316, 153.2702251774507, 151.5839547575906, 150.1887145594903, 148.99051023767592, 147.13500045892727, 173.8034154389163, 176.72176755655943, 179.45315178945134, 182.64512685763282, 193.3422805097101, 198.28148863906418, 204.01552922708584, 212.38050860060966, 223.91450554487318, 275.3287630761127, 283.00339054123714, 293.3476793601832, 298.53611996635425, 303.30583862305633, 305.90401114306917, 308.6469544704956, 217.27967562640447, 206.94068819976007, 205.55890233568107, 204.02154736586715, 175.57217004149467, 172.203199091653, 169.27223122632506, 165.35686502089263, 158.8001181401751, 155.52983632623577, 152.48106288531912, 149.5779698155167, 147.5478751129339, 146.86113763400843, 149.20001160960075, 145.82742274516272, 144.0995227443798, 141.578607856118, 141.44168492538296, 169.0780894131375, 168.31736290400505, 169.00133792013867, 170.44895647045703, 173.4281727899008, 205.30095841703888, 251.03554983991302], "pitch_int": [0.31, 0.32, 0.33, 0.34, 0.35, 0.36, 0.37, 0.38, 0.39, 0.4, 0.41, 0.42, 0.43, 0.44, 0.45, 0.46, 0.47, 0.56, 0.57, 0.58, 0.59, 0.6, 0.65, 0.66, 0.67, 0.68, 0.69, 0.7, 0.71, 0.72, 0.73, 0.74, 0.75, 0.76, 0.77, 0.78, 0.79, 0.8, 0.81, 0.82, 0.84, 0.85, 0.86, 0.87, 0.88, 0.89, 0.9, 1.02, 1.03, 1.04, 1.05, 1.06, 1.07, 1.08, 1.09, 1.1, 1.11, 1.12, 1.13, 1.14, 1.15, 1.16, 1.17, 1.18, 1.19, 1.2, 1.21, 1.22, 1.23, 1.24, 1.25, 1.36, 1.37, 1.38, 1.39, 1.4, 1.41, 1.42, 1.43, 1.44, 1.47, 1.48, 1.49, 1.5, 1.51, 1.52, 1.53, 1.64, 1.66, 1.67, 1.68, 1.7, 1.71, 1.72, 1.73, 1.74, 1.75, 1.76, 1.77, 1.78, 1.79, 1.85, 1.86, 1.87, 1.88, 1.89, 2.04, 2.05, 2.06, 2.07, 2.08, 2.1, 2.13], "audio_url": "/file_processing/data_out/audio/Speaker8_France_Female_1_15.wav", "textgrid_url": "/file_processing/data_out/textgrid/Speaker8_France_Female_1_15.TextGrid", "labels": ["#", "Pouvez-vous", "parler", "plus", "lentement", "#", "s\u2019il", "vous", "#", "pla\u00eet?", "#"], "label_int": [0.25, 0.33999999999999997, 0.30000000000000004, 0.22000000000000008, 0.3999999999999999, 0.08000000000000007, 0.1299999999999999, 0.06000000000000005, 0.09000000000000008, 0.31911999999999985, 0.2498800000000001]}