{"filename": "Speaker6_France_Female_2_13", "pitches": [265.90897824090695, 237.75200509883192, 224.4057931872376, 222.47905125714732, 218.06048221647177, 212.5230690257971, 207.66610400268578, 206.26410862813765, 206.6640662921912, 231.1306782953971, 228.67320047122362, 227.27153664570565, 226.229108313986, 223.9598745112207, 221.42232903853602, 218.4430057937686, 213.9563941065266, 209.12399422164873, 206.01658963922858, 204.58911334974843, 206.21212631957732, 209.9918994959739, 214.94341086407684, 216.50389726948254, 213.9812461290914, 211.63630633755002, 209.33970678820538, 207.60812196630343, 206.68303525608724, 205.68060613045873, 204.4441116476499, 203.180436456019, 200.98512971260462, 198.0552617196473, 196.8706177925918, 199.27118557481623, 208.11679278082747, 216.26505742535696, 220.81218627458296, 223.69229007102913, 226.5103847916111, 229.59540413259242, 232.4194673793464, 233.8142224646565, 234.56602187225576, 233.37920658892625, 229.95145189737028, 228.8315186644073, 226.7165706515934, 273.4726046309568, 269.8934084841693, 268.08873264408254, 265.3938037929863, 261.40563506718485, 258.25228762402196, 252.49054174791104, 247.5403041740157, 245.32643803489185, 242.31201101039773, 237.1466821536299, 233.3781455067292, 229.83879953664743, 225.1549478627623, 220.71526448367405, 216.14408020750756, 212.58394893065497, 212.96246274032922, 277.30963716092975, 277.22184771703735, 278.2895131663638, 280.23019243053164, 282.20978582147205, 285.415636007254, 286.2012926872146, 284.08376251660036, 279.3697272973045, 275.46111215977106, 271.17386769779745, 263.72499573135036, 255.11068258880033, 244.53280667014806, 235.2201943762925, 227.15199936915002, 210.9290358739766, 197.31420366466403, 192.22888077984862, 184.6179832275706, 181.65201338007682, 178.6504465532231, 177.2022710554721, 177.52321865704545, 178.43348452028008, 179.06682740245873, 179.15492145915792, 178.11908698127908, 176.72541051288735, 175.3709853907697, 174.51549080036006, 174.8052645272238, 177.12449740021611, 179.36614082573485, 180.6624194193032, 180.1978570486433, 180.2309889093877, 181.43115227458694, 183.02376796863103, 184.76245470817574, 185.5469253907043, 185.64230626903498, 185.17458631373583, 184.18106112667445, 182.5904802754077, 181.32918385747183, 181.47238663201892, 181.56957494881198, 175.024335173249, 173.29412053928104], "pitch_int": [0.14, 0.25, 0.26, 0.27, 0.28, 0.29, 0.3, 0.31, 0.32, 0.36, 0.37, 0.38, 0.39, 0.4, 0.41, 0.42, 0.43, 0.44, 0.45, 0.46, 0.47, 0.48, 0.49, 0.5, 0.51, 0.52, 0.53, 0.54, 0.55, 0.56, 0.57, 0.58, 0.59, 0.6, 0.61, 0.62, 0.63, 0.64, 0.65, 0.66, 0.67, 0.68, 0.69, 0.7, 0.71, 0.72, 0.76, 0.77, 0.8, 0.83, 0.84, 0.85, 0.86, 0.87, 0.88, 0.89, 0.9, 0.91, 0.92, 0.93, 0.94, 0.95, 0.96, 0.97, 0.98, 0.99, 1.0, 1.16, 1.17, 1.18, 1.19, 1.2, 1.21, 1.22, 1.23, 1.24, 1.25, 1.26, 1.27, 1.28, 1.29, 1.3, 1.31, 1.33, 1.35, 1.36, 1.37, 1.38, 1.39, 1.4, 1.41, 1.42, 1.43, 1.44, 1.45, 1.46, 1.47, 1.48, 1.49, 1.5, 1.51, 1.52, 1.53, 1.54, 1.55, 1.56, 1.57, 1.58, 1.59, 1.6, 1.61, 1.62, 1.63, 1.64, 1.65, 1.73, 1.74], "audio_url": "/file_processing/data_out/audio/Speaker6_France_Female_2_13.wav", "textgrid_url": "/file_processing/data_out/textgrid/Speaker6_France_Female_2_13.TextGrid", "labels": ["#", "Nous", "avons", "beaucoup", "march\u00e9", "aujourd\u2019hui!", "#"], "label_int": [0.25, 0.13, 0.22999999999999998, 0.27, 0.36, 0.41649, 0.2495099999999999]}