{"filename": "Speaker4_France_Male_2_16", "pitches": [116.71870002773103, 115.4022778962887, 115.07597376875742, 115.40875184656188, 115.83190479712023, 116.76447809203768, 118.06539271028798, 120.72405573718598, 123.81797161893968, 126.21584226641673, 128.98896975379483, 131.23299748484888, 132.78765789939658, 133.9860957828034, 134.46928715610622, 133.80598489973744, 132.6801013902627, 133.62432171948473, 135.1730023085891, 136.83208493806399, 138.92586164148977, 145.91985359634248, 142.69781423165963, 139.17521724308094, 135.15002855324803, 132.2279762820118, 127.99783491861629, 123.9860496964861, 122.57139211277327, 122.17937527424418, 122.90739597081888, 123.55242485358136, 123.70730815892925, 123.91086808552693, 124.05650737515825, 125.37315228003344, 127.01847361212712, 127.57669694056075, 126.8151397998926, 127.35570106511709, 128.23545917180638, 129.74566636216994, 130.73143786874522, 129.72751705856052, 127.28184288353361, 127.68474435978746, 126.53710592316146, 124.96102635666753, 123.98572117048344, 130.73570644254482, 164.36316226389943, 161.46994938873542, 160.47736392515725, 159.3770822940277, 157.6318371634894, 156.39067020659854, 155.70765145653615, 154.13911045098823, 151.3475441070766, 148.72996562397213, 146.19849532002337, 144.94438087050426, 142.50749735683087, 138.66491630711005, 136.2799975334026, 135.08318210533074, 134.2584130606152, 133.4385763038448, 132.35595620381002, 131.1209180142497, 130.00979667915266, 128.01600682301162, 152.98988509338656, 151.00503331393344, 153.38368522898116, 155.30938808981426, 153.5572263350798, 137.31337001496368, 137.0178040694139, 137.45663768964616, 138.70820635365652, 142.4457746815868, 146.90962633188923, 150.09162325604677, 153.50772000644656, 155.00240291727633, 154.70905738471566, 136.09077063494166, 133.53924881852535, 131.84615553494038, 130.10261188594748, 127.81277249284554, 124.98369190402434, 123.20461107063316, 121.4057372432622, 120.21093426596374, 119.28045863421107, 118.2870652673909, 116.84533506854437, 115.61770795826128, 135.829441559462, 136.49219801842128, 135.5884749774319, 134.8333547583346, 135.26895636136163, 136.34579797781907, 138.9626581222058, 146.47272464602423, 150.965992865258, 155.7351967764878, 160.86510280544107, 167.55801290250088, 158.04490540969434, 144.96849385033718, 136.65228833293958, 136.3640369711109, 135.94655788209803, 136.13516634783653, 135.94856680928893], "pitch_int": [0.31, 0.32, 0.33, 0.34, 0.35, 0.36, 0.37, 0.38, 0.39, 0.4, 0.41, 0.42, 0.43, 0.44, 0.45, 0.46, 0.47, 0.53, 0.54, 0.55, 0.56, 0.59, 0.6, 0.61, 0.62, 0.63, 0.64, 0.65, 0.66, 0.67, 0.68, 0.69, 0.7, 0.71, 0.72, 0.73, 0.74, 0.75, 0.76, 0.77, 0.78, 0.79, 0.8, 0.81, 0.84, 0.85, 0.86, 0.87, 0.88, 0.94, 1.0, 1.01, 1.02, 1.03, 1.04, 1.05, 1.06, 1.07, 1.08, 1.09, 1.1, 1.11, 1.12, 1.13, 1.14, 1.15, 1.16, 1.17, 1.18, 1.19, 1.2, 1.21, 1.25, 1.26, 1.29, 1.3, 1.31, 1.35, 1.36, 1.37, 1.38, 1.39, 1.4, 1.41, 1.42, 1.43, 1.44, 1.58, 1.59, 1.6, 1.61, 1.62, 1.63, 1.64, 1.65, 1.66, 1.67, 1.68, 1.69, 1.7, 1.76, 1.8, 1.81, 1.82, 1.83, 1.84, 1.85, 1.86, 1.87, 1.88, 1.89, 1.94, 1.95, 1.96, 2.0, 2.02, 2.03, 2.04, 2.05], "audio_url": "/file_processing/data_out/audio/Speaker4_France_Male_2_16.wav", "textgrid_url": "/file_processing/data_out/textgrid/Speaker4_France_Male_2_16.TextGrid", "labels": ["#", "Pouvez-vous", "parler", "#", "plus", "lentement", "s\u2019il", "vous", "pla\u00eet?", "#"], "label_int": [0.25, 0.22999999999999998, 0.33000000000000007, 0.1399999999999999, 0.13000000000000012, 0.3599999999999999, 0.19999999999999996, 0.06000000000000005, 0.22650000000000015, 0.24950000000000006]}