{"filename": "Speaker4_France_Male_1_19", "pitches": [232.50342075292372, 234.34740539694042, 235.29341795362717, 236.75318123233254, 236.9195793129647, 236.28573037185953, 234.2244894172316, 233.80846353761928, 234.42930062793425, 102.04902828639678, 102.2307749339233, 102.26821955999837, 101.65265877087768, 100.69419328435737, 99.51948554534526, 98.35132738732653, 97.66505561560004, 100.59359145352929, 100.54350718889395, 100.25669131986831, 132.0421667676879, 130.32600670265077, 129.85091616239413, 129.4081948083105, 128.98084690047028, 128.5890557334208, 127.79568652237066, 126.5289280170048, 125.12921218582096, 123.83352152358648, 121.51226442773988, 122.81314419521334, 121.57884252743499, 118.66753427366598, 116.9351695399115, 115.34345307521528, 113.1766535454465, 110.64093146983829, 108.64715675496004, 106.97251549183933, 105.39882519667272, 103.95389329213108, 103.61100860707047, 104.0306001075015, 104.14778209673507, 104.13710461151375, 103.99569679684058, 103.44487097585242, 102.63718939843513, 101.54642351330196, 100.04067350730591, 98.63287427513811, 97.71994999943529, 97.15436151184961, 207.02448592118455, 206.55896214451192, 207.94560394472222, 208.68369851131865, 210.85612601897657, 210.25709963845554, 209.4101934314582, 151.15641445329896, 150.81885430057275, 150.01773702855718, 148.79367830697555, 145.5715231642657, 142.4225051304773, 140.46945571051688, 138.1981839041202, 134.8061236671228, 131.72976562345173, 127.79192370431007, 124.11775665951194, 120.13882368485261, 116.02353962230461, 112.03933151179746, 96.02300182592073, 127.73972568682166, 126.12248798416296, 124.96013272772977, 123.61743698324139, 122.78172124474779, 122.2267981369379, 122.67650696055574, 121.63607822908696, 118.65245434715008, 116.65408067737411, 97.31396227317668, 95.57012176717103, 94.27387453833668, 93.4202676343134, 92.65237890440181, 92.12872440838956, 91.31511097422825, 90.5121528756156, 89.8582940694007, 89.39661561838582, 88.91363118385028, 239.2443645189204, 238.4736428133576], "pitch_int": [0.1, 0.11, 0.12, 0.13, 0.14, 0.15, 0.17, 0.18, 0.19, 0.29, 0.3, 0.31, 0.32, 0.33, 0.34, 0.35, 0.36, 0.39, 0.4, 0.41, 0.47, 0.48, 0.49, 0.5, 0.51, 0.52, 0.53, 0.54, 0.55, 0.56, 0.57, 0.62, 0.63, 0.67, 0.68, 0.69, 0.7, 0.71, 0.72, 0.73, 0.74, 0.75, 0.76, 0.77, 0.78, 0.79, 0.8, 0.81, 0.82, 0.83, 0.84, 0.85, 0.86, 0.87, 0.95, 0.96, 0.97, 0.98, 0.99, 1.0, 1.01, 1.05, 1.06, 1.07, 1.08, 1.09, 1.1, 1.11, 1.12, 1.13, 1.14, 1.15, 1.16, 1.17, 1.18, 1.19, 1.23, 1.35, 1.36, 1.37, 1.38, 1.39, 1.4, 1.41, 1.42, 1.43, 1.44, 1.47, 1.48, 1.49, 1.5, 1.51, 1.52, 1.53, 1.54, 1.55, 1.56, 1.57, 1.77, 1.78], "audio_url": "/file_processing/data_out/audio/Speaker4_France_Male_1_19.wav", "textgrid_url": "/file_processing/data_out/textgrid/Speaker4_France_Male_1_19.TextGrid", "labels": ["#", "Le", "centre", "commercial", "est", "tout", "droit.", "#"], "label_int": [0.25, 0.09999999999999998, 0.29000000000000004, 0.5399999999999999, 0.07000000000000006, 0.21999999999999997, 0.1513, 0.24970000000000003]}