{"filename": "Speaker8_France_Female_1_13", "pitches": [233.85124505570928, 234.33222261123862, 234.3354712601945, 233.68808700084082, 231.97332576566953, 227.8345980753778, 223.49274494954767, 222.59787802544344, 226.93873015365088, 234.09239188208016, 237.4702039194019, 239.8496651007525, 240.5617979834005, 238.5467512594531, 235.55409789012455, 232.7101747147037, 228.3351285213771, 222.10389965263292, 215.01260818923083, 207.2831043928359, 205.11432151456617, 204.88625099620808, 204.55179996416248, 204.33656838465947, 203.87298804479641, 203.08989353944145, 202.26652930493339, 201.26163107389146, 200.27615231201298, 199.36262985066628, 198.60424862111745, 198.02860369553625, 195.60394702799886, 191.8717245848784, 191.1738377097565, 191.17578637091947, 191.24839628915734, 192.22150563730435, 195.2361909604389, 199.61311426255335, 205.92139964407548, 259.2435792491161, 267.9517312541958, 275.5172446490352, 284.47533114025543, 289.0361322807827, 291.46842579974157, 290.2436021447204, 282.82083850205186, 321.83194032265146, 318.46073650921335, 314.27558347320644, 313.0571173216255, 311.4686966895153, 303.64479813198153, 296.47084087887833, 294.1332468270557, 293.1472692278182, 291.93399216387087, 290.1468807784375, 288.1901077087918, 285.596636216964, 281.4404987557454, 277.0594801665969, 274.59853312064257, 272.2872304895594, 268.63814026331653, 261.8416930577086, 257.936814013619, 303.42649655937186, 301.67524549908296, 300.98935817507174, 298.54371175932795, 293.975415774212, 290.00034265548726, 280.1179616227639, 273.14662846263616, 265.3499892913653, 256.31316373881145, 242.5546092135616, 221.19472412477108, 211.52210595152283, 185.90481209174874, 180.9546489061896, 176.66330879816843, 174.57460584718473, 173.11537837941015, 171.8112536628338, 170.93713790893702, 167.87817710571787, 154.6905716399639, 152.71678664555932, 150.79740116040233, 147.8430148204733, 145.41512313987297, 142.29994374838202, 142.08778540467722, 143.12589877617395, 144.5241238742845, 144.94578478351843, 144.95087841752434, 142.88971549189642, 140.8621297769106, 131.68473785890964, 131.3543678323142, 131.06174923225, 130.6180876908486, 130.0613069800371], "pitch_int": [0.25, 0.26, 0.27, 0.28, 0.29, 0.3, 0.31, 0.32, 0.33, 0.34, 0.35, 0.36, 0.37, 0.38, 0.39, 0.4, 0.41, 0.42, 0.43, 0.44, 0.45, 0.46, 0.47, 0.48, 0.49, 0.5, 0.51, 0.52, 0.53, 0.54, 0.55, 0.56, 0.57, 0.58, 0.59, 0.6, 0.61, 0.62, 0.63, 0.64, 0.65, 0.68, 0.69, 0.7, 0.71, 0.72, 0.73, 0.74, 0.75, 0.86, 0.87, 0.88, 0.89, 0.9, 0.91, 0.92, 0.93, 0.94, 0.95, 0.96, 0.97, 0.98, 0.99, 1.0, 1.01, 1.02, 1.03, 1.04, 1.05, 1.22, 1.23, 1.24, 1.25, 1.26, 1.27, 1.28, 1.29, 1.3, 1.31, 1.32, 1.34, 1.35, 1.37, 1.38, 1.39, 1.4, 1.41, 1.42, 1.43, 1.48, 1.5, 1.51, 1.52, 1.53, 1.54, 1.55, 1.56, 1.57, 1.58, 1.59, 1.6, 1.61, 1.62, 1.74, 1.75, 1.76, 1.77, 1.78], "audio_url": "/file_processing/data_out/audio/Speaker8_France_Female_1_13.wav", "textgrid_url": "/file_processing/data_out/textgrid/Speaker8_France_Female_1_13.TextGrid", "labels": ["#", "Nous", "avons", "beaucoup", "march\u00e9", "aujourd\u2019hui!", "#", "#"], "label_int": [0.25, 0.10999999999999999, 0.25, 0.31000000000000005, 0.42000000000000004, 0.53453, 0.005469999999999864, 0.25]}