{"filename": "Speaker8_France_Female_3_10", "pitches": [574.0076422669209, 570.7856603203929, 574.300180163956, 256.69424514428334, 253.4819465200864, 252.55912847761545, 254.55024791926053, 255.68981795360816, 263.7174551053079, 271.72548723939445, 276.1823127054582, 279.3913348636171, 281.40705194149587, 282.1571643134175, 281.4453688339729, 279.20086921699425, 275.4214480537927, 267.8974694004592, 263.06513377333334, 259.16788367270186, 317.52462808391965, 316.75386007434975, 316.7834871071381, 317.13778140714305, 318.1043541500593, 318.7791643950318, 318.52930998679886, 316.41572417443734, 312.85343726510513, 312.73412755617335, 314.11795189355996, 314.1245924100553, 312.4970208775075, 307.6207098184989, 301.726264229789, 298.00735128266206, 295.27492332296976, 294.24058944877754, 292.7235711174227, 290.43497162302197, 288.3278404477168, 281.35925798523897, 273.0404030761432, 265.9333187649906, 271.3007500208907, 324.8469144921604, 330.46211274145503, 328.32633705777846, 327.6636789796135, 326.9806768756571, 326.6395878365892, 326.02253543067854, 322.6778995847354, 316.1866685588338, 308.06995997415476, 301.17402519946046, 183.49633374954857, 181.51792010818784, 178.37942807865417, 173.5733293307518, 168.91973615960563, 164.02095206617275, 158.4237969291078, 155.3737016117579, 154.3309974739364, 155.67079807036302, 157.861118782371, 159.8189105127304, 161.20436317174256, 162.2433284130099, 163.0116013865036, 163.38905986844534, 163.672034717354, 163.52012103916059, 161.9644194596109, 159.02639103738377, 156.43762915071684, 155.7459785837218, 156.12193020470474, 156.5034807878668, 156.41100644376357, 155.7255813782848, 153.7380342867321, 157.35844453264437, 156.12396429954364, 155.70382940587783, 153.848918383154, 156.50268993860544, 155.004051669122, 154.0968487210862, 152.36854928783504, 149.00974668412215, 145.59615007836524, 141.74672347130303, 138.61562933615056, 125.20153689925102], "pitch_int": [0.01, 0.07, 0.08, 0.32, 0.33, 0.34, 0.35, 0.36, 0.37, 0.38, 0.39, 0.4, 0.41, 0.42, 0.43, 0.44, 0.45, 0.46, 0.47, 0.48, 0.56, 0.57, 0.58, 0.59, 0.6, 0.61, 0.62, 0.63, 0.64, 0.65, 0.66, 0.67, 0.68, 0.69, 0.7, 0.71, 0.72, 0.73, 0.74, 0.75, 0.76, 0.77, 0.78, 0.79, 0.82, 0.88, 0.9, 0.91, 0.92, 0.93, 0.94, 0.95, 0.96, 0.97, 0.98, 0.99, 1.21, 1.22, 1.23, 1.24, 1.25, 1.26, 1.27, 1.28, 1.29, 1.3, 1.31, 1.32, 1.33, 1.34, 1.35, 1.36, 1.37, 1.38, 1.39, 1.4, 1.41, 1.42, 1.43, 1.44, 1.45, 1.46, 1.47, 1.51, 1.52, 1.53, 1.55, 1.58, 1.59, 1.6, 1.61, 1.62, 1.63, 1.64, 1.65, 1.67], "audio_url": "/file_processing/data_out/audio/Speaker8_France_Female_3_10.wav", "textgrid_url": "/file_processing/data_out/textgrid/Speaker8_France_Female_3_10.TextGrid", "labels": ["#", "Je", "", "vais", "faire", "#", "les", "courses", "si", "j'ai", "le", "#", "temps.", "#"], "label_int": [0.2502, 0.08208000000000004, 0.015719999999999956, 0.13, 0.16000000000000003, 0.030000000000000027, 0.13, 0.28, 0.17999999999999994, 0.1399999999999999, 0.06000000000000005, 0.050000000000000044, 0.1767399999999999, 0.24926000000000004]}