{"filename": "Speaker1_Argentina_Female_1_4", "pitches": [172.36282453456204, 263.1856224048122, 257.74930060552043, 256.5349810989495, 252.97673095367603, 244.7121469669797, 241.6576593312958, 239.61763565249285, 239.93883539101145, 241.71709258432696, 264.4560420857439, 251.54833285474797, 249.99345612227503, 242.15096402667857, 247.9415622784342, 247.20550455101804, 247.94952584044466, 248.62339862064437, 249.66622866093513, 252.11301099187966, 255.74949454409204, 259.89860143798194, 267.2288116148942, 273.74341538343, 278.0917915133875, 282.46156991880923, 292.02377966301304, 303.1274376763518, 308.7978681043004, 311.33558215685224, 311.6403408826194, 311.05809760273496, 308.57039738786114, 303.6940546225359, 295.8579768894049, 287.31841346616375, 274.3331625793398, 264.7339893767767, 236.2151016603986, 220.67606062500494, 220.09196963732975, 220.18787383553126, 219.73357739244761, 218.38949642838557, 216.64025939888407, 216.39899476361887, 218.0864148137346, 218.39605616216403, 217.39725077764928, 215.86441159909833, 212.5066839393466, 208.32173851231292, 203.86064190332576, 193.29465523807875, 189.25911550531544, 189.32884080378798, 195.97015041813842, 210.45815354718053, 212.94698822434142, 214.1862542715117, 214.19753217017333, 213.15579111383713, 212.9352453463912, 214.69301377261448, 218.49260547105385, 218.99569522242618, 216.34408565832535, 213.27063927398513, 210.23540406994786, 207.98853343874018, 206.74723535175374, 207.60592221731275, 211.22216483738018, 213.6729583727162, 214.65646308678342, 214.58913639816495, 211.14447279898687, 210.13210792058817, 210.3459644311854, 211.8538983893993, 213.30008962373967, 214.6334702822048, 214.28119146319824, 213.59918151049743, 212.20392081376585, 211.18180635552977, 211.6414885286845, 212.5967864466763, 211.96599060409312, 211.28866749686927, 212.8989673568182, 266.2971985717147, 277.246071106137, 279.01127041525194, 281.98487160237715, 286.4586076068319, 297.65541753114707, 304.8865256351343, 309.0253309859102, 309.94585511603316, 309.02164207599947, 305.42864117786274, 298.92197599489174, 294.0333028578807, 291.71658959486376, 295.51070187251497, 296.56948022767335, 297.0249309945817, 300.8505864136422, 305.46717067578913, 301.1668777385241, 292.46529367183103, 291.22834163995043, 289.0140496858323, 288.2372101519742, 289.363986101271, 290.9968931410011, 292.08973906942623, 291.73685407696445, 294.9332617329986], "pitch_int": [0.07, 0.3, 0.31, 0.32, 0.33, 0.34, 0.39, 0.4, 0.41, 0.42, 0.46, 0.49, 0.5, 0.51, 0.53, 0.54, 0.55, 0.56, 0.57, 0.58, 0.59, 0.6, 0.61, 0.62, 0.63, 0.64, 0.65, 0.66, 0.67, 0.68, 0.69, 0.7, 0.71, 0.72, 0.73, 0.74, 0.75, 0.76, 0.83, 0.86, 0.87, 0.88, 0.89, 0.9, 0.91, 0.92, 0.93, 0.94, 0.95, 0.96, 0.97, 0.98, 0.99, 1.0, 1.01, 1.02, 1.03, 1.05, 1.06, 1.07, 1.08, 1.09, 1.1, 1.11, 1.12, 1.13, 1.14, 1.15, 1.16, 1.17, 1.18, 1.19, 1.2, 1.21, 1.22, 1.23, 1.24, 1.25, 1.26, 1.27, 1.28, 1.29, 1.3, 1.31, 1.32, 1.33, 1.34, 1.35, 1.36, 1.37, 1.38, 1.4, 1.41, 1.42, 1.43, 1.44, 1.45, 1.46, 1.47, 1.48, 1.49, 1.5, 1.51, 1.52, 1.55, 1.56, 1.57, 1.58, 1.59, 1.6, 1.61, 1.62, 1.63, 1.64, 1.65, 1.66, 1.67, 1.68, 1.69, 1.8], "audio_url": "/file_processing/data_out/audio/Speaker1_Argentina_Female_1_4.wav", "textgrid_url": "/file_processing/data_out/textgrid/Speaker1_Argentina_Female_1_4.TextGrid", "labels": ["#", "C'est", "#", "elle,", "#", "la", "directrice?", "#"], "label_int": [0.25, 0.10999999999999999, 0.18000000000000005, 0.22999999999999998, 0.08999999999999997, 0.13, 0.6625000000000001, 0.24949999999999983]}