{"filename": "Speaker8_France_Female_3_8", "pitches": [249.94173867054513, 251.83844956166024, 254.63759073637328, 256.73164214778245, 258.4064734226956, 258.562547656367, 257.1449349319827, 256.48895677981074, 257.0794382308859, 259.872534288849, 262.89184742385766, 265.12380201646704, 266.99651757015414, 268.91254029572616, 269.9243962919301, 270.8141994937599, 270.3752369706554, 267.6996949002888, 262.73629758382276, 255.6550608129979, 246.49086209119756, 243.7315899312733, 247.95577599001848, 254.59713753129236, 261.42266559675704, 266.8443664810437, 268.6925749470656, 268.55360832255883, 266.1986852254323, 261.5322704407352, 256.50571340659076, 251.73772295506623, 245.38808701771688, 239.23883380616212, 234.6470160583522, 228.52368653161267, 224.38704169836214, 221.43344151085319, 219.71928553006188, 218.8481101294542, 218.10938626327606, 216.98587142233612, 215.28142549741693, 212.68279885173217, 209.58261834303096, 206.52427387009695, 203.2802801392519, 201.00155656417317, 201.19693950677785, 247.52102266912664, 255.68864754117556, 302.0872638247313, 307.9067982717242, 364.2270049559108, 370.0526852375398, 380.9490034857855, 386.46804358762296, 385.6338271390135, 383.4973827091061, 381.32691036767943, 348.92121520271616, 331.9998798836087, 318.0473994492021, 286.55873758680644, 272.9710810055229, 258.55565916268426, 250.84409276937347, 243.60112960647882, 238.52526197344784, 234.1602120998127, 228.03858689651202, 224.2431716867691, 221.38980551534164, 219.27924668517943, 216.72319156224495, 213.65339435976466, 210.0506542751647, 206.56982075182225, 202.85585229761784, 198.33661087104633, 193.5256534304854, 190.02112964295043, 189.908714622194, 189.06929365304597, 187.34992927125634, 185.30301060020608, 182.62372971631092, 179.61268742194022, 176.37627100600068, 174.86975781357904, 173.46516976758642, 172.0863936005563, 181.9524083115354, 182.06248285056006, 181.33185933073713, 179.9460040124536, 178.28217657977532, 177.109060326687, 176.31079535342735, 175.89133811502748, 175.5252307086975, 175.31414970631636, 175.1483126423468, 174.62843702776425, 174.31794949764424, 174.35095668681606, 174.61220635683395, 174.58490632299868, 174.18066507320918, 173.49497900869338, 172.83133180567165, 172.02291912794638, 171.18136650631726, 169.7719419201983, 167.45970602097725, 153.61929536247143, 148.9745229352059, 147.25514746212207, 152.89262804802942, 179.6324894871738], "pitch_int": [0.28, 0.29, 0.3, 0.31, 0.32, 0.33, 0.34, 0.35, 0.36, 0.37, 0.38, 0.39, 0.4, 0.41, 0.42, 0.43, 0.44, 0.45, 0.46, 0.47, 0.48, 0.49, 0.5, 0.51, 0.52, 0.53, 0.54, 0.55, 0.56, 0.57, 0.58, 0.59, 0.6, 0.61, 0.62, 0.63, 0.64, 0.65, 0.66, 0.67, 0.68, 0.69, 0.7, 0.71, 0.72, 0.73, 0.74, 0.75, 0.76, 0.79, 0.8, 0.84, 0.85, 0.89, 0.9, 0.91, 0.92, 0.93, 0.94, 0.95, 0.97, 0.98, 0.99, 1.01, 1.02, 1.03, 1.04, 1.05, 1.06, 1.07, 1.08, 1.09, 1.1, 1.11, 1.12, 1.13, 1.14, 1.15, 1.16, 1.17, 1.18, 1.19, 1.31, 1.32, 1.33, 1.34, 1.35, 1.36, 1.37, 1.38, 1.39, 1.4, 1.48, 1.49, 1.5, 1.51, 1.52, 1.53, 1.54, 1.55, 1.56, 1.57, 1.58, 1.59, 1.6, 1.61, 1.62, 1.63, 1.64, 1.65, 1.66, 1.67, 1.68, 1.69, 1.7, 1.72, 1.73, 1.74, 1.79, 1.89], "audio_url": "/file_processing/data_out/audio/Speaker8_France_Female_3_8.wav", "textgrid_url": "/file_processing/data_out/textgrid/Speaker8_France_Female_3_8.TextGrid", "labels": ["#", "Vous", "vivez", "en", "ville", "ou", "\u00e0", "la", "#", "campagne?", "#"], "label_int": [0.25, 0.08000000000000002, 0.27999999999999997, 0.13, 0.20999999999999996, 0.07000000000000006, 0.07000000000000006, 0.09999999999999987, 0.07000000000000006, 0.5081199999999999, 0.24987999999999988]}