{"filename": "Speaker1_Argentina_Female_1_21", "pitches": [255.29077226265923, 249.22153097030127, 246.0528556683104, 244.941395859026, 241.22859488637377, 236.06975090090094, 237.07708484877236, 240.33558785376874, 244.89797402858744, 247.20370110041097, 248.45086522009262, 249.6109938153068, 248.7689976412443, 245.62455635526857, 243.25847334972246, 242.4334824189717, 242.21842172404018, 242.31551917893736, 242.61610527587925, 242.96264000874447, 243.45304333976432, 244.51504173334177, 245.60220601291115, 244.7202717382516, 244.0028881561534, 245.3348774392269, 247.12821394177863, 246.6479937691298, 245.66650585675058, 245.03633262306715, 244.56505103882995, 267.0538124290705, 292.29524296834273, 293.64257644221766, 296.4272026708751, 301.66573289758526, 318.97531192223016, 323.6679383682615, 322.3847565331693, 318.9052504649977, 316.1534354805018, 313.7049011813253, 290.15253956059547, 283.10656761757696, 281.68237213157954, 280.2614558863969, 275.3626346141277, 270.5959372121925, 264.6600036090621, 259.79640336059583, 273.9703748632274, 277.7113558760173, 279.13250986865773, 302.53276434051133, 331.72446062013864, 349.36869202884367, 355.7032107211534, 353.6817114635167, 346.5082316901092, 273.6888188788797, 241.45935966953263, 172.4707573496893, 174.00158359905276, 176.37548658398384, 179.1907096723665, 184.92859234335268, 192.0703319690245, 198.70758818809702, 205.12420284991592, 212.76051342971968, 224.20687408995298, 240.06012527106125, 244.6617383425857, 247.46669622760876, 248.55809865775547, 246.93385346001685, 245.2605213226428, 245.1966858462137, 293.64562898071154, 294.66237859782734, 296.73408858058156, 296.382624762754, 295.1484358111403, 293.35663110980215, 291.85459778657025, 290.9971787142364, 290.8862150504088, 291.4571059984574, 292.61680246642857, 293.9446137736324, 295.03666417803544, 295.9140505499192, 296.8457161583132, 297.0775213566102, 296.33411688978754, 295.5525520811491, 290.4667620226655, 291.8966508522179, 292.8648492583349, 293.35955206221803, 293.66509802793695, 293.1987315965334, 293.1562786602863, 293.3075663473897, 293.4534658520155, 293.12765572142956, 287.49110593912724, 288.8651879521568, 289.44489689118495, 290.0776980112108, 289.3718695357603, 291.0116622140675, 287.21798840917205, 290.03400997160367], "pitch_int": [0.27, 0.31, 0.32, 0.33, 0.34, 0.35, 0.36, 0.37, 0.38, 0.39, 0.4, 0.41, 0.42, 0.43, 0.44, 0.45, 0.46, 0.47, 0.48, 0.49, 0.5, 0.51, 0.52, 0.53, 0.54, 0.55, 0.56, 0.57, 0.58, 0.59, 0.6, 0.61, 0.63, 0.64, 0.65, 0.66, 0.67, 0.68, 0.69, 0.7, 0.74, 0.75, 0.77, 0.82, 0.83, 0.84, 0.85, 0.86, 0.87, 0.88, 0.9, 0.91, 0.92, 0.94, 0.96, 0.97, 0.98, 0.99, 1.0, 1.05, 1.06, 1.13, 1.14, 1.15, 1.16, 1.17, 1.18, 1.19, 1.2, 1.21, 1.22, 1.23, 1.24, 1.25, 1.26, 1.27, 1.28, 1.29, 1.32, 1.33, 1.34, 1.35, 1.36, 1.37, 1.38, 1.39, 1.4, 1.41, 1.42, 1.43, 1.44, 1.45, 1.46, 1.47, 1.48, 1.49, 1.52, 1.53, 1.54, 1.55, 1.56, 1.57, 1.58, 1.59, 1.6, 1.61, 1.63, 1.64, 1.65, 1.66, 1.67, 1.68, 1.81, 1.82], "audio_url": "/file_processing/data_out/audio/Speaker1_Argentina_Female_1_21.wav", "textgrid_url": "/file_processing/data_out/textgrid/Speaker1_Argentina_Female_1_21.TextGrid", "labels": ["#", "Tu", "m'impressionnes,", "#", "bravo!", "#"], "label_int": [0.25, 0.10999999999999999, 0.67, 0.09000000000000008, 0.48107999999999995, 0.24991999999999992]}