{"filename": "Speaker8_France_Female_2_7", "pitches": [183.66929339040132, 180.49356157873797, 181.21185597539906, 182.17363437919335, 182.8770778694722, 183.9176848904272, 184.16316680685398, 183.73398692782357, 182.50984889363752, 180.19984385893133, 176.40919579186132, 174.02987672483675, 171.38769579477272, 171.3854393538685, 175.63925412137672, 180.16203082087787, 181.47195349359424, 181.72769012345228, 181.00172246411833, 179.84151795845696, 178.6669995936959, 177.08121995432776, 175.56916323185453, 173.7982741457482, 171.3968194549916, 170.05601884583996, 173.17851506892083, 169.9213515384385, 168.47689823289568, 167.01555426091076, 165.7691142142656, 165.023030357538, 165.3886750152671, 165.871227139191, 165.92169191132373, 166.1933782759002, 166.36916629709384, 166.13413117698727, 165.19760536403248, 163.248822273784, 160.66644208180637, 162.85250739524915, 203.94681959620155, 227.70731780689323, 233.9885298716013, 242.23207063072175, 253.11737360322775, 266.4609988536564, 300.4064129972827, 306.90912141788516, 328.98826659959366, 337.98082986769714, 368.1816079709215, 373.44332708525366, 373.4939327162496, 370.66370080172203, 364.204095733227, 355.7005943841508, 348.6766768476225, 342.63949312316385, 328.806151589954, 314.9103035514269, 261.980950084001, 247.43270497648027, 233.0376036507796, 222.1260078609045, 213.57320547471275, 207.25578603038528, 200.35775133977066, 196.83934677078798, 195.73019478781876, 193.34081884841163, 190.5223038177981, 189.02696505336368, 188.06827137077593, 186.76701115879928, 184.31272834656352, 180.63593344527024, 177.21764146325052, 176.04010630256582, 175.73465651417737, 175.27617856408426, 174.03413411015242, 170.53792513571906, 166.43854736050974, 167.58413698778793, 171.6160207067769, 174.31731356848394, 174.03807361574238, 172.12889006833703, 169.69627199370407, 167.15056409274774, 164.51375841000558, 161.31544879194445, 167.04399829199846, 152.10310587662914, 150.54583685161302, 149.16570753540284, 148.03114695081211, 147.71311726364738, 147.23924968837255, 146.2895030297541, 145.41897000197392], "pitch_int": [0.23, 0.24, 0.25, 0.26, 0.27, 0.28, 0.29, 0.3, 0.31, 0.32, 0.33, 0.34, 0.35, 0.36, 0.37, 0.38, 0.39, 0.4, 0.41, 0.42, 0.43, 0.44, 0.45, 0.46, 0.47, 0.48, 0.57, 0.58, 0.59, 0.6, 0.61, 0.62, 0.63, 0.64, 0.65, 0.66, 0.67, 0.68, 0.69, 0.7, 0.71, 0.72, 0.76, 0.78, 0.79, 0.8, 0.81, 0.82, 0.84, 0.85, 0.86, 0.87, 0.88, 0.89, 0.9, 0.91, 0.92, 0.93, 0.94, 0.95, 0.96, 0.97, 1.0, 1.01, 1.02, 1.03, 1.04, 1.05, 1.06, 1.07, 1.08, 1.09, 1.1, 1.11, 1.12, 1.13, 1.14, 1.15, 1.16, 1.17, 1.18, 1.19, 1.2, 1.21, 1.22, 1.23, 1.24, 1.25, 1.26, 1.27, 1.28, 1.29, 1.3, 1.31, 1.41, 1.43, 1.44, 1.45, 1.46, 1.47, 1.48, 1.49, 1.5], "audio_url": "/file_processing/data_out/audio/Speaker8_France_Female_2_7.wav", "textgrid_url": "/file_processing/data_out/textgrid/Speaker8_France_Female_2_7.TextGrid", "labels": ["#", "Vous", "\u00eates", "anglais", "ou", "am\u00e9ricain?", "#"], "label_int": [0.25, 0.15000000000000002, 0.18999999999999995, 0.29000000000000004, 0.10999999999999999, 0.5444800000000001, 0.24951999999999996]}