{"filename": "Speaker6_France_Female_3_10", "pitches": [148.78130090579992, 149.7320870202612, 224.43428578930332, 223.4390849926689, 222.88677568533024, 222.5724753699463, 223.55211788122858, 225.02960069521828, 227.24966547050175, 230.12076284875238, 232.56410676936304, 234.5384063225343, 236.95482102762003, 239.15594447932435, 240.1802991556235, 239.81572188802414, 238.80233875020647, 237.7646481856007, 236.82542934748233, 237.84509651911458, 260.04809285488517, 258.7643791763414, 256.1460773595798, 253.56420092167485, 250.86079282119852, 248.3481766065037, 246.27868659635658, 243.46289672129387, 239.7347566876492, 234.92804908578591, 224.55497591542104, 220.69553942097414, 221.72174192493839, 221.92924423724546, 221.3714878634603, 219.87106776024592, 217.4304892394574, 213.63580618493307, 210.20520576750164, 209.03935061012842, 209.50173448881424, 289.2893142316809, 283.12106300376564, 281.22974878225864, 281.2111407955982, 280.8548604153541, 280.61177320306695, 280.8949640183484, 281.07435711828083, 281.4974252521969, 280.4477653970403, 279.1864252715282, 277.5836658590904, 275.2852805858568, 271.6892224780365, 224.61416982065447, 221.78950982827064, 218.85082886131892, 213.93577331826293, 208.51859707541567, 204.2685363974096, 201.24232886445884, 198.52926650611536, 197.69208231111577, 197.19184803212005, 197.73666341363852, 198.43537022034027, 199.39154064362532, 200.1198195704953, 200.2949038520315, 201.06141028941593, 204.1390544213196, 209.16985540517157, 213.81014364929973, 221.7986197353829, 228.98977298193503, 235.07914748779416, 238.4690368259554, 241.64721550417997, 195.38570057703623, 190.9954897281823, 188.0393683614227, 185.66285187029737, 180.27241641953907, 175.74220839399646, 174.93479280138428, 176.06532952495638, 180.0316823731832, 184.50653852393776, 186.46650728004965, 185.80513926015217, 183.4712590072262, 181.41982314159864, 182.41729516038583, 181.2852019530537, 185.79258339044281, 184.66554402641742, 181.61885219619262, 177.81427643173987, 295.0259121577131], "pitch_int": [0.0, 0.01, 0.36, 0.37, 0.38, 0.39, 0.4, 0.41, 0.42, 0.43, 0.44, 0.45, 0.46, 0.47, 0.48, 0.49, 0.5, 0.51, 0.52, 0.53, 0.56, 0.57, 0.58, 0.59, 0.6, 0.61, 0.62, 0.63, 0.64, 0.65, 0.66, 0.67, 0.68, 0.69, 0.7, 0.71, 0.72, 0.73, 0.74, 0.75, 0.76, 0.87, 0.88, 0.89, 0.9, 0.91, 0.92, 0.93, 0.94, 0.95, 0.96, 0.97, 0.98, 0.99, 1.0, 1.22, 1.23, 1.24, 1.25, 1.26, 1.27, 1.28, 1.29, 1.3, 1.31, 1.32, 1.33, 1.34, 1.35, 1.36, 1.37, 1.38, 1.39, 1.4, 1.41, 1.42, 1.43, 1.44, 1.45, 1.56, 1.57, 1.58, 1.59, 1.6, 1.61, 1.62, 1.63, 1.64, 1.65, 1.66, 1.67, 1.68, 1.69, 1.7, 1.71, 1.77, 1.78, 1.79, 1.8, 1.92], "audio_url": "/file_processing/data_out/audio/Speaker6_France_Female_3_10.wav", "textgrid_url": "/file_processing/data_out/textgrid/Speaker6_France_Female_3_10.TextGrid", "labels": ["#", "Je", "vais", "faire", "les", "courses", "#", "si", "j'ai", "le", "temps.", "#"], "label_int": [0.25076, 0.10224, 0.16000000000000003, 0.12, 0.10999999999999999, 0.36, 0.040000000000000036, 0.1299999999999999, 0.14000000000000012, 0.030000000000000027, 0.2592399999999999, 0.24975999999999998]}