{"filename": "Speaker3_France_Male_2_27", "pitches": [99.23866478756838, 94.20053303336495, 138.0150574783467, 139.17894744023553, 141.66407873825582, 144.41260902058806, 148.67128999946578, 153.6455631588663, 156.80536060143655, 160.39097189094647, 163.72888963125723, 165.87026221862627, 167.5100948155047, 168.25821307476122, 168.74523465028372, 168.88561150159322, 168.5238829862883, 167.8708794933905, 167.0250324960689, 165.80637699643518, 164.4513578873763, 167.05707035603695, 168.31085214855534, 167.90720460358656, 166.77616459743115, 165.53811580606296, 163.80328493506175, 161.44194065659173, 157.0502292739732, 154.31900784421595, 148.73832472585957, 144.49627738247278, 137.8345408524231, 134.089997962523, 131.40434388799068, 128.53922242884397, 162.0600366717078, 161.88991570648489, 163.45602054411614, 163.4673409222138, 159.62103017568404, 159.66343511656794, 143.97600311032147, 141.5172424437318, 138.3976117824685, 135.51639512733968, 132.67078431356072, 130.46946021738853, 128.17878991390864, 126.25572278898122, 124.76480979226483, 135.30423530172902, 136.21355989032384, 135.02728625168356, 133.61211249300564, 132.28107926695318, 129.2786040789523, 125.4281100788865, 123.58745602354938, 123.65215404470382, 125.64223702966281, 127.74774986303211, 129.19093450111387, 129.5963119801509, 129.2441255233966, 127.91908278369928, 126.90707843785539, 125.05262556476183, 122.34425615614994, 117.87411358525051, 115.6967738759009, 126.72111966224783, 131.7872093571874, 134.43483290622305, 136.80474169494377, 139.71179438343177, 143.04432222423833, 145.80787012059056, 149.1834772768578, 152.8783969232151, 156.0885592385745, 158.67802067980062, 160.82879769001312, 162.37470300229398, 162.58360467029988, 161.24918609816578, 159.18659071888163, 156.91775900617301, 155.1824732646511, 144.57472022406262, 141.29902559782843, 140.7786956855162, 143.14155242333354, 148.1104011186868, 153.83525549457624, 157.38389977562895, 158.8966598573029, 159.35129707218545, 158.5908948674075, 157.18605994431326, 156.559556221275, 135.648289323893, 135.69653802856865, 135.64284937759507, 134.88260663152738, 133.92788483863575, 132.98797560971832, 132.7524619954296, 132.88861593503276, 133.28586929794565, 132.97400005143783, 132.0678920851177, 130.82801234781942, 129.47573998773163, 134.28271746421382, 135.43836723467078, 135.6725294128664, 134.73681337114667, 127.13893934927117, 122.40525466064543, 97.00065479455529, 95.08371322878736, 94.89179727133745], "pitch_int": [0.07, 0.08, 0.26, 0.27, 0.28, 0.29, 0.3, 0.31, 0.32, 0.33, 0.34, 0.35, 0.36, 0.37, 0.38, 0.39, 0.4, 0.41, 0.42, 0.43, 0.44, 0.5, 0.51, 0.52, 0.53, 0.54, 0.55, 0.56, 0.57, 0.58, 0.59, 0.6, 0.61, 0.62, 0.63, 0.64, 0.68, 0.69, 0.7, 0.71, 0.74, 0.75, 0.78, 0.79, 0.8, 0.81, 0.82, 0.83, 0.84, 0.85, 0.86, 0.94, 0.95, 0.96, 0.97, 0.98, 0.99, 1.0, 1.01, 1.02, 1.03, 1.04, 1.05, 1.06, 1.07, 1.08, 1.09, 1.1, 1.11, 1.12, 1.13, 1.15, 1.16, 1.17, 1.18, 1.19, 1.2, 1.21, 1.22, 1.23, 1.24, 1.25, 1.26, 1.27, 1.28, 1.29, 1.3, 1.31, 1.32, 1.34, 1.35, 1.36, 1.37, 1.38, 1.39, 1.4, 1.41, 1.42, 1.43, 1.44, 1.45, 1.47, 1.48, 1.49, 1.5, 1.51, 1.52, 1.53, 1.54, 1.55, 1.56, 1.57, 1.58, 1.59, 1.62, 1.63, 1.64, 1.65, 1.67, 1.68, 1.73, 1.74, 1.75], "audio_url": "/file_processing/data_out/audio/Speaker3_France_Male_2_27.wav", "textgrid_url": "/file_processing/data_out/textgrid/Speaker3_France_Male_2_27.TextGrid", "labels": ["#", "Imagine", "si", "on", "#", "pouvait", "voyager", "dans", "ce", "temps.", "#"], "label_int": [0.25, 0.4, 0.16000000000000003, 0.029999999999999916, 0.08000000000000007, 0.19000000000000006, 0.33999999999999986, 0.14000000000000012, 0.030000000000000027, 0.17767, 0.24933000000000005]}