{"filename": "Speaker8_France_Female_3_14", "pitches": [518.2311792709885, 271.3331507237783, 272.37667874802924, 273.5021000584239, 275.51028106420006, 278.27596494735917, 279.7583939171978, 279.19784435578725, 277.57044975172954, 275.65634152733196, 273.04244641845224, 268.58121254320497, 265.75448582532806, 268.4050902199024, 270.878411119623, 272.26024008783315, 271.4024014650273, 267.6660419759477, 262.54207174573816, 256.61036174270225, 251.35985244358187, 245.92458563798476, 240.13491417479614, 234.4020060844249, 222.18964811614723, 211.84436005651435, 204.4121976696573, 197.0779388209379, 193.59003646401194, 190.686636308321, 189.0956051278959, 187.77031661890652, 186.62897072717485, 185.8780863402113, 185.36901386779974, 185.0196813969269, 184.63962996443564, 183.19201661221706, 181.41908728300103, 180.9135354163941, 181.39141178637027, 182.77425213267145, 185.31971768042752, 190.58027708388383, 198.48035626357088, 206.8362809409274, 293.6004286943198, 295.5999448605458, 295.3693118547843, 293.55441559646664, 291.7857269790491, 294.6655778865986, 365.64869977968215, 361.0169172376913, 339.5378764206456, 332.01961219073496, 328.2824984921638, 322.5828320575443, 316.6544963005898, 313.1797709093904, 309.7009104005812, 305.3435684154213, 299.9567541010481, 295.1758305111199, 291.1674286834964, 287.1241197602991, 281.12017884255124, 275.3760338575507, 270.5803148729036, 362.8785104187714, 362.60105836971104, 360.52534754478904, 357.5069029171238, 352.4979365755038, 346.75532689495856, 338.46063328082266, 329.47754132765317, 320.92943949440973, 168.40172107261506, 164.55481031343527, 160.27123846762322, 157.0936965302131, 155.16962763015488, 153.0433106530949, 151.37179246976768, 153.18141401793912, 152.81920172518522, 152.8441381171078, 151.624530051454, 150.10008252533137, 146.84211577072332, 142.94489341539372, 139.09777715814067, 136.6731531466372, 135.289548951421, 136.04437771084895, 138.01003508060157, 138.32637809825138, 137.75151770760215, 135.68148520016058, 133.1611518379255, 125.84828650990909, 140.80056769388057, 133.39882173575194, 132.5263312061464, 132.7434553772606, 132.6122206302114, 132.56425251178916, 132.1618975511417, 131.21298187293354, 129.43775730341113, 127.79045670302695, 126.96797170976403], "pitch_int": [0.02, 0.24, 0.25, 0.26, 0.27, 0.28, 0.29, 0.3, 0.31, 0.32, 0.33, 0.34, 0.35, 0.36, 0.37, 0.38, 0.39, 0.4, 0.41, 0.42, 0.43, 0.44, 0.45, 0.46, 0.47, 0.48, 0.49, 0.5, 0.51, 0.52, 0.53, 0.54, 0.55, 0.56, 0.57, 0.58, 0.59, 0.6, 0.61, 0.62, 0.63, 0.64, 0.65, 0.66, 0.67, 0.68, 0.74, 0.75, 0.76, 0.77, 0.78, 0.81, 0.89, 0.9, 0.93, 0.94, 0.95, 0.96, 0.97, 0.98, 0.99, 1.0, 1.01, 1.02, 1.03, 1.04, 1.05, 1.06, 1.07, 1.23, 1.24, 1.25, 1.26, 1.27, 1.28, 1.29, 1.3, 1.31, 1.4, 1.41, 1.42, 1.43, 1.44, 1.45, 1.46, 1.51, 1.52, 1.53, 1.54, 1.55, 1.56, 1.57, 1.58, 1.59, 1.6, 1.61, 1.62, 1.63, 1.64, 1.65, 1.66, 1.67, 1.71, 1.73, 1.74, 1.75, 1.76, 1.77, 1.78, 1.79, 1.8, 1.81, 1.82], "audio_url": "/file_processing/data_out/audio/Speaker8_France_Female_3_14.wav", "textgrid_url": "/file_processing/data_out/textgrid/Speaker8_France_Female_3_14.TextGrid", "labels": ["#", "Nous", "avons", "beaucoup", "march\u00e9", "aujourd\u2019hui!", "#"], "label_int": [0.25, 0.13, 0.25, 0.30999999999999994, 0.41000000000000014, 0.5700999999999998, 0.2499]}