{"filename": "Speaker5_Africa_Male_2_29", "pitches": [124.57745037066827, 121.78778344271626, 118.76579967438337, 116.98210172396315, 115.20449376635113, 113.23315356708925, 110.94751732381295, 109.3697296007393, 109.70544924456321, 111.68174770949464, 113.96298868008759, 114.37966875962485, 114.49821360218036, 114.29110509516445, 113.82484222265268, 113.52754755485982, 112.97416217349178, 113.06062763585092, 132.64967679979787, 129.0395092811122, 125.98805261777657, 124.79976426274469, 122.30196490283708, 116.37831964931678, 112.2884959867192, 110.6885439054235, 110.08475455178788, 112.89087101224018, 113.97082971369781, 113.06158534991432, 112.43426433841016, 111.76317897693079, 110.7861108398348, 109.91263044912152, 108.53899626284822, 107.17778872418678, 106.0683587048566, 104.62389597979602, 102.81198335149344, 100.01480238840664, 99.31030869491559, 98.39802248439065, 109.92187445646888, 109.08130394576634, 108.82715291520982, 108.60307145399274, 108.15547207193842, 107.77058000375482, 107.77126991898582, 107.84203934899148, 107.64897651447333, 107.45516454892807, 106.32859649229061, 104.9632078826427, 104.32091774663219, 115.83004091377292, 112.37410923468886, 110.11604394980927, 107.55039570002722, 105.00918070329276, 103.17488567255262, 101.91303230649957, 100.15764133162483, 98.6266488031226, 97.21360092327711, 95.84100161041309, 198.43972649339258, 199.8697272582727, 195.0191304302609, 134.77587375043038, 119.15502473445245, 106.31787618776924, 104.75771782663378, 102.81532684313837, 99.97339897442609, 98.51474852122621, 98.07697006617587, 97.79396972335633, 120.86775933320189, 120.6887395994998, 120.68438535287612, 121.04614184004484, 122.13080880196962, 125.01791435165238, 128.53404526930728, 132.3133863786434, 136.3377529754919, 140.6115698720405, 146.2982512190205, 150.94101350012542, 156.09363788564013, 161.44230499562101, 165.3203712086017, 169.41768779200302, 174.74766689506066, 179.24043723761667, 183.08732965981494, 184.8545044617346, 185.26551318195717, 185.01887511840414, 159.18989166118553], "pitch_int": [0.4, 0.41, 0.42, 0.43, 0.44, 0.45, 0.46, 0.47, 0.48, 0.49, 0.5, 0.51, 0.52, 0.53, 0.54, 0.55, 0.56, 0.57, 0.67, 0.68, 0.69, 0.7, 0.71, 0.72, 0.73, 0.74, 0.75, 0.76, 0.77, 0.78, 0.79, 0.8, 0.81, 0.82, 0.83, 0.84, 0.85, 0.86, 0.87, 0.88, 0.89, 0.9, 0.94, 0.95, 0.96, 0.97, 0.98, 0.99, 1.0, 1.01, 1.02, 1.03, 1.04, 1.05, 1.06, 1.17, 1.18, 1.19, 1.2, 1.21, 1.22, 1.23, 1.24, 1.25, 1.26, 1.27, 1.52, 1.53, 1.56, 1.6, 1.61, 1.62, 1.63, 1.64, 1.65, 1.66, 1.67, 1.68, 1.78, 1.79, 1.8, 1.81, 1.82, 1.83, 1.84, 1.85, 1.86, 1.87, 1.88, 1.89, 1.9, 1.91, 1.92, 1.93, 1.94, 1.95, 1.96, 1.97, 1.98, 1.99, 2.05], "audio_url": "/file_processing/data_out/audio/Speaker5_Africa_Male_2_29.wav", "textgrid_url": "/file_processing/data_out/textgrid/Speaker5_Africa_Male_2_29.TextGrid", "labels": ["#", "On", "se", "retrouve", "\u00e0", "20", "heures,", "#", "d'accord?", "#"], "label_int": [0.25, 0.07, 0.14, 0.32, 0.10999999999999999, 0.2799999999999999, 0.18000000000000016, 0.15999999999999992, 0.54261, 0.24939]}