{"filename": "Speaker4_France_Male_2_1", "pitches": [108.03794893089392, 107.02113660739246, 106.42301439197895, 105.1526846638056, 103.62659921580344, 128.2549449072785, 128.0905150038559, 127.83611258521047, 127.41169160116246, 126.53828241094675, 126.17151750880318, 126.24001083901382, 127.42666093352803, 129.71391885419104, 131.9635271490922, 134.40739067513852, 137.01104403294391, 139.69883463836172, 142.80170428828274, 145.35728092273328, 146.91090503417357, 148.85335377943647, 152.05205996563353, 154.99139181909538, 156.1220567350037, 156.12961349789063, 155.84092350750322, 154.82889581680803, 152.35970135322088, 149.4324606192992, 146.5425409452884, 120.80478854642367, 117.44786093232688, 115.23929115897987, 113.03718279632207, 111.13585453835276, 110.17591000029876, 108.37874004091823, 153.0996838036338, 131.08532593869379, 131.174891459543, 132.0006715944308, 132.49298165068717, 132.86620620797703, 133.8350873508227, 135.07439103503359, 136.47651635198133, 137.93054855911723, 138.93761273768862, 140.7679714640599, 142.27728244189447, 143.60331663565, 144.9482338673924, 145.4785120901142, 146.0761832061628, 146.3571755859473, 146.47250039562402, 146.6178232457385, 136.9850599709307, 142.96115368109287, 139.66036784118427, 105.82384589057006, 105.816478272973, 106.06617468996112, 105.4437149746814, 103.92179301322216, 102.72533605184414, 101.27306320378841, 100.13279725439745, 99.20136861296469, 98.43643887243371, 98.39901989741239, 98.77172352913918, 99.43284690991398, 99.32965664575165, 98.79813443924542, 98.55630996570248, 98.84529065206931, 100.07785062317743, 101.77341747911912, 102.2478249764026, 101.81190487427702, 100.9390049735026, 99.8683876743827, 99.1450884838256, 100.47880083404908, 100.90948875997887, 100.59901595769539, 100.18280384947188, 129.78908194064226, 139.01406777305795, 138.32900880789774, 137.76020512665946, 137.36538314655823, 137.23268601758278, 136.98394766415865, 136.20591089328678, 134.71305167119542, 133.6901544755186, 134.30023377053774, 135.10119450233282, 118.58988895365371, 115.65406175165484, 113.24887139510638, 111.21778733958618, 110.02072254584023, 109.17173303102871, 108.53323339191357, 107.89371634998824, 112.9170657800955, 112.47967807631211, 110.5928189151764], "pitch_int": [0.29, 0.3, 0.31, 0.32, 0.33, 0.47, 0.48, 0.49, 0.5, 0.51, 0.52, 0.53, 0.54, 0.55, 0.56, 0.57, 0.58, 0.59, 0.6, 0.61, 0.62, 0.63, 0.64, 0.65, 0.66, 0.67, 0.68, 0.69, 0.7, 0.71, 0.72, 0.76, 0.77, 0.78, 0.79, 0.8, 0.81, 0.82, 0.9, 0.97, 0.98, 0.99, 1.0, 1.01, 1.02, 1.03, 1.04, 1.05, 1.06, 1.07, 1.08, 1.09, 1.1, 1.11, 1.12, 1.13, 1.14, 1.15, 1.2, 1.25, 1.34, 1.39, 1.4, 1.41, 1.42, 1.43, 1.44, 1.45, 1.46, 1.47, 1.48, 1.49, 1.5, 1.51, 1.52, 1.53, 1.54, 1.55, 1.56, 1.57, 1.58, 1.59, 1.6, 1.61, 1.62, 1.65, 1.66, 1.67, 1.68, 1.7, 1.71, 1.72, 1.73, 1.74, 1.75, 1.76, 1.77, 1.78, 1.79, 1.8, 1.85, 1.92, 1.93, 1.94, 1.95, 1.96, 1.97, 1.98, 1.99, 2.04, 2.05, 2.09], "audio_url": "/file_processing/data_out/audio/Speaker4_France_Male_2_1.wav", "textgrid_url": "/file_processing/data_out/textgrid/Speaker4_France_Male_2_1.TextGrid", "labels": ["#", "Il", "travaille", "en", "France,", "#", "mais", "il", "n'est", "pas", "fran\u00e7ais.", "#"], "label_int": [0.25, 0.09000000000000002, 0.38999999999999996, 0.09999999999999998, 0.5000000000000001, 0.04999999999999982, 0.10000000000000009, 0.07000000000000006, 0.07999999999999985, 0.15000000000000013, 0.3800000000000001, 0.25]}