{"filename": "Speaker6_France_Female_2_26", "pitches": [331.6538072627586, 331.5022246218267, 333.0922995528482, 333.81643281143124, 331.31104495463296, 328.2056027373783, 329.2616929905128, 329.80034139701445, 330.56038544830596, 331.39846982860723, 330.1637508087413, 334.3654083906344, 227.26786990868732, 224.27576965894718, 220.5410821298261, 218.10439614417962, 214.32168903822074, 224.47833944375907, 221.9959104413744, 221.33088655368508, 221.4111418445607, 224.05139219495766, 226.04775614882328, 226.6209605444416, 227.63776616797162, 227.72668640103524, 227.24177649307785, 226.39725166535294, 225.2834001309566, 223.54424363861392, 222.80588585762982, 224.14879975142895, 273.0254914401953, 270.30470943156456, 268.28412724806213, 266.71677936215684, 263.65551342782487, 261.56216264178516, 259.07980549754495, 255.08213095924333, 249.9384356668087, 243.55872597816972, 237.32609021629784, 231.74495539115466, 225.53893503349008, 220.45593922838574, 217.27076486456124, 215.18518742332486, 214.58434366958522, 217.23149281066696, 222.53977007412726, 228.1930961461888, 234.16777888375185, 239.59906121084367, 245.6075116514154, 248.7415875372022, 249.60120807925063, 248.66349478758426, 246.1985945598817, 244.72234471458694, 245.51178165749894, 247.87180050367488, 248.2480169846723, 195.66802922929134, 188.49459682772851, 185.1384247543014, 183.40337951494098, 181.3092459074884, 179.2992880596107, 177.7527315393681, 176.60619171184547, 175.51797926160762, 174.5113680598721, 173.1625538429687, 172.4370579548975, 172.6699135833576, 173.62242632550192, 175.39540002594163, 175.69755787834185, 176.83521499585942, 199.47151279230783, 197.37561352445795, 197.80401482659173, 195.7451515748325, 192.8302132648597, 189.26059330209262, 184.4362314642535, 181.88565872996676, 180.8508835693709, 256.9489379165621, 256.3159383325586, 256.22197625099574, 257.01790741442926, 258.53206441231004, 261.351821787411, 267.532264274873, 272.18220823538496, 274.6649492371743, 276.6090458892719, 277.2483081640273, 274.0896547088656, 273.2145712182354], "pitch_int": [0.04, 0.05, 0.06, 0.07, 0.08, 0.09, 0.1, 0.11, 0.12, 0.13, 0.14, 0.2, 0.33, 0.34, 0.35, 0.36, 0.37, 0.47, 0.48, 0.49, 0.5, 0.51, 0.52, 0.53, 0.54, 0.55, 0.56, 0.57, 0.58, 0.59, 0.6, 0.61, 0.68, 0.69, 0.7, 0.71, 0.72, 0.73, 0.74, 0.75, 0.76, 0.77, 0.78, 0.79, 0.8, 0.81, 0.82, 0.83, 0.84, 0.85, 0.86, 0.87, 0.88, 0.89, 0.9, 0.91, 0.92, 0.93, 0.94, 0.95, 0.96, 0.97, 0.98, 1.05, 1.06, 1.07, 1.08, 1.09, 1.1, 1.11, 1.12, 1.13, 1.14, 1.15, 1.16, 1.17, 1.18, 1.19, 1.24, 1.25, 1.29, 1.3, 1.31, 1.32, 1.33, 1.34, 1.35, 1.36, 1.37, 1.45, 1.46, 1.47, 1.48, 1.49, 1.5, 1.51, 1.52, 1.53, 1.54, 1.55, 1.56, 1.57], "audio_url": "/file_processing/data_out/audio/Speaker6_France_Female_2_26.wav", "textgrid_url": "/file_processing/data_out/textgrid/Speaker6_France_Female_2_26.TextGrid", "labels": ["#", "On", "", "se", "retrouve", "\u00e0", "20", "#", "heures,", "d'accord?", "#"], "label_int": [0.25062, 0.08766000000000002, 0.003720000000000001, 0.12999999999999995, 0.29000000000000004, 0.06999999999999995, 0.14, 0.10000000000000009, 0.16999999999999993, 0.41999999999999993, 0.25]}