{"filename": "Speaker3_France_Male_2_28", "pitches": [131.9484293312313, 130.74013692953065, 129.88354776077855, 129.23941044346083, 128.52301298554653, 127.6860221398201, 169.80809233790407, 167.5379040743026, 166.420556358458, 164.77575401198317, 161.6039220306732, 157.91161793290672, 156.70946085761778, 156.39421471197014, 156.76162500663804, 156.9128669934917, 156.75666028055613, 156.83844405969086, 156.85097284816487, 157.30736649996496, 155.21069624959972, 156.53217444547343, 155.74528558941128, 155.49584551493732, 156.36459020065502, 157.4388149610402, 158.31961568701115, 192.9503768747608, 188.77225287150023, 186.39585082984777, 185.98741523099142, 183.74428978259033, 177.26588819601872, 174.29867585101033, 173.42527177433942, 172.35017385564575, 170.82768552644512, 168.35935879663162, 165.33120735255187, 161.5703334995647, 158.20842311599674, 155.1299432625226, 150.62819289676827, 133.90176954684225, 131.40670447847805, 130.78914491316968, 133.0843967479007, 160.41522652712433, 164.62881283411323, 167.7932363784521, 169.8723788916683, 170.11994566342622, 168.4659562781435, 165.22723187333276, 161.8454049737377, 159.72729687533942, 164.49395162956392, 166.71012804004437, 168.72595635827352, 167.6575288656036, 128.8928491698717, 124.91851125648597, 122.42093586552274, 118.76313984841333, 116.99162872907004, 115.3478531269427, 113.75707742893779, 112.89512070880656, 111.41134810401944, 109.9789655981557, 108.18632393773159, 106.53990970056027, 106.80202039940328, 106.2805500763605, 115.77397422574037, 116.46523769316386, 116.49648157776784, 116.48196641838379, 116.17006425230005, 115.82912222991101, 115.25012485998347, 114.70926961694511, 146.10895601513616, 146.1953554250244, 147.71613474525898, 149.05434438090796, 152.4635456936069, 155.22761713175134, 158.52483987680387, 174.91527511879926, 176.94588479354766, 172.51954526757663, 175.90291807137942, 174.9840287897262, 173.52562615319675, 160.16942273979856, 166.79890483965724, 163.8078792484856], "pitch_int": [0.31, 0.32, 0.33, 0.34, 0.35, 0.36, 0.43, 0.44, 0.45, 0.46, 0.47, 0.48, 0.49, 0.5, 0.51, 0.52, 0.53, 0.54, 0.55, 0.56, 0.58, 0.59, 0.6, 0.61, 0.62, 0.63, 0.64, 0.66, 0.67, 0.68, 0.69, 0.7, 0.71, 0.72, 0.73, 0.74, 0.75, 0.76, 0.77, 0.78, 0.79, 0.8, 0.81, 0.83, 0.84, 0.85, 0.86, 0.89, 0.9, 0.91, 0.92, 0.93, 0.94, 0.95, 0.96, 0.97, 1.01, 1.02, 1.03, 1.04, 1.09, 1.1, 1.11, 1.12, 1.13, 1.14, 1.15, 1.16, 1.17, 1.18, 1.19, 1.2, 1.22, 1.23, 1.27, 1.28, 1.29, 1.3, 1.31, 1.32, 1.33, 1.34, 1.41, 1.42, 1.43, 1.44, 1.45, 1.46, 1.47, 1.5, 1.51, 1.6, 1.63, 1.64, 1.65, 1.67, 1.79, 1.8], "audio_url": "/file_processing/data_out/audio/Speaker3_France_Male_2_28.wav", "textgrid_url": "/file_processing/data_out/textgrid/Speaker3_France_Male_2_28.TextGrid", "labels": ["#", "On", "se", "retrouve", "\u00e0", "20", "heures,", "d'accord?", "#"], "label_int": [0.2501, 0.11307, 0.12983, 0.25, 0.09999999999999998, 0.22999999999999998, 0.17999999999999994, 0.43469, 0.24931000000000014]}