{"filename": "Speaker5_Africa_Male_3_28", "pitches": [116.0836259585468, 116.10882904631404, 115.892150520133, 115.71334603416149, 115.34914787413217, 114.83802028741104, 113.88229376955732, 112.08083800016581, 109.97659041534513, 115.26406396919705, 114.69529423237034, 115.21805556948821, 117.10102728938725, 126.68066199243667, 124.53110647387601, 123.61719717171778, 122.46476091379778, 120.48371887477279, 118.4309842666502, 117.03313844532866, 117.08704235999839, 119.14733042339053, 121.28628855723298, 121.8574899870595, 121.33015755086261, 120.40136397762652, 118.95500837742361, 117.91986411988984, 117.34606510025735, 117.12255074387903, 117.85885264007446, 118.91703141232145, 118.4668562519824, 132.16168890128358, 127.04300509772116, 125.4798087400844, 122.82506150952393, 119.70522161981286, 116.55463559628112, 114.30319966958918, 114.98913099715071, 116.32490707803477, 116.72230622706235, 116.27981510464622, 115.18964137834979, 113.33200649058945, 111.54554073279107, 109.89822658885348, 108.37470745619723, 106.95179730159072, 105.45008456523149, 104.02826635311487, 101.0934726297802, 98.52922232649544, 97.50698439073219, 97.42864654186334, 97.96294607200367, 108.69903822426, 108.85258328448637, 108.36361999608881, 107.53419700427764, 106.82509689173239, 106.30579298294678, 105.70975954070232, 104.56490685772658, 103.46819276599521, 102.58257806950908, 108.49133225279466, 102.24492289412518, 101.33207819520864, 99.46793403207046, 97.39264524130172, 95.89956115621078, 82.40743670795722, 80.50886660285782, 79.48126720107328, 78.17829993788702, 77.9053269958574, 77.92478581975934, 90.5734890529965, 89.61126495912515, 88.00248866252986, 86.10621802546302, 87.6535372858826, 87.60408743039255, 87.22916607088906, 86.88124255640702, 86.27844128427958, 85.73816676349941, 85.7977641239246, 108.77067023002192, 107.56443100192327, 107.64311440752232, 108.24861290768602, 109.97262762235721, 111.60315064093011, 114.30074026703232, 116.6764080510432, 119.26989302239356, 123.74451057438849, 126.89738282869037, 132.1816476252839, 136.41757996424604, 141.3386748132241, 146.82584608194696, 151.89125431644302, 157.89307826016721, 162.03815632065667, 164.37024244201552, 165.24957444082804, 163.97444858012946, 159.79949188294802, 156.82722031682903, 153.55616327767052, 155.88074470251252, 156.72502178514537, 158.18282448012167, 160.93005234387022, 157.88776524168384], "pitch_int": [0.24, 0.25, 0.26, 0.27, 0.28, 0.29, 0.3, 0.31, 0.32, 0.36, 0.37, 0.38, 0.39, 0.42, 0.43, 0.44, 0.45, 0.46, 0.47, 0.48, 0.49, 0.5, 0.51, 0.52, 0.53, 0.54, 0.55, 0.56, 0.57, 0.58, 0.59, 0.6, 0.61, 0.69, 0.7, 0.71, 0.72, 0.73, 0.74, 0.75, 0.76, 0.77, 0.78, 0.79, 0.8, 0.81, 0.82, 0.83, 0.84, 0.85, 0.86, 0.87, 0.88, 0.89, 0.9, 0.91, 0.92, 0.95, 0.96, 0.97, 0.98, 0.99, 1.0, 1.01, 1.02, 1.03, 1.04, 1.14, 1.17, 1.18, 1.19, 1.2, 1.21, 1.25, 1.26, 1.27, 1.28, 1.29, 1.3, 1.53, 1.57, 1.58, 1.59, 1.65, 1.66, 1.67, 1.68, 1.69, 1.7, 1.71, 1.81, 1.82, 1.83, 1.84, 1.85, 1.86, 1.87, 1.88, 1.89, 1.9, 1.91, 1.92, 1.93, 1.94, 1.95, 1.96, 1.97, 1.98, 1.99, 2.0, 2.01, 2.02, 2.03, 2.09, 2.1, 2.11, 2.12, 2.13, 2.29], "audio_url": "/file_processing/data_out/audio/Speaker5_Africa_Male_3_28.wav", "textgrid_url": "/file_processing/data_out/textgrid/Speaker5_Africa_Male_3_28.TextGrid", "labels": ["#", "On", "se", "retrouve", "\u00e0", "20", "heures,", "#", "d'accord?", "#"], "label_int": [0.25, 0.08000000000000002, 0.14999999999999997, 0.31000000000000005, 0.10999999999999999, 0.2699999999999999, 0.15000000000000013, 0.21999999999999997, 0.58087, 0.24913000000000007]}