{"filename": "Speaker3_France_Male_2_14", "pitches": [188.93750724772917, 123.61643718474451, 124.05927877153424, 124.16641766673084, 123.7226169410713, 123.07229912961732, 121.85919300589222, 119.61642154536732, 118.03097533865429, 119.10381049647383, 125.21332600956185, 128.27625339279257, 129.31048864606876, 130.20310715159945, 130.10767628734098, 129.66159485613196, 129.0005805924477, 128.27714402652072, 127.81542825026973, 128.60801192839125, 131.21990555191064, 133.3877958408936, 135.71498837783687, 137.29609447859818, 138.3776109138677, 139.00646080506223, 138.80242178067854, 138.02447949463524, 136.69027772217137, 134.7855528074242, 133.075352924531, 130.87814733529495, 126.7329014081981, 123.50231122471492, 146.8959764956262, 150.00578417144288, 154.11287860138148, 156.29472690257276, 158.50033038228406, 159.71214969416047, 159.44666962094192, 158.4418872178337, 157.60873614947766, 159.16593675607544, 159.64489162070532, 157.62823285767692, 156.923748164331, 156.99788876380774, 159.4162723340965, 163.89113911929542, 183.53162762217272, 183.6486612176611, 181.92917377192873, 180.317078358527, 176.6438170647673, 174.52789816945574, 172.7766044595201, 169.884964281581, 168.47840857496263, 167.54079813621098, 165.88965371214096, 162.3980019092498, 158.2006673025627, 154.2352866196176, 150.19001961726997, 163.8939638224737, 166.728551042623, 168.83034383649647, 169.03289238496103, 160.24660319918144, 160.6186397671132, 162.2526064282328, 164.4596034750844, 168.19688580211388, 170.14195331564702, 167.00914100479497, 163.00561946186957, 157.66860486635483, 155.57066350050033, 147.23602579493758, 133.3042427478282, 129.3151908223339, 125.1283775284496, 122.81331693272864, 120.43100084193837, 117.6373696852251, 116.04041240011767, 114.43210688823952, 111.65361935517666, 111.28818019935272, 112.55458139354769, 114.37861550084455, 114.49642145263135, 113.54358651551101, 111.71343662569284, 109.6923431871208, 107.50959339796202, 105.21076674795529, 103.83259892136068, 102.9296706191107, 100.62979443248486, 100.05746707983356, 100.22367973899188, 100.54023784485966, 99.30480215332125, 204.27822861171472], "pitch_int": [0.16, 0.24, 0.25, 0.26, 0.27, 0.28, 0.29, 0.3, 0.31, 0.32, 0.33, 0.34, 0.35, 0.36, 0.37, 0.38, 0.39, 0.4, 0.41, 0.42, 0.43, 0.44, 0.45, 0.46, 0.47, 0.48, 0.49, 0.5, 0.51, 0.52, 0.53, 0.54, 0.55, 0.56, 0.58, 0.59, 0.6, 0.61, 0.62, 0.63, 0.64, 0.65, 0.66, 0.69, 0.7, 0.71, 0.72, 0.73, 0.74, 0.75, 0.77, 0.78, 0.79, 0.8, 0.81, 0.82, 0.83, 0.84, 0.85, 0.86, 0.87, 0.88, 0.89, 0.9, 0.91, 0.93, 0.94, 0.95, 0.96, 0.98, 0.99, 1.0, 1.01, 1.02, 1.03, 1.04, 1.05, 1.06, 1.07, 1.08, 1.09, 1.1, 1.11, 1.12, 1.13, 1.14, 1.15, 1.16, 1.17, 1.18, 1.19, 1.2, 1.21, 1.22, 1.23, 1.24, 1.25, 1.26, 1.27, 1.28, 1.29, 1.37, 1.38, 1.39, 1.4, 1.54], "audio_url": "/file_processing/data_out/audio/Speaker3_France_Male_2_14.wav", "textgrid_url": "/file_processing/data_out/textgrid/Speaker3_France_Male_2_14.TextGrid", "labels": ["#", "Nous", "avons", "beaucoup", "march\u00e9", "aujourd\u2019hui!", "#"], "label_int": [0.25, 0.12, 0.15000000000000002, 0.29000000000000004, 0.28, 0.31999999999999984, 0.25]}