{"filename": "Speaker8_France_Female_3_29", "pitches": [194.81277175132738, 194.41290309706872, 193.39991453175935, 191.99815298093054, 188.740267577572, 184.96618778185265, 269.4879162401131, 268.30051033450263, 267.37330475445526, 268.3510916460459, 268.6786483217413, 267.9651914224472, 263.9940201684445, 258.6065462101073, 250.34557992323806, 238.61837565366147, 229.68266438741935, 221.7792165900353, 215.61423942687924, 210.10524118404493, 203.3216319080134, 200.27334512376058, 183.74040412505335, 177.38915033816136, 164.4930289765296, 161.29120753119594, 158.40713290252557, 156.58896055500867, 155.67961297792283, 155.64901084940084, 155.15798695515028, 153.41191521807804, 149.33538671679827, 147.2912045306877, 146.67238779969944, 146.0048887123068, 145.02054008689302, 143.70827249666615, 143.18180727997805, 143.22679588837096, 145.9332207264854, 149.19111654897526, 153.06842770022493, 182.90383222359392, 181.22594395219988, 180.87024028315523, 180.8813528000877, 181.68614621648462, 182.79480228493438, 184.55334870047366, 185.32382761535584, 185.65124247669272, 187.64448585585274, 197.6429695676364, 201.32926054126628, 203.77360151957387, 206.44662491735204, 209.52177766514765, 212.28072550694884, 214.9841466648226, 217.89040417477315, 221.96942566587842, 226.68410808688253, 231.68337079455944, 233.75499197751648, 234.11856847111272, 232.06568241455983, 226.06727407349507, 222.1451055873999, 218.8777122624166, 177.30440242733127, 174.59839861952273, 171.16077419486854, 168.75122764330337, 165.1476520935882, 160.6281329879658, 219.62422688713417, 217.54020884788434, 217.11943205842147, 217.1218477187321, 216.88813143539994, 215.74917162470842, 211.8900824040487, 207.83836598537067, 206.83233455038706, 193.7571167624916, 193.27412659135916, 191.2711279574566, 188.63506115275987, 184.97899528953863, 181.32507420434735, 178.07788273730893, 175.6214107440873, 173.6931980090813, 171.59264028047605, 169.02960704680277, 166.52305125523282, 164.58321790656285, 161.19902712682563, 165.91899252540344, 165.64330878237527, 165.40601407608594, 165.20250886483697, 164.75954227188163, 164.1423019897745, 163.30174205844327, 161.78166676770715, 160.3206253136832, 159.00568499694074, 157.89669224079657, 134.88291644813125, 210.86006922175238, 209.27072515865092, 209.39122471381467, 211.0982262983445, 217.72803637306424, 265.4113522422753, 328.2835311655037, 330.2825054376784], "pitch_int": [0.3, 0.31, 0.32, 0.33, 0.34, 0.35, 0.49, 0.5, 0.51, 0.52, 0.53, 0.54, 0.55, 0.56, 0.57, 0.58, 0.59, 0.6, 0.61, 0.62, 0.63, 0.64, 0.66, 0.67, 0.74, 0.75, 0.76, 0.77, 0.78, 0.79, 0.8, 0.81, 0.82, 0.83, 0.84, 0.85, 0.86, 0.87, 0.88, 0.89, 0.9, 0.91, 0.92, 0.99, 1.0, 1.01, 1.02, 1.03, 1.04, 1.05, 1.06, 1.07, 1.08, 1.09, 1.1, 1.11, 1.12, 1.13, 1.14, 1.15, 1.16, 1.17, 1.18, 1.19, 1.2, 1.21, 1.22, 1.23, 1.24, 1.25, 1.33, 1.34, 1.35, 1.36, 1.37, 1.38, 1.59, 1.6, 1.61, 1.62, 1.63, 1.64, 1.65, 1.66, 1.67, 1.7, 1.71, 1.72, 1.73, 1.74, 1.75, 1.76, 1.77, 1.78, 1.79, 1.8, 1.81, 1.82, 1.83, 1.93, 1.94, 1.95, 1.96, 1.97, 1.98, 1.99, 2.0, 2.01, 2.02, 2.03, 2.2, 2.36, 2.37, 2.38, 2.39, 2.4, 2.42, 2.45, 2.46], "audio_url": "/file_processing/data_out/audio/Speaker8_France_Female_3_29.wav", "textgrid_url": "/file_processing/data_out/textgrid/Speaker8_France_Female_3_29.TextGrid", "labels": ["#", "Ce", "film", "\u00e9tait", "vraiment", "captivant,", "tu", "ne", "trouves", "#", "pas?", "#"], "label_int": [0.25, 0.10999999999999999, 0.26, 0.19000000000000006, 0.42999999999999994, 0.5700000000000001, 0.16999999999999993, 0.029999999999999805, 0.2200000000000002, 0.06999999999999984, 0.14000000000000012, 0.25]}