{"filename": "Speaker9_France_Male_3_1", "pitches": [119.47134219139079, 118.51068851085769, 117.36505494602798, 116.22849185040296, 114.98981679466532, 114.00282627145118, 114.92953485994178, 134.55492676733607, 137.69866391263017, 142.37490303039579, 146.04879451679662, 149.18673597208218, 152.74231478637307, 155.47747219418505, 156.98587209650154, 158.74628668337505, 160.26106548793604, 160.58326731248542, 159.82920852369406, 157.6429370459655, 155.29799487497706, 151.87726853964938, 148.09667576184913, 142.2052472377507, 137.31766637293939, 134.37860377081805, 131.9514143397701, 129.3265676622864, 126.89199151736071, 124.63162591556312, 122.32784672312305, 119.50535838948196, 124.95710668157729, 121.335229830271, 109.7191382120769, 108.64002442728679, 108.38455229836504, 108.95347169846268, 110.21838073906102, 113.13863169756948, 116.93509273338306, 120.87543136330851, 123.47740040365879, 127.04430667939839, 134.0030742200859, 139.00300314346092, 144.84396719167995, 147.07947763238755, 147.30328907254022, 145.7479928833955, 113.40227060974667, 109.26774387470404, 104.40866421297957, 101.63582518990103, 99.98019432740477, 99.23740585497154, 98.71982019405841, 98.2726784323785, 97.88108287341089, 97.26371328691445, 96.12706484753902, 94.13420802058768, 86.49484045190005, 86.25730136735022, 98.22457826961978, 97.50223805389977, 96.19910812458974, 89.00883904582882, 87.21644000839872, 87.28706694909833, 87.39453630192429, 87.26396445483186, 86.83780141412113, 86.29020363609975, 85.77507339598249, 85.49792459062178, 85.92620088807395, 86.46146086288162, 87.69169548801166, 89.11561341923375, 89.79095212039907, 89.95059778478966, 90.03876773173212, 112.48886418792233, 126.12648838015747, 132.45687149004962, 133.07738376944886, 133.90009651221672, 134.76990398738417, 135.66398602207707, 135.21553295927544, 134.33798814024485, 132.646188163854, 132.25922195645214, 121.42747843591897, 107.67690825583522, 106.22601202469221, 104.76234486592503, 102.767226285151, 99.70142576809747, 119.18547438997388, 119.19038426398158, 119.47552174252814, 32.689889558375214], "pitch_int": [0.49, 0.5, 0.51, 0.52, 0.53, 0.54, 0.55, 0.57, 0.58, 0.59, 0.6, 0.61, 0.62, 0.63, 0.64, 0.65, 0.66, 0.67, 0.68, 0.69, 0.7, 0.71, 0.72, 0.73, 0.74, 0.75, 0.76, 0.77, 0.78, 0.79, 0.8, 0.81, 0.97, 0.98, 1.0, 1.01, 1.02, 1.03, 1.04, 1.05, 1.06, 1.07, 1.08, 1.09, 1.1, 1.11, 1.12, 1.13, 1.14, 1.15, 1.3, 1.31, 1.32, 1.33, 1.34, 1.35, 1.36, 1.37, 1.38, 1.39, 1.4, 1.41, 1.44, 1.45, 1.48, 1.49, 1.5, 1.52, 1.53, 1.54, 1.55, 1.56, 1.57, 1.58, 1.59, 1.6, 1.61, 1.62, 1.63, 1.64, 1.65, 1.66, 1.67, 1.75, 1.76, 1.77, 1.78, 1.79, 1.8, 1.81, 1.82, 1.83, 1.84, 1.85, 1.97, 2.0, 2.01, 2.02, 2.03, 2.04, 2.2, 2.21, 2.22, 2.42], "audio_url": "/file_processing/data_out/audio/Speaker9_France_Male_3_1.wav", "textgrid_url": "/file_processing/data_out/textgrid/Speaker9_France_Male_3_1.TextGrid", "labels": ["#", "Il", "travaille", "en", "France,", "mais", "il", "n'est", "pas", "fran\u00e7ais.", "#"], "label_int": [0.25, 0.08000000000000002, 0.38999999999999996, 0.09000000000000008, 0.49, 0.21999999999999997, 0.07000000000000006, 0.09999999999999987, 0.14000000000000012, 0.41000000000000014, 0.25]}