{"filename": "Speaker8_France_Female_1_22", "pitches": [181.55020215745537, 180.37923027909864, 179.2268891241753, 177.32819066298146, 174.5909867632878, 172.2378648151118, 166.40619598061812, 165.17536368791693, 164.8092132202741, 164.47000960478198, 164.18369079719054, 163.5742978981503, 162.26691955099915, 160.22605888545857, 157.68735593802137, 156.34359209007735, 156.9000382460103, 208.90451318555563, 215.68782571015734, 223.6322353337572, 232.0788253301838, 240.10468292159538, 249.94265897156907, 260.6527429109035, 279.34987562922186, 287.59862698611124, 292.21238457327524, 294.8409888671329, 295.6605283535445, 297.73430088106215, 302.0071940597002, 322.532807482503, 320.7780566882604, 313.46411732127257, 310.6442432387135, 308.0235807771753, 304.42615424497785, 299.0722889846642, 293.88309152723053, 280.25453508790844, 277.9158996581559, 276.6331177147405, 275.50216019011884, 273.19502558112583, 266.89050678979163, 260.5171820038626, 255.95678261053234, 252.47009769644123, 250.42015087870897, 249.12927560451186, 247.5352364087232, 246.99155398893595, 247.0994334911379, 247.19556533853205, 247.3862796628833, 247.5269844585692, 247.46442019004326, 247.09697587772624, 245.1795487717286, 241.8615769031486, 240.11102451782392, 241.35818502781137, 245.01664226988422, 243.7947760956884, 241.56256507782098, 231.3784949407936, 226.54715690828542, 225.14366660395555, 223.42472248434353, 220.05083348113152, 215.9409380552366, 212.13420198457368, 209.6776509956814, 206.3934073698472, 204.44964824333223, 201.3467728546544, 194.72692242183004, 189.0471202002131, 183.71488068779453, 177.39765717471113, 181.42176296927448, 181.9311284875008, 180.77219200086108, 179.4724460571521, 177.22162269217517, 175.016720834853, 173.25037183792273, 171.41084577095697, 171.09665447347442, 174.13973871320562, 181.11434414326487, 184.2005605129103, 182.91936489384005, 178.38448317261538, 174.6772978756402, 171.06498458619942, 168.01446285986458, 165.7895799048065, 163.9043429737451, 162.4892601485411, 161.6450503322285, 161.23716769213627, 161.11545247211492, 160.35585370793896, 158.80571674985651, 157.09384806672853, 145.5578092948018, 141.11805278889466, 137.967476417731, 135.41095340570064, 131.0722959447637, 125.72190588454126, 122.73058604817577, 120.17972770616018], "pitch_int": [0.32, 0.33, 0.34, 0.35, 0.36, 0.37, 0.48, 0.49, 0.5, 0.51, 0.52, 0.53, 0.54, 0.55, 0.56, 0.57, 0.58, 0.63, 0.64, 0.65, 0.66, 0.67, 0.68, 0.69, 0.7, 0.71, 0.72, 0.73, 0.74, 0.75, 0.76, 0.83, 0.84, 0.85, 0.86, 0.87, 0.88, 0.89, 0.9, 1.01, 1.02, 1.03, 1.04, 1.05, 1.06, 1.07, 1.08, 1.09, 1.1, 1.11, 1.12, 1.13, 1.14, 1.15, 1.16, 1.17, 1.18, 1.19, 1.2, 1.21, 1.22, 1.23, 1.24, 1.25, 1.26, 1.29, 1.3, 1.31, 1.32, 1.33, 1.34, 1.35, 1.48, 1.49, 1.5, 1.51, 1.52, 1.53, 1.54, 1.55, 1.68, 1.69, 1.7, 1.71, 1.72, 1.73, 1.74, 1.75, 1.76, 1.77, 1.78, 1.79, 1.8, 1.81, 1.82, 1.83, 1.84, 1.85, 1.86, 1.87, 1.88, 1.89, 1.9, 1.91, 1.92, 1.93, 2.1, 2.11, 2.12, 2.13, 2.14, 2.15, 2.16, 2.17], "audio_url": "/file_processing/data_out/audio/Speaker8_France_Female_1_22.wav", "textgrid_url": "/file_processing/data_out/textgrid/Speaker8_France_Female_1_22.TextGrid", "labels": ["#", "Je", "", "suis", "impressionn\u00e9e", "par", "ta", "progression.", "#"], "label_int": [0.25072, 0.09083999999999998, 0.013440000000000007, 0.27, 0.6100000000000001, 0.17999999999999994, 0.11999999999999988, 0.65804, 0.24996000000000018]}