{"filename": "Speaker6_France_Female_1_22", "pitches": [248.86775236282134, 244.71897488814332, 241.02839037466393, 236.98854934922454, 231.8349816205118, 226.20671047150014, 221.69334466517364, 219.80918124614018, 218.21861108806235, 218.66131999823327, 248.42990436768923, 246.49110939265387, 244.4868634660176, 240.3282953182104, 237.16863521909198, 236.79454716083373, 238.95884608488348, 241.3797569180056, 242.86008710539312, 243.24147952399807, 242.1577720288782, 239.8135414932314, 240.8407099113237, 245.2695958136187, 280.49625775295027, 277.97166965176245, 276.4765602581591, 276.21492548810306, 275.4051138273757, 274.0047409148104, 271.43065239488817, 267.6659868263199, 264.3612102739118, 262.1784487801268, 260.9655982380249, 282.84417960125364, 279.7048550725247, 277.2282977918656, 275.29993924873344, 273.51597707365846, 269.58787726409344, 261.69753693488013, 256.84845474474804, 254.466356366289, 253.50962686795398, 253.77842003024085, 254.82359349592215, 256.5131237068538, 259.4695137416502, 265.9231786732675, 275.3915862764294, 284.02685844199783, 291.32757399937327, 295.9900645433107, 300.0243796188556, 304.3179523032243, 308.1888423461266, 310.7368162147419, 312.26898273091047, 313.1242616848301, 313.2898194769381, 312.3094051771549, 309.4209420693962, 303.4519090672712, 299.69435382486654, 309.0765074116707, 311.74277817143167, 312.5589649727989, 255.79929900667608, 251.63992331105018, 248.08741237073122, 244.83730453717473, 240.29190209088708, 235.82376703641035, 235.10282226954186, 236.71629572571715, 249.22176032880128, 238.3762594784813, 230.99740107004666, 226.7645030002217, 224.74863323626337, 223.6255694815176, 222.60974032195384, 222.0603301121671, 220.77682194650535, 218.25196447348333, 216.35736008306208, 216.2218472435208, 220.37785444938976, 240.65535611406335, 229.00920917817467, 226.13582352834607, 223.22771017621986, 220.2877229979253, 219.263129620386, 220.6278781866252, 222.75303972267386, 224.23796582395045, 222.38506685837524, 219.2876518082608, 214.86210689236492, 212.29468531797005, 210.09001488757468, 208.63705463181543, 207.7817566409935, 207.40844286705354, 207.8490397437123, 208.6700313326432, 222.3591548237032, 219.9718857535093, 269.15223884920937, 269.0443720204974, 257.09043602657704, 227.6892271779186, 188.51338669390066, 188.02428460633473, 175.13807773807144, 175.0124062062503, 176.406224644353, 177.34827233312146], "pitch_int": [0.29, 0.3, 0.31, 0.32, 0.33, 0.34, 0.35, 0.36, 0.37, 0.38, 0.44, 0.45, 0.46, 0.47, 0.48, 0.49, 0.5, 0.51, 0.52, 0.53, 0.54, 0.55, 0.56, 0.57, 0.62, 0.63, 0.64, 0.65, 0.66, 0.67, 0.68, 0.69, 0.7, 0.71, 0.72, 0.81, 0.82, 0.83, 0.84, 0.85, 0.86, 0.87, 0.88, 0.89, 0.9, 0.91, 0.92, 0.93, 0.94, 0.95, 0.96, 0.97, 0.98, 0.99, 1.0, 1.01, 1.02, 1.03, 1.04, 1.05, 1.06, 1.07, 1.08, 1.09, 1.1, 1.13, 1.14, 1.15, 1.18, 1.19, 1.2, 1.21, 1.22, 1.23, 1.24, 1.25, 1.29, 1.34, 1.35, 1.36, 1.37, 1.38, 1.39, 1.4, 1.41, 1.42, 1.43, 1.44, 1.45, 1.51, 1.53, 1.54, 1.55, 1.56, 1.57, 1.58, 1.59, 1.6, 1.61, 1.62, 1.63, 1.64, 1.65, 1.66, 1.67, 1.68, 1.69, 1.7, 1.8, 1.81, 1.84, 1.85, 1.86, 1.87, 1.9, 1.91, 2.05, 2.06, 2.07, 2.08], "audio_url": "/file_processing/data_out/audio/Speaker6_France_Female_1_22.wav", "textgrid_url": "/file_processing/data_out/textgrid/Speaker6_France_Female_1_22.TextGrid", "labels": ["#", "Je", "suis", "impressionn\u00e9e", "par", "ta", "progression.", "#"], "label_int": [0.25, 0.09999999999999998, 0.15000000000000002, 0.6100000000000001, 0.17999999999999994, 0.1399999999999999, 0.4962500000000001, 0.24975000000000014]}