{"filename": "Speaker1_Argentina_Female_1_11", "pitches": [236.26548869953243, 231.40718379346134, 210.48670015969753, 207.89314686491625, 208.04014341087304, 209.07266970224495, 210.02056920118628, 209.80459774326195, 208.35681321409828, 207.34977886784566, 209.60033999960552, 212.89540642471766, 216.61077288621794, 219.50955255927886, 222.14795803613134, 224.591724531337, 231.59845848046186, 238.05374731220826, 245.8920898983322, 252.98010265586012, 273.9895617653367, 282.589330134542, 304.35749414649126, 329.19363744914045, 333.2904183201032, 348.5555667456322, 239.07999743896482, 235.517399391793, 233.01635165039716, 230.62286664891732, 226.73130062736558, 222.47147179712047, 220.389994095114, 218.44127410836217, 216.05256066294277, 213.44890482835075, 210.940027929732, 208.66143654552553, 207.12790908759035, 206.16341505766331, 205.73986520154864, 204.1090077993812, 202.26922002506018, 199.4905228936176, 199.9852685766821, 206.36582132296377, 207.8710651308877, 207.70179759673525, 207.2210211929949, 207.69102726596512, 208.3484458312484, 210.5279251714505, 215.03710928841943, 213.49469752434584, 211.16094360985073, 253.08959255718548, 251.9867029479495, 251.69404246454053, 253.26827607817967, 254.99980960520688, 259.04829537655826, 265.7102533278588, 272.0110538954928, 277.78360790507656, 280.1566439416022, 280.02099806500684, 276.5035596139373, 273.3391967248934, 272.02453550097096, 274.84770143225626, 262.0303650549625, 228.49617899614492, 224.50020578598293, 221.84343698210196, 221.90122351723005, 223.55899632008567, 223.8633608500245, 221.92559445801436, 218.53285989363383, 215.0803120034122, 209.99974192481332, 204.92043157346558, 218.23634390628604, 221.29141074449933, 221.77033012148536, 220.92582447719656, 231.8503530806649, 232.7475033310588, 231.95431474889216, 231.99594033001503, 232.98211832529609, 236.10176209889798, 243.5510249153451, 254.92335748387842, 271.3912537517332, 275.8891588931767, 277.8711850221263, 277.4224020482493, 275.59994892044375, 271.9536878817368, 265.2642250162002, 157.33723378104392, 155.34684821132603, 154.98792038250076, 155.19963712729913, 154.71385540944277, 155.72488345722496, 156.56787338350486, 156.23220124799045], "pitch_int": [0.29, 0.3, 0.33, 0.34, 0.35, 0.36, 0.37, 0.38, 0.39, 0.4, 0.41, 0.42, 0.43, 0.44, 0.45, 0.46, 0.47, 0.48, 0.49, 0.5, 0.52, 0.53, 0.55, 0.57, 0.58, 0.59, 0.86, 0.87, 0.88, 0.89, 0.9, 0.91, 0.92, 0.93, 0.94, 0.95, 0.96, 0.97, 0.98, 0.99, 1.0, 1.01, 1.02, 1.03, 1.04, 1.05, 1.06, 1.07, 1.08, 1.09, 1.1, 1.11, 1.12, 1.13, 1.15, 1.18, 1.19, 1.2, 1.21, 1.22, 1.23, 1.24, 1.25, 1.26, 1.27, 1.28, 1.29, 1.3, 1.31, 1.32, 1.33, 1.35, 1.36, 1.37, 1.38, 1.39, 1.4, 1.41, 1.42, 1.43, 1.44, 1.45, 1.48, 1.49, 1.5, 1.51, 1.55, 1.56, 1.57, 1.58, 1.59, 1.6, 1.61, 1.62, 1.63, 1.64, 1.65, 1.66, 1.67, 1.68, 1.69, 1.76, 1.77, 1.78, 1.79, 1.94, 1.95, 1.96, 1.97], "audio_url": "/file_processing/data_out/audio/Speaker1_Argentina_Female_1_11.wav", "textgrid_url": "/file_processing/data_out/textgrid/Speaker1_Argentina_Female_1_11.TextGrid", "labels": ["#", "Paris,", "#", "c'est", "le", "c\u0153ur", "#", "du", "pays.", "#"], "label_int": [0.25, 0.33999999999999997, 0.22000000000000008, 0.12, 0.08999999999999997, 0.28, 0.030000000000000027, 0.11999999999999988, 0.4985900000000001, 0.2494099999999999]}