{"filename": "Speaker1_Argentina_Female_2_18", "pitches": [245.25317589282824, 208.84327066463595, 205.76273241429146, 201.268669892996, 195.17026047703436, 192.0820350640829, 190.04941574872078, 192.4942157759861, 220.035306160334, 225.66458484606915, 231.34073646745233, 234.4135425643184, 236.4374138969615, 237.6424273831986, 237.86433139197362, 239.31923470115566, 240.86775000848513, 242.79600035179416, 244.61825462523703, 245.15865233625027, 245.4382470301689, 244.76359460541505, 242.21254744505273, 239.2922584671893, 238.77572224895513, 248.84264172186937, 262.8947152087042, 266.4296341115951, 268.10186655356546, 270.3548189619692, 273.66030943758165, 275.69470385863315, 276.4609642294155, 277.8070339871469, 290.80554747935173, 300.4598229368017, 306.20421101120417, 311.85983230149725, 314.8003969840108, 317.61727239662696, 319.52467525341274, 319.91418503134264, 319.4726876559473, 318.64836308457876, 317.72052744103405, 315.9409400721886, 322.5453989153288, 319.04606193829204, 323.7377389682769, 315.72944959888383, 317.90547965827795, 316.78555655110324, 316.2555293036035, 314.5778719488337, 313.39579046953156, 310.8661057102453, 307.52914039725215, 303.4569442905058, 272.3954430218514, 276.06069993069286, 275.6963320898722, 276.8213360329152, 276.78312205416, 275.7254783615517, 273.87923189259357, 270.5448913522069, 267.12558990001986, 263.5929848023, 261.2558037440575, 257.96754077093425, 254.56013397503716, 250.59018008899034, 249.64015070441263, 256.6242786799945, 260.47954271181277, 265.7417150289847, 270.5590484814936, 269.659659800394, 267.26089082703095, 258.80642363034315, 253.71329969352487, 249.4946216150049, 244.58361214473652, 240.6004998107744, 237.70224223515996, 234.0446688280501, 231.0092223724158, 226.4976303783236, 211.90761261939255, 236.75662448882787, 236.47643640961715, 236.77623408206205, 235.9533777778459, 215.10048258577714, 229.74782602345624, 227.23285368187047, 225.64405326838227, 224.49687480470084, 223.5607890379202, 223.7318686851667, 224.80383023286126, 225.9794775266617, 226.7266313029597, 226.1894678136099, 225.24443325681418, 224.7354812531379, 225.43214186318949, 227.3139642866733, 229.38613645949874, 230.36217190962338, 226.3698304621102, 227.13405447143697, 226.73025407938871, 225.91809309600444, 225.63371948659102, 227.83269995903225, 230.95443252253676, 229.17280088339947, 225.57222561154123, 158.12363496857586, 158.32559321395752, 159.10557998708046, 162.43926099932048, 169.97291050822741], "pitch_int": [0.21, 0.3, 0.31, 0.32, 0.33, 0.34, 0.35, 0.36, 0.38, 0.39, 0.4, 0.41, 0.42, 0.43, 0.44, 0.45, 0.46, 0.47, 0.48, 0.49, 0.5, 0.51, 0.52, 0.53, 0.56, 0.57, 0.59, 0.6, 0.61, 0.62, 0.63, 0.64, 0.65, 0.66, 0.67, 0.68, 0.69, 0.7, 0.71, 0.72, 0.73, 0.74, 0.75, 0.76, 0.77, 0.78, 0.8, 0.81, 0.82, 0.85, 0.86, 0.87, 0.88, 0.89, 0.9, 0.91, 0.92, 0.93, 0.95, 0.97, 0.98, 0.99, 1.0, 1.01, 1.02, 1.03, 1.04, 1.05, 1.06, 1.07, 1.08, 1.09, 1.1, 1.11, 1.12, 1.13, 1.14, 1.15, 1.16, 1.17, 1.18, 1.19, 1.2, 1.21, 1.22, 1.23, 1.24, 1.25, 1.27, 1.29, 1.3, 1.31, 1.32, 1.35, 1.39, 1.4, 1.41, 1.42, 1.43, 1.44, 1.45, 1.46, 1.47, 1.48, 1.49, 1.5, 1.51, 1.52, 1.53, 1.54, 1.57, 1.58, 1.59, 1.6, 1.61, 1.62, 1.64, 1.65, 1.66, 1.73, 1.74, 1.75, 1.76, 1.83], "audio_url": "/file_processing/data_out/audio/Speaker1_Argentina_Female_2_18.wav", "textgrid_url": "/file_processing/data_out/textgrid/Speaker1_Argentina_Female_2_18.TextGrid", "labels": ["#", "Je", "ne", "parle", "pas", "beaucoup", "#", "fran\u00e7ais.", "#"], "label_int": [0.25059, 0.18441000000000002, 0.10000000000000003, 0.25, 0.15999999999999992, 0.30999999999999994, 0.06000000000000005, 0.42000000000000015, 0.25]}