{"filename": "Speaker3_France_Male_2_1", "pitches": [35.17756137857863, 34.84123850377307, 37.998398504409565, 42.055555786057425, 45.41110413296157, 146.27938608434616, 156.93812581696514, 155.47139907636654, 153.5335284512616, 152.01363619876656, 152.84373836592474, 155.39257624939583, 158.08253200016125, 161.43833525180213, 163.8319674637707, 166.0423752499916, 168.18595139584855, 168.8649080342155, 166.87908676177534, 162.9998192539753, 157.74665646653258, 150.9718878723245, 145.28271330538638, 142.5274187225278, 141.0978378211642, 140.61689113372304, 139.0024850323903, 137.44128547268818, 135.04321923650065, 165.09927354974738, 165.31998925130367, 142.7340577270873, 150.74527115392198, 149.62000098703237, 163.9809563179736, 161.2811878264603, 158.5232022058672, 156.48169991244538, 155.2201306610218, 154.48950849677362, 154.8422257320441, 155.58729062444746, 156.81671743082734, 159.3482827955118, 162.68209804287545, 166.53943410482572, 172.1062217519291, 176.0603263268251, 177.28449707441604, 176.55161175161751, 173.31327986591975, 165.25626724260889, 159.47224241298153, 159.65517993266843, 158.52882393108203, 156.16233650826706, 116.71513112427606, 117.0535508714024, 116.88604342943763, 117.86436268823961, 119.48486617236169, 119.79836952025431, 118.47303841959855, 117.55637039271551, 117.39680177144139, 117.39395932694721, 117.42016583900028, 117.47864499946581, 117.67180686505654, 117.408596945798, 117.50556649763205, 118.40791041524534, 120.07556555078196, 121.248792679402, 121.57837167472053, 121.43339692863285, 122.21525327290951, 123.40945608235407, 123.07234097317632, 121.57663815829159, 119.88847710578872, 117.99691247349841, 116.61586390929614, 115.22548703134527, 121.31093663869707, 121.3726733137004, 121.44885492226135, 150.88440193589864, 150.22019813488197, 149.86106318556804, 149.40609895887115, 149.100147342487, 149.04875319552684, 148.52367729448108, 148.75730125527178, 149.91450590127639, 151.63647020421672, 151.2627421725249, 152.13423757684157, 153.1395216686701, 153.60383072087436, 151.05075626966308, 151.2350635230197, 151.9972148414257, 125.07714606742518, 122.85638884417665, 121.70030791783267, 119.95919917130445, 165.83640290664692, 155.87474587036678], "pitch_int": [0.28, 0.29, 0.31, 0.32, 0.33, 0.45, 0.46, 0.47, 0.48, 0.49, 0.5, 0.51, 0.52, 0.53, 0.54, 0.55, 0.56, 0.57, 0.58, 0.59, 0.6, 0.61, 0.62, 0.63, 0.64, 0.65, 0.66, 0.67, 0.68, 0.71, 0.72, 0.75, 0.78, 0.79, 0.82, 0.83, 0.84, 0.85, 0.86, 0.87, 0.88, 0.89, 0.9, 0.91, 0.92, 0.93, 0.94, 0.95, 0.96, 0.97, 0.98, 0.99, 1.05, 1.06, 1.07, 1.08, 1.39, 1.4, 1.41, 1.42, 1.43, 1.44, 1.45, 1.46, 1.47, 1.48, 1.49, 1.5, 1.51, 1.52, 1.53, 1.54, 1.55, 1.56, 1.57, 1.58, 1.59, 1.6, 1.61, 1.62, 1.63, 1.64, 1.65, 1.66, 1.7, 1.71, 1.72, 1.74, 1.75, 1.76, 1.77, 1.78, 1.79, 1.8, 1.81, 1.82, 1.83, 1.84, 1.85, 1.86, 1.87, 1.88, 1.89, 1.9, 1.93, 1.94, 1.95, 1.96, 2.12, 2.15], "audio_url": "/file_processing/data_out/audio/Speaker3_France_Male_2_1.wav", "textgrid_url": "/file_processing/data_out/textgrid/Speaker3_France_Male_2_1.TextGrid", "labels": ["#", "Il", "", "travaille", "en", "France,", "#", "mais", "il", "n'est", "pas", "fran\u00e7ais.", "#"], "label_int": [0.2507, 0.08884000000000003, 0.024229999999999974, 0.24323, 0.08000000000000007, 0.5999999999999999, 0.09000000000000008, 0.10000000000000009, 0.11999999999999988, 0.07000000000000006, 0.1399999999999999, 0.33999999999999986, 0.25]}