{"filename": "Speaker5_Africa_Male_3_11", "pitches": [232.8073008707888, 235.84110822937782, 235.3293120206536, 236.12490048225578, 234.9404345057431, 235.75885406200467, 113.63593475716961, 112.44660815634731, 110.86272233674958, 130.3350916237069, 128.20663878703718, 126.24974701587732, 124.7352703729476, 123.76425787988046, 122.15264410904935, 119.55838459066202, 117.94966911007785, 145.52253069426757, 155.23768175407022, 152.89134313135142, 153.70878466368836, 154.0732581698439, 153.40833942096125, 152.42024536170538, 150.42518015025368, 148.61476538333238, 147.3688410910086, 145.6953572860935, 141.84803358265748, 138.74905321646204, 137.88226962987403, 137.36213130108337, 135.71306733952534, 132.80478149236095, 130.8754962503823, 128.73396807870807, 126.05481373815813, 123.65341670637017, 121.6485640113255, 119.37177425582885, 118.27189280855934, 117.98775041569507, 117.49822682764302, 117.06118233999605, 116.23304923102607, 115.45602511457382, 115.60148580871959, 114.92983558724086, 113.7897910343701, 112.7241664081389, 111.97654240353772, 110.97203608689279, 110.11659530443866, 109.59765387749336, 109.26400660183509, 108.9594737897029, 146.86067264868623, 143.15278918936392, 140.45322708023417, 139.27703057521865, 137.75585483342581, 137.28641661217176, 140.91148271066015, 147.7112291577161, 137.76817142179198, 136.34361389846774, 133.965685610743, 132.04091452517082, 131.6438680382723, 131.84643895390477, 147.26162246670293, 114.91575316965806, 112.81786202523905, 110.6669869201227, 109.29952140119327, 113.14308194390784, 112.34924001362431, 111.21300309155068, 109.07725093595081, 126.74291973342888, 125.47552273190269, 125.05081887665341, 124.51085500043312, 123.94510859652178, 124.08120148866888, 124.57480318710668, 125.26304562878988, 125.47983239281331, 124.64714910073815, 122.70431614744356, 120.2832975195114, 124.02361323930025, 124.69853049506608, 126.16018278431518, 123.41121951745718, 118.40460769365235, 114.99796801734702, 112.93442756102914, 110.74113185953651, 108.71869548664031, 106.95189226268118, 104.16011717423218, 99.27511810078515, 96.91051102423316, 95.16584763639747, 94.5482537103908, 94.05068238051777, 112.27583941444635, 120.37961994593547], "pitch_int": [0.12, 0.19, 0.22, 0.23, 0.24, 0.25, 0.33, 0.34, 0.35, 0.48, 0.49, 0.5, 0.51, 0.52, 0.53, 0.54, 0.55, 0.69, 0.7, 0.71, 0.72, 0.73, 0.74, 0.75, 0.76, 0.77, 0.78, 0.79, 0.8, 0.81, 0.82, 0.83, 0.84, 0.85, 0.86, 0.87, 0.88, 0.89, 0.9, 0.91, 0.92, 0.93, 0.94, 0.95, 0.96, 0.97, 0.98, 0.99, 1.0, 1.01, 1.02, 1.03, 1.04, 1.05, 1.06, 1.07, 1.18, 1.19, 1.2, 1.21, 1.22, 1.23, 1.27, 1.34, 1.36, 1.37, 1.38, 1.39, 1.4, 1.41, 1.46, 1.52, 1.53, 1.54, 1.55, 1.67, 1.68, 1.69, 1.7, 1.8, 1.81, 1.82, 1.83, 1.84, 1.85, 1.86, 1.87, 1.88, 1.89, 1.9, 1.91, 1.93, 1.96, 1.98, 1.99, 2.0, 2.01, 2.02, 2.03, 2.04, 2.05, 2.06, 2.07, 2.08, 2.09, 2.1, 2.11, 2.25, 2.26], "audio_url": "/file_processing/data_out/audio/Speaker5_Africa_Male_3_11.wav", "textgrid_url": "/file_processing/data_out/textgrid/Speaker5_Africa_Male_3_11.TextGrid", "labels": ["#", "Ces", "chaussures", "ne", "m\u2019ont", "#", "co\u00fbt\u00e9", "que", "50", "euros!", "#"], "label_int": [0.25, 0.13, 0.43000000000000005, 0.10999999999999999, 0.16000000000000003, 0.06999999999999984, 0.28, 0.13000000000000012, 0.42999999999999994, 0.21333999999999986, 0.24966]}