{"filename": "Speaker9_France_Male_1_24", "pitches": [291.2368737209528, 113.45681805260918, 111.530305003658, 109.4074791969628, 107.19951670337643, 106.13074645487325, 106.71913300737458, 109.07183840678073, 127.10881340535315, 128.60065688865353, 129.8517399514122, 130.53061067923164, 130.8968817923505, 130.49298673469335, 129.6462746135894, 128.42767844740789, 127.11679023906301, 126.11539095273093, 125.01949653930693, 124.08041597430939, 123.30255582602902, 122.77976788049227, 122.12727816825759, 121.27363293677124, 119.81255473357717, 118.04390870829099, 117.00336888879184, 117.40461571543, 119.85461123763176, 122.42968723285992, 122.81570708888678, 122.44222192848632, 121.91464608905105, 121.2028824480361, 120.2846829349612, 119.68695670153609, 118.2739920166087, 117.65790245539074, 143.21303633516507, 142.14992223372118, 140.5529029935069, 139.05191992297296, 137.91556744553006, 136.3575673889201, 134.63004836631055, 133.04590878386452, 131.4240559220765, 129.92916640661068, 128.18411488826078, 126.5335009134619, 124.69708430214466, 123.26291948388628, 120.14840852052416, 117.91176682643047, 115.55008920148344, 128.50416334023313, 125.2160779251446, 122.70374649198598, 121.19500390065187, 119.56406969714601, 118.26304592259248, 117.8160291416757, 117.19967582925128, 116.30289503796334, 115.2894601162026, 113.69650460722228, 111.81082097038741, 110.24033698547402, 109.15313258036868, 108.74739885917901, 109.45811618623316, 110.5272230404119, 111.3686983327132, 112.775137272055, 115.67941501751953, 118.27915297744481, 119.6563774579195, 121.90456087467682, 125.64737296631174, 131.37907934577063, 134.9213217409369, 152.70084465581704, 155.26786769839833, 156.83118074832188, 156.9120933165462, 144.46275664757238, 141.5038976985322, 139.09959780859768, 136.4872636661856, 132.5251358120419, 164.92711075379813, 157.70147672611864, 156.07833764804337, 155.13303393576115, 154.17606264053174, 153.44876312785678, 153.58070373172382, 154.21827173112237, 154.6386377344673, 154.84136407140142, 154.48205013425238, 153.79124542329546, 149.0812536145862, 147.7031233510152], "pitch_int": [0.01, 0.34, 0.35, 0.36, 0.37, 0.38, 0.39, 0.4, 0.42, 0.43, 0.44, 0.45, 0.46, 0.47, 0.48, 0.49, 0.5, 0.51, 0.52, 0.53, 0.54, 0.55, 0.56, 0.57, 0.58, 0.59, 0.6, 0.61, 0.62, 0.63, 0.64, 0.65, 0.66, 0.67, 0.68, 0.69, 0.7, 0.71, 0.8, 0.81, 0.82, 0.83, 0.84, 0.85, 0.86, 0.87, 0.88, 0.89, 0.9, 0.91, 0.92, 0.93, 0.94, 0.95, 0.96, 1.08, 1.09, 1.1, 1.11, 1.12, 1.13, 1.14, 1.15, 1.16, 1.17, 1.18, 1.19, 1.2, 1.21, 1.22, 1.23, 1.24, 1.25, 1.26, 1.27, 1.28, 1.29, 1.3, 1.31, 1.32, 1.33, 1.35, 1.36, 1.37, 1.38, 1.49, 1.5, 1.51, 1.52, 1.53, 1.67, 1.68, 1.69, 1.7, 1.71, 1.72, 1.73, 1.74, 1.75, 1.76, 1.77, 1.78, 1.79, 1.8], "audio_url": "/file_processing/data_out/audio/Speaker9_France_Male_1_24.wav", "textgrid_url": "/file_processing/data_out/textgrid/Speaker9_France_Male_1_24.TextGrid", "labels": ["#", "Tu", "viens", "avec", "nous", "au", "cin\u00e9ma", "le", "#", "soir?", "#"], "label_int": [0.25, 0.12, 0.19999999999999996, 0.2400000000000001, 0.08999999999999997, 0.04999999999999993, 0.41000000000000014, 0.029999999999999805, 0.1200000000000001, 0.30000000000000004, 0.25]}