{"filename": "Speaker2_Spain_Male_1_17", "pitches": [148.16702663511538, 140.9209820774691, 139.06296384913023, 137.5241674253425, 136.72651007801267, 136.36239094616752, 136.2154788339818, 135.8469807150417, 135.4239313146029, 135.01737546868662, 134.86726910684584, 134.1679465551625, 133.94606044608963, 133.57235957067817, 133.0160282108054, 132.57017822933688, 131.801450218077, 130.2367675033084, 128.59026041891659, 127.17336103157136, 126.10505903199768, 125.11906755970743, 123.83151634268081, 120.36732819582822, 133.99012424482842, 134.6954447579773, 134.1222741560763, 133.36461770560084, 133.93186144548042, 134.89094069110018, 133.2850910640905, 132.67545343148424, 132.07303601975855, 131.4818593873302, 131.4034860018639, 131.36493736246968, 130.94622097338606, 130.25429274275865, 128.72590451529447, 126.85970005677463, 125.41544972114394, 124.70211312336914, 124.47203375335272, 124.6399139672285, 124.61289744289718, 124.3356754282419, 123.67296451483875, 122.4510648657781, 126.61766626292867, 127.00891520971328, 127.10415415108999, 126.22137094602344, 126.2378303076833, 125.2708129860928, 126.90303557551374, 128.26700388005528, 129.3055830461117, 123.2674026884757, 126.67528439906826, 132.55617113630007, 132.25029261523377, 132.12809930640725, 131.9064679711435, 132.24257693420066, 132.2211536074658, 131.40061476757347, 129.92955106174242, 130.10610322981915, 129.65060063918835, 130.23684191409254, 133.8252530384655, 132.36596111651406, 131.73394692607968, 130.75036960580823, 129.46757844201525, 128.030406386779, 126.4333934354782, 124.91336294469222, 123.7367932882991, 122.7415101812704, 121.47946006063918, 120.10009816478144, 118.3609777351356, 117.53092059040131, 117.13504862713614, 116.92291195343601, 116.31470915956322, 115.95962104419769, 115.92778309861151, 115.61176702535116, 114.70080684121686, 112.80466595163196, 115.95261256019499, 115.91879747231586, 116.59761769431373, 116.55242184894833, 116.47813537012398, 116.09410202363463, 115.03749537681115, 114.16784502981645, 113.61128241239528, 112.4572656381256, 110.85526321436588, 114.777319906349, 115.1979087144163, 114.36170414659114, 144.92623895834743, 146.93968468629362, 149.485611992593, 162.92458013068895, 216.36077191419557, 220.23569462603746, 203.23975775997621, 207.40759877894521], "pitch_int": [0.31, 0.33, 0.34, 0.35, 0.36, 0.37, 0.38, 0.39, 0.4, 0.41, 0.42, 0.43, 0.44, 0.45, 0.46, 0.47, 0.48, 0.49, 0.5, 0.51, 0.52, 0.53, 0.54, 0.55, 0.59, 0.6, 0.61, 0.62, 0.63, 0.66, 0.67, 0.68, 0.69, 0.7, 0.71, 0.72, 0.73, 0.74, 0.75, 0.76, 0.77, 0.78, 0.79, 0.8, 0.81, 0.82, 0.83, 0.84, 0.94, 0.96, 0.97, 0.98, 0.99, 1.0, 1.01, 1.02, 1.03, 1.1, 1.11, 1.27, 1.28, 1.29, 1.3, 1.31, 1.32, 1.33, 1.34, 1.41, 1.42, 1.43, 1.47, 1.48, 1.49, 1.5, 1.51, 1.52, 1.53, 1.54, 1.55, 1.56, 1.57, 1.58, 1.59, 1.6, 1.61, 1.62, 1.63, 1.64, 1.65, 1.66, 1.67, 1.68, 1.86, 1.87, 1.88, 1.89, 1.9, 1.91, 1.92, 1.93, 1.94, 1.95, 1.96, 1.99, 2.02, 2.04, 2.08, 2.09, 2.1, 2.13, 2.17, 2.18, 2.21, 2.36], "audio_url": "/file_processing/data_out/audio/Speaker2_Spain_Male_1_17.wav", "textgrid_url": "/file_processing/data_out/textgrid/Speaker2_Spain_Male_1_17.TextGrid", "labels": ["#", "Tu", "#", "\u00e9coutes", "#", "quoi", "comme", "#", "musique?", "#"], "label_int": [0.25, 0.13, 0.08999999999999997, 0.43000000000000005, 0.2699999999999999, 0.19000000000000017, 0.34999999999999987, 0.1100000000000001, 0.52003, 0.2499699999999998]}