{"filename": "Speaker9_France_Male_3_18", "pitches": [168.7398580956114, 152.63394605661412, 140.9349804391103, 124.11723736450541, 123.539421885149, 124.78555630575896, 126.45032388818704, 131.1242196306899, 136.47157631191934, 140.48703123052735, 142.23242580090283, 142.3379794173095, 141.34429639174033, 139.6082673150852, 138.41497215639433, 137.4458943015515, 136.1523514870576, 134.1456743350054, 131.64218045101305, 128.15038972619828, 125.83208275759316, 125.29034512102524, 124.3587165602151, 122.88334398370984, 119.31027507450551, 116.3983019795615, 114.29374237163924, 112.20041218999268, 110.63792024931612, 109.09236890323704, 106.56852010184599, 103.7180743957662, 95.63603937407073, 94.85315252629582, 93.4697176389455, 92.01105732702673, 90.27121970285249, 88.79400095193789, 87.33722821072007, 86.35378456105434, 85.60810171468032, 85.19753753264933, 84.45860389670142, 82.96994743264167, 89.94861611665951, 89.21762110253255, 88.67923636013755, 88.33087728196841, 88.16756755280645, 88.8806388490439, 89.21187490407885, 89.47998357665057, 89.5353789328671, 89.73507544795346, 89.80143623377356, 89.4994600993443, 88.31173912183468, 87.09678198993146, 86.95939720906473, 124.72332612543568, 124.31637201714341, 124.07746051284511, 124.25840591821492, 124.68009225682336, 125.48412874968975, 126.25191832720766, 126.96840566810444, 126.97443905957421, 126.47544761411052, 125.12073838416609, 122.1080530890177, 118.16720582591512, 115.79960955564013, 113.06129494517302, 109.31184708972322, 106.326039065262, 101.8127997378967, 99.78486573980459, 97.69647061227249, 96.42304961078402, 95.68770840192602, 95.28645720023997, 94.94462884329322, 94.95826134267335, 95.30376057931002, 96.30062759425806, 98.24145406855506, 99.9320615232298, 100.98513924843517, 102.41752788416545, 103.6085566005424, 104.26724205910203, 105.00947237144305, 107.23445902753531, 119.4324001156621, 126.00877948350336, 130.8587746338046, 132.52461251693057, 133.13874488176197, 133.47431132954276, 133.1415306508327, 132.50918612285358, 132.3768807104991, 132.88606798736805, 137.2229047253528, 134.56646363562265, 133.0538976093961, 132.41227836220477, 131.28361833153573, 129.32863101979666, 127.26624460083472, 124.64345280641366, 116.46392765231646, 112.90909817685844, 110.95953662456459, 108.56020614495822, 106.38407870884272, 103.9504111077052, 101.2891839825621, 91.92899302581958, 93.04320454745289, 93.19766075707903, 86.88178009152185, 86.11173043518204], "pitch_int": [0.4, 0.41, 0.42, 0.44, 0.45, 0.46, 0.47, 0.48, 0.49, 0.5, 0.51, 0.52, 0.53, 0.54, 0.55, 0.56, 0.57, 0.58, 0.59, 0.6, 0.61, 0.62, 0.63, 0.64, 0.65, 0.66, 0.67, 0.68, 0.69, 0.7, 0.71, 0.72, 0.76, 0.77, 0.78, 0.79, 0.8, 0.81, 0.82, 0.83, 0.84, 0.85, 0.86, 0.87, 1.13, 1.14, 1.15, 1.16, 1.17, 1.18, 1.19, 1.2, 1.21, 1.22, 1.23, 1.24, 1.25, 1.26, 1.27, 1.33, 1.34, 1.35, 1.36, 1.37, 1.38, 1.39, 1.4, 1.41, 1.42, 1.43, 1.44, 1.45, 1.46, 1.47, 1.48, 1.49, 1.51, 1.52, 1.53, 1.54, 1.55, 1.56, 1.57, 1.58, 1.59, 1.6, 1.61, 1.62, 1.63, 1.64, 1.65, 1.66, 1.67, 1.68, 1.7, 1.71, 1.72, 1.73, 1.74, 1.75, 1.76, 1.77, 1.78, 1.79, 1.96, 1.97, 1.98, 1.99, 2.0, 2.01, 2.02, 2.03, 2.13, 2.14, 2.15, 2.16, 2.17, 2.18, 2.19, 2.25, 2.26, 2.27, 2.32, 2.33], "audio_url": "/file_processing/data_out/audio/Speaker9_France_Male_3_18.wav", "textgrid_url": "/file_processing/data_out/textgrid/Speaker9_France_Male_3_18.TextGrid", "labels": ["#", "J'adore", "le", "rock,", "c'est", "mon", "genre", "de", "musique", "pr\u00e9f\u00e9r\u00e9e.", "#"], "label_int": [0.25, 0.36, 0.07000000000000006, 0.30999999999999994, 0.13000000000000012, 0.1399999999999999, 0.18999999999999995, 0.09000000000000008, 0.31000000000000005, 0.46792999999999996, 0.24907000000000012]}