{"filename": "Speaker7_Russia_Female_1_1", "pitches": [217.45519291755787, 195.3841221198779, 195.34460819531859, 194.04155206254825, 192.76945080516037, 192.04674828196065, 189.90269215572968, 188.04809242592808, 185.51978506443425, 180.86724096735423, 175.47564814980745, 181.29306342598966, 181.78680628457275, 181.56306402952015, 180.9608955603665, 180.27440931500252, 179.49841358629797, 179.59418198721525, 181.10947236577087, 183.23475513594337, 185.41483543285574, 188.06612866390242, 190.86401448534772, 193.73925778486156, 197.42686064543983, 200.98737331244266, 204.94370815350953, 209.3345828615361, 215.84767814730708, 221.07486976776192, 225.06152491515496, 231.12043815451656, 235.66096288598214, 239.31140863608246, 242.54289320145978, 246.11893537337374, 248.4415268751431, 249.5025874910446, 249.85123323265466, 249.10932814615302, 247.51128434563756, 244.64999419719936, 244.44993784862416, 211.66239550936723, 210.0974843700416, 207.26490908739137, 205.20093779452264, 204.94448299225272, 205.19006355155648, 206.1348188003414, 207.52724031455648, 209.63150070674942, 213.12786112609882, 217.21903232066717, 220.49569139525443, 223.536883286412, 228.57542451944897, 233.01735072166105, 235.859835929828, 239.33331227925837, 243.6714801948152, 246.58099637396612, 246.36120405100868, 201.5566284093004, 199.77671654405304, 193.3488831604727, 185.8712302064791, 183.09940558092075, 180.833517824521, 180.38367780246216, 180.90477848687323, 181.63831037892808, 182.28398064173098, 181.95441731796302, 181.36453280766486, 180.70162275833937, 180.7662242623254, 181.63597170980427, 183.3497828310683, 183.6234936561887, 182.26117947354578, 180.63401023919056, 179.73482388158513, 180.12477214302902, 179.67948321228587, 178.3079974604979, 177.01336415639008, 176.1120497251724, 175.63808261192582, 174.22594380457912, 181.47109251044074, 195.35272032558922, 196.30589936174474, 197.6915371863724, 199.4136922518349, 201.49362325468078, 203.37181370059554, 203.87305839448095, 203.62051092933697, 203.83222296727774, 209.3728948376965, 205.57187056210722, 203.83381530692128, 202.71243368770303, 200.6429183882458, 198.50737973391034, 196.8543203546635, 195.37716648284066, 193.5255342015069, 190.2538602962841, 187.59385226710185, 175.4519221878552, 174.26685589141275, 173.20402752903306, 172.16343571724684, 177.4411532303343], "pitch_int": [0.24, 0.26, 0.27, 0.28, 0.29, 0.3, 0.31, 0.32, 0.33, 0.34, 0.35, 0.49, 0.5, 0.51, 0.52, 0.53, 0.54, 0.55, 0.56, 0.57, 0.58, 0.59, 0.6, 0.61, 0.62, 0.63, 0.64, 0.65, 0.66, 0.67, 0.68, 0.69, 0.7, 0.71, 0.72, 0.73, 0.74, 0.75, 0.76, 0.77, 0.78, 0.79, 0.83, 0.93, 0.94, 0.95, 0.96, 0.97, 0.98, 0.99, 1.0, 1.01, 1.02, 1.03, 1.04, 1.05, 1.06, 1.07, 1.08, 1.09, 1.1, 1.11, 1.12, 1.62, 1.63, 1.64, 1.65, 1.66, 1.67, 1.68, 1.69, 1.7, 1.71, 1.72, 1.73, 1.74, 1.75, 1.76, 1.77, 1.78, 1.79, 1.8, 1.81, 1.82, 1.83, 1.84, 1.85, 1.86, 1.87, 1.88, 1.92, 1.96, 1.97, 1.98, 1.99, 2.0, 2.01, 2.02, 2.03, 2.04, 2.17, 2.18, 2.19, 2.2, 2.21, 2.22, 2.23, 2.24, 2.25, 2.26, 2.27, 2.46, 2.47, 2.48, 2.49, 2.73], "audio_url": "/file_processing/data_out/audio/Speaker7_Russia_Female_1_1.wav", "textgrid_url": "/file_processing/data_out/textgrid/Speaker7_Russia_Female_1_1.TextGrid", "labels": ["#", "Il", "travaille", "en", "#", "France,", "#", "mais", "il", "n'est", "pas", "#", "fran\u00e7ais.", "#"], "label_int": [0.25, 0.09000000000000002, 0.36999999999999994, 0.08000000000000007, 0.07999999999999996, 0.45000000000000007, 0.30000000000000004, 0.08999999999999986, 0.1100000000000001, 0.05999999999999983, 0.1499999999999999, 0.040000000000000036, 0.44703000000000026, 0.2499699999999998]}