{"filename": "Speaker8_France_Female_1_0", "pitches": [221.88761602925322, 218.04932890463908, 215.94713200864393, 213.4759694245052, 212.1218642470787, 209.6399316210066, 207.01384337043334, 204.32690636026038, 185.66861207721527, 239.3073208745642, 243.23883759534996, 240.76101820209257, 238.50929942869496, 239.01627873856415, 240.5254377522594, 244.19551010447822, 247.72679894604252, 249.00131590610013, 250.49063338228078, 295.7447048538672, 303.62419622342594, 311.7323621914004, 321.88495452628774, 331.971988017449, 344.04570530281705, 351.24930174480994, 355.31743485693914, 355.63300722210755, 352.6424774671813, 345.49629140633283, 333.52377623845024, 327.0156604649602, 318.4498778295837, 291.86200763799496, 279.66749192292275, 262.3831305731111, 250.7360429585521, 240.53383535951085, 234.94592755403272, 227.804887872814, 223.00873876991255, 218.63888253196285, 214.79903164340496, 210.09664107117834, 207.9665935895544, 207.4038138681816, 208.25164628836743, 209.24786179258643, 211.60046456299744, 216.53343961275584, 221.08658155041616, 225.12910889473113, 231.41661090825676, 241.6870269366876, 252.6668069081902, 306.0159739539572, 312.28017003731844, 317.30569587081413, 322.55800140956, 326.86267627839555, 215.000696558734, 207.83008666167152, 204.3564132103175, 202.05629117681494, 198.42911790868445, 189.244646713817, 182.64100047219242, 177.558396909031, 174.34265116067587, 171.76640541439576, 168.78792678711392, 166.3955112995113, 164.33001010725835, 161.61960467315657, 159.62900890943578, 157.86273510181277, 156.25324692810645, 154.83562699934055, 153.38936093958085, 151.69195895235973, 150.70988834925825, 150.32439429867853, 150.47119689761539, 150.92448295868513, 151.862881156045, 152.60176065916534, 152.52860009552722, 152.11050980167354, 150.93343291302088, 150.45239401688468, 148.24586654997017, 153.25165990087243, 173.7128299007834, 280.93031320201464, 287.17351166373464, 297.14353995936347, 335.607343436424, 350.97916105796924, 357.82480464997013, 360.5754049230685, 357.77775434734156, 352.9550689611923, 349.68877271313266, 225.01500151606422, 224.6245025541829, 220.22495548083864, 214.40347380020336, 207.42362841753388, 201.94288867680444, 198.75848041937957, 135.50888094101632, 132.87057654001316, 130.05764806803865], "pitch_int": [0.99, 1.0, 1.01, 1.02, 1.03, 1.04, 1.05, 1.06, 1.08, 1.19, 1.2, 1.24, 1.25, 1.26, 1.27, 1.28, 1.29, 1.3, 1.31, 1.34, 1.35, 1.36, 1.37, 1.38, 1.39, 1.4, 1.41, 1.42, 1.43, 1.44, 1.45, 1.46, 1.47, 1.49, 1.5, 1.51, 1.52, 1.53, 1.54, 1.55, 1.56, 1.57, 1.58, 1.59, 1.6, 1.61, 1.8, 1.81, 1.82, 1.83, 1.84, 1.85, 1.86, 1.87, 1.88, 1.91, 1.92, 1.93, 1.94, 1.95, 2.07, 2.08, 2.09, 2.1, 2.11, 2.12, 2.13, 2.14, 2.15, 2.16, 2.17, 2.18, 2.19, 2.2, 2.21, 2.22, 2.23, 2.24, 2.25, 2.26, 2.27, 2.28, 2.29, 2.3, 2.31, 2.32, 2.33, 2.34, 2.35, 2.36, 2.37, 2.4, 2.42, 2.46, 2.47, 2.48, 2.5, 2.51, 2.52, 2.53, 2.54, 2.55, 2.56, 2.69, 2.7, 2.71, 2.72, 2.73, 2.74, 2.75, 2.93, 2.94, 2.95], "audio_url": "/file_processing/data_out/audio/Speaker8_France_Female_1_0.wav", "textgrid_url": "/file_processing/data_out/textgrid/Speaker8_France_Female_1_0.TextGrid", "labels": ["#", "Il", "travaille", "en", "France,", "mais", "il", "n'est", "pas", "fran\u00e7ais.", "#"], "label_int": [0.991, 0.08999999999999997, 0.42999999999999994, 0.10000000000000009, 0.47, 0.06999999999999984, 0.0900000000000003, 0.1200000000000001, 0.18999999999999995, 0.3999999999999999, 0.25]}