{"filename": "Speaker9_France_Male_2_16", "pitches": [131.31757155799934, 122.92400105163823, 119.49533639168999, 117.90389346454567, 116.23833449448014, 115.51657217940813, 116.06080117310341, 118.83735151957828, 122.86050306419371, 124.14645528217109, 124.73198476459501, 125.13136930008015, 125.43606002694652, 125.84440050882597, 126.4437142213948, 127.89642391158212, 130.18304667001595, 133.11780527957728, 180.67880184655453, 184.62353739387027, 187.40140209734793, 186.53309901983988, 183.4986501366362, 178.6459912431451, 182.32284368696398, 167.91905629037092, 163.6504135243179, 159.97990123013514, 155.9049125708279, 151.4871335792517, 144.83731476000065, 137.77983790488702, 135.19846602739284, 133.7613419304811, 132.31032259084407, 130.84107740364504, 130.17384890284762, 131.13332854732226, 132.0267819181394, 131.45727715337753, 130.41254708541587, 129.5919405482017, 128.56936382590672, 128.0794016834593, 127.15074355791783, 127.04175116035876, 135.66537102405974, 135.35279168952653, 134.71435529886892, 133.1275538010313, 131.6633774574796, 130.30199017458625, 128.60103291202932, 127.37127407028231, 126.54725935091683, 125.87619632219175, 125.42730901842032, 124.98090592733976, 124.55336914026358, 123.85785311349194, 123.68998945320705, 136.53426517772465, 152.4404815731786, 168.86075552766525, 193.6541908355355, 158.9934038305667, 157.69023891669494, 157.63316907752971, 158.03079288813564, 158.43223600063155, 158.7751046025372, 158.86787407481225, 158.01123506245952, 156.81211154784336, 155.21679554634377, 152.6023904353935, 147.61161640881878, 147.73268020016144, 131.557988551211, 130.64410923768935, 130.4551324868877, 130.1400005722903, 129.63527863469412, 128.1020025961031, 127.22209983373226, 126.42855139125716, 126.85602326266968, 128.05871322378775, 129.48240284416497, 130.74834151711153, 130.91879996271982, 131.01990993280762, 130.7193616143423, 129.5562188694017, 128.24687290019457, 126.79772752463153, 125.79629367514612, 124.77191303401192, 153.6617123766931, 150.9530226769719, 150.00067497223856, 149.87832092533327, 149.7662783174498, 149.73321541610576, 149.01424948541307, 147.85318786386438, 146.1202474468221, 160.2715926322497], "pitch_int": [0.3, 0.31, 0.32, 0.33, 0.34, 0.35, 0.36, 0.37, 0.38, 0.39, 0.4, 0.41, 0.42, 0.43, 0.44, 0.45, 0.46, 0.47, 0.52, 0.53, 0.54, 0.55, 0.56, 0.57, 0.58, 0.61, 0.62, 0.63, 0.64, 0.65, 0.66, 0.67, 0.68, 0.69, 0.7, 0.71, 0.72, 0.73, 0.74, 0.75, 0.76, 0.77, 0.78, 0.79, 0.8, 0.81, 0.93, 0.94, 0.95, 0.96, 0.97, 0.98, 0.99, 1.0, 1.01, 1.02, 1.03, 1.04, 1.05, 1.06, 1.07, 1.09, 1.1, 1.11, 1.12, 1.18, 1.19, 1.2, 1.21, 1.22, 1.23, 1.24, 1.25, 1.26, 1.27, 1.28, 1.29, 1.38, 1.42, 1.43, 1.44, 1.45, 1.46, 1.47, 1.48, 1.49, 1.5, 1.51, 1.52, 1.53, 1.54, 1.55, 1.56, 1.57, 1.58, 1.59, 1.6, 1.64, 1.71, 1.72, 1.73, 1.74, 1.75, 1.76, 1.77, 1.78, 1.79, 2.06], "audio_url": "/file_processing/data_out/audio/Speaker9_France_Male_2_16.wav", "textgrid_url": "/file_processing/data_out/textgrid/Speaker9_France_Male_2_16.TextGrid", "labels": ["#", "Pouvez-vous", "parler", "plus", "lentement", "s\u2019il", "vous", "pla\u00eet?", "#"], "label_int": [0.25, 0.31000000000000005, 0.25, 0.16999999999999993, 0.31000000000000005, 0.18999999999999995, 0.09000000000000008, 0.26052999999999993, 0.24947000000000008]}