{"filename": "Speaker7_Russia_Female_1_10", "pitches": [184.160767813088, 185.28040015027534, 185.41646087976795, 185.9744183686172, 187.25725083037946, 188.9238740790342, 189.4525059893742, 187.71613049493794, 184.28361167986532, 182.9209512358458, 186.15139813772566, 191.95203710074338, 196.21569931831598, 199.65839294983272, 203.18180997771373, 205.9078301558748, 207.62444696402085, 208.38575306536632, 208.5535920887363, 208.586069367399, 209.0054682335499, 208.30164923817972, 205.84347428618432, 242.47214496681215, 239.13427293170955, 236.48253047147608, 233.96138102629564, 230.94905725118966, 228.4432510544333, 227.83975873512517, 227.92726397133646, 227.99235735215987, 227.03099225056675, 225.72620546717442, 222.9620164576818, 218.01098249661698, 214.56687061751785, 212.51501723624003, 210.11982753517842, 207.46016878940958, 203.7081894612104, 199.40315032242, 197.68058007584017, 197.22358397846463, 197.48685976800022, 197.92953003218568, 198.8425722603517, 200.38474396545632, 201.94181393646207, 199.6884645367582, 199.5519066027233, 198.60319739306593, 219.7491584133641, 215.00089752231304, 213.66856052249994, 213.88653860362712, 215.26879463192756, 217.85160148010434, 222.46715001951532, 229.2804278653482, 236.83319885171647, 244.08843435436933, 250.7096089727561, 256.86585601949173, 260.8811128867937, 263.3228341496831, 264.4224354019754, 195.31118353962722, 194.80627658722813, 194.13857544492916, 192.83478985494304, 190.25609678559186, 187.368277613993, 185.4142451108221, 183.99726862061428, 185.18384572961673, 191.52867419937814, 198.85125618256882, 202.91823554370677, 206.45331294979147, 208.22712716067954, 208.47791614740797, 207.74930304690102, 206.23676403850837, 204.66327401558985, 203.23172436375194, 203.58083808236418, 204.12892139586768, 204.26093854892133, 203.36827245393553, 199.39788595573663, 195.800240479068, 193.73116941694803, 192.08873487598694, 190.77791806055546, 190.39082865798866, 190.40987835640584, 190.14577408935932, 188.7994797033866, 180.9252079920654, 154.90544536591298, 150.88813909282106, 144.39073636952568, 143.81535242491054, 145.6268311532517, 148.0476816327166, 149.9077498528315, 151.54015802062708, 152.38016231954043, 153.2385730851917, 154.46143767506123, 156.78191746900646, 159.2315541675875, 161.0501148914847], "pitch_int": [0.29, 0.3, 0.31, 0.32, 0.33, 0.34, 0.35, 0.36, 0.37, 0.38, 0.39, 0.4, 0.41, 0.42, 0.43, 0.44, 0.45, 0.46, 0.47, 0.48, 0.49, 0.5, 0.51, 0.55, 0.56, 0.57, 0.58, 0.59, 0.6, 0.61, 0.62, 0.63, 0.64, 0.65, 0.66, 0.67, 0.68, 0.69, 0.7, 0.71, 0.72, 0.73, 0.74, 0.75, 0.76, 0.77, 0.78, 0.79, 0.8, 0.82, 0.83, 0.84, 0.91, 0.92, 0.93, 0.94, 0.95, 0.96, 0.97, 0.98, 0.99, 1.0, 1.01, 1.02, 1.03, 1.04, 1.05, 1.52, 1.53, 1.54, 1.55, 1.56, 1.57, 1.58, 1.59, 1.6, 1.61, 1.62, 1.63, 1.64, 1.65, 1.66, 1.67, 1.68, 1.69, 1.7, 1.71, 1.72, 1.73, 1.74, 1.75, 1.76, 1.77, 1.78, 1.79, 1.8, 1.81, 1.82, 1.83, 1.89, 1.92, 1.93, 1.94, 1.95, 1.96, 1.97, 1.98, 1.99, 2.0, 2.01, 2.02, 2.03, 2.04, 2.05], "audio_url": "/file_processing/data_out/audio/Speaker7_Russia_Female_1_10.wav", "textgrid_url": "/file_processing/data_out/textgrid/Speaker7_Russia_Female_1_10.TextGrid", "labels": ["#", "Je", "vais", "faire", "les", "#", "courses", "#", "si", "j'ai", "le", "temps.", "#"], "label_int": [0.2509, 0.10709999999999997, 0.13, 0.19000000000000006, 0.10999999999999999, 0.06999999999999995, 0.42000000000000004, 0.16999999999999993, 0.1200000000000001, 0.1499999999999999, 0.1200000000000001, 0.2145299999999999, 0.24947000000000008]}