{"filename": "Speaker6_France_Female_3_23", "pitches": [227.4344159864732, 226.9210915983226, 224.80951390373306, 222.0779372522185, 220.34307249269855, 220.60649689556524, 221.8772905637127, 239.56058001731222, 240.54225613626724, 239.98947995382872, 238.74927971935122, 236.91666467148235, 235.28763029268208, 233.75431248075373, 231.91272370054708, 228.0675584345381, 223.46576732851386, 219.8020373249533, 253.5634063614799, 248.90975940974096, 246.81069523388757, 245.3447113514609, 245.2140237966766, 242.15837930311747, 239.174187386359, 236.87292136905984, 235.53903467291337, 247.83743141945632, 245.93859625549086, 243.01465589185568, 239.66671360236305, 236.02680242360896, 231.83899035956642, 229.7268595748008, 230.62319459081354, 231.81996394995133, 232.71630754635595, 233.70278092756294, 236.27607037739608, 238.7104979846708, 240.18546492208253, 239.92473128640538, 239.11805358529588, 236.67215618355257, 234.5747546078917, 228.39719731606328, 225.97284564537085, 223.758092764775, 220.2285887124465, 215.8543000624076, 213.0227183516672, 210.80309067373116, 208.77035237640723, 207.31405315815203, 206.55414689571785, 207.04513103150393, 218.96893501670715, 216.68603945817415, 214.5454495149933, 213.44957032664217, 212.05481529787278, 210.10333387790047, 208.63716334852253, 208.0523298333635, 208.62211704575327, 213.91660659405449, 223.36086029741205, 224.50299494551288, 223.71959735830694, 221.54707572397783, 218.72581050614573, 215.5654637891341, 212.47983465050646, 210.1856652787568, 208.57942504808392, 207.151404193487, 205.01330847882355, 201.7648944379402, 199.9242611038486, 200.50979721851968, 201.47933758524653, 201.7537245294999, 201.1873901141485, 200.05331082114031, 198.7186369847588, 197.55006180803696, 197.01810441148035, 196.98069044473743, 197.97244849593034, 199.0178663421476, 189.994683728532, 187.87360631032186, 185.98339114933353, 186.99949575763756, 190.1765607047618], "pitch_int": [0.35, 0.36, 0.37, 0.38, 0.39, 0.4, 0.41, 0.48, 0.49, 0.5, 0.51, 0.52, 0.53, 0.54, 0.55, 0.56, 0.57, 0.58, 0.64, 0.65, 0.66, 0.67, 0.68, 0.69, 0.7, 0.71, 0.72, 0.79, 0.8, 0.81, 0.82, 0.83, 0.84, 0.85, 0.86, 0.87, 0.88, 0.89, 0.9, 0.91, 0.92, 0.93, 0.94, 0.95, 0.96, 1.02, 1.03, 1.04, 1.05, 1.06, 1.07, 1.08, 1.09, 1.1, 1.11, 1.12, 1.16, 1.17, 1.18, 1.19, 1.2, 1.21, 1.22, 1.23, 1.24, 1.25, 1.26, 1.27, 1.28, 1.29, 1.3, 1.31, 1.32, 1.33, 1.34, 1.35, 1.36, 1.37, 1.38, 1.39, 1.4, 1.41, 1.42, 1.43, 1.44, 1.45, 1.46, 1.47, 1.48, 1.49, 1.7, 1.71, 1.72, 1.73, 1.87], "audio_url": "/file_processing/data_out/audio/Speaker6_France_Female_3_23.wav", "textgrid_url": "/file_processing/data_out/textgrid/Speaker6_France_Female_3_23.TextGrid", "labels": ["#", "Je", "suis", "impressionn\u00e9e", "par", "ta", "progression.", "#"], "label_int": [0.25001, 0.12398999999999999, 0.17000000000000004, 0.42999999999999994, 0.14000000000000012, 0.11999999999999988, 0.5136400000000001, 0.24936000000000003]}