{"filename": "Speaker4_France_Male_2_14", "pitches": [98.91166709394929, 97.92973298772056, 96.95500693067594, 94.93577535967322, 92.90774254991263, 93.16624049494449, 96.27942593947571, 110.3142700115673, 111.2108673008533, 111.29485483520978, 111.23265681234906, 110.93714197242116, 110.83030212398339, 110.94621499543281, 111.32990233670776, 111.80811238967694, 112.02977857284927, 111.9993363068865, 111.88540141436374, 111.35231690650517, 110.91420377185031, 110.26697463330338, 109.39852641875349, 107.87446487625786, 105.74508111062372, 104.88573602693296, 106.5975328596516, 108.74089469779253, 109.34494084276992, 109.97740678987438, 110.50284127997664, 112.04035517153667, 115.20903067308573, 117.12541287419847, 118.71351023693776, 120.98908806335571, 121.93708548957346, 122.3455547990894, 121.4576373526109, 120.65264956801697, 138.46802077638256, 130.91404726375637, 131.14070052929338, 134.17539632390722, 135.01869687452898, 137.11394292839395, 138.42509437317037, 140.14467960206764, 143.03137174065847, 146.12426502334688, 147.51680093079332, 147.9332409699132, 147.65298871839877, 148.18803371545502, 148.14772656013085, 147.76918663988468, 149.7949331156558, 151.55668104933423, 151.68009282210622, 152.7406403307894, 150.95382113746945, 149.54737491453895, 145.88741788187036, 135.71766987818356, 132.10663853360714, 127.64016967326675, 120.88502881160136, 115.00773158167684, 110.28674353616525, 108.10015244706406, 105.50852016302989, 104.10989192646036, 102.72636824602252, 101.0172621611631, 99.21237857864888, 97.47207047270238, 96.42738418132492, 97.10796834561349, 99.27639092265018, 101.1901927351518, 101.54661793100158, 101.08684463157034, 99.53303155104494, 98.19970167647114, 97.48821148986927, 97.11171907676942, 96.80058310866129, 96.26846919558491, 95.3746872410561, 93.97479737234792, 88.21574445475711, 87.8171593787576, 87.86031151081545, 88.33784499577516, 89.28774570192715, 90.0383154410197, 90.45211872863189, 90.24439041146789, 89.9827827027532, 89.67538273803379, 90.03878963508768, 271.204723987349, 271.6575180744887, 270.89162274502456], "pitch_int": [0.27, 0.28, 0.29, 0.3, 0.31, 0.32, 0.33, 0.35, 0.36, 0.37, 0.38, 0.39, 0.4, 0.41, 0.42, 0.43, 0.44, 0.45, 0.46, 0.47, 0.48, 0.49, 0.5, 0.51, 0.52, 0.53, 0.54, 0.55, 0.56, 0.57, 0.58, 0.59, 0.6, 0.61, 0.62, 0.63, 0.64, 0.65, 0.66, 0.67, 0.81, 0.84, 0.85, 0.86, 0.87, 0.88, 0.89, 0.9, 0.91, 0.92, 0.93, 0.94, 0.95, 0.96, 0.97, 0.98, 0.99, 1.0, 1.01, 1.11, 1.12, 1.13, 1.14, 1.15, 1.16, 1.17, 1.18, 1.19, 1.2, 1.21, 1.22, 1.23, 1.24, 1.25, 1.26, 1.27, 1.28, 1.29, 1.3, 1.31, 1.32, 1.33, 1.34, 1.35, 1.36, 1.37, 1.38, 1.39, 1.4, 1.41, 1.44, 1.45, 1.46, 1.47, 1.48, 1.49, 1.5, 1.51, 1.52, 1.53, 1.54, 1.69, 1.7, 1.71], "audio_url": "/file_processing/data_out/audio/Speaker4_France_Male_2_14.wav", "textgrid_url": "/file_processing/data_out/textgrid/Speaker4_France_Male_2_14.TextGrid", "labels": ["#", "Nous", "avons", "beaucoup", "march\u00e9", "aujourd\u2019hui!", "#"], "label_int": [0.25, 0.12, 0.14, 0.31999999999999995, 0.35, 0.3700000000000001, 0.25]}