{"filename": "Speaker8_France_Female_2_14", "pitches": [301.7095966078455, 277.7435565713687, 280.2186177993282, 284.20939411775066, 288.4855906181157, 292.28133793115376, 294.2205278866382, 296.2830385470879, 299.2189441386619, 303.2114613667494, 307.8674977693417, 311.1009146292961, 312.22328084620875, 312.22096053182327, 311.50805140843227, 310.41045989741826, 308.9138411749135, 306.50395009152066, 303.0842985916336, 298.1333877332993, 293.2053463210749, 288.74909916615053, 282.8114701538626, 274.6277989973522, 265.9683805131568, 257.402482766334, 251.91021753968698, 245.9751792249456, 240.62968492057075, 237.16522331971356, 234.59233092210758, 230.4661593052375, 222.53768201593093, 212.64681102015192, 209.01044612802906, 208.04939488725586, 207.45175015965205, 206.79985879053538, 207.60210094222555, 228.64090920948632, 290.2389588866814, 296.7207696261766, 303.3692054143786, 308.3139410330977, 309.34729287373796, 306.36373898993645, 301.2993034584886, 298.89459868916225, 304.31109217384915, 369.90890696180577, 370.02895810434205, 369.2431340711205, 367.57724687498893, 356.07083032746317, 350.03795055317886, 345.62291584641116, 339.7715217569388, 334.71773200048636, 329.3450618029885, 322.58746015448924, 313.29471887071173, 304.27152434918895, 297.84303114437546, 292.42463280883453, 286.7743522370345, 280.5868313891095, 274.3259973553774, 269.3222923087092, 368.41696313942884, 368.54831707885666, 367.62195715492055, 365.2547047895507, 360.0360994919401, 352.24516836954217, 347.03191065542103, 338.7967937519094, 330.2282095385142, 319.7230052067722, 261.31264691201596, 242.59088032470316, 220.0658297143516, 211.0158763851916, 190.96061591965048, 185.06374197999202, 180.96855640529418, 175.73209454305658, 173.01741429267878, 160.5167688660414, 159.96519110348703, 157.70786082607765, 155.65454058007955, 152.15546436496183, 148.2226602114507, 145.25834590702922, 141.14536685900345, 138.26466407721017, 135.83455799373272, 135.10513372883025, 135.0426899599862, 134.68392138359485, 132.9500672237674, 129.95574472326808, 126.95661913083222, 125.9131628604691, 126.36618745027243, 127.6576360089999, 130.48495126076904, 132.8337973600955, 133.68034761969903, 133.99774231976858, 133.6804659188014, 132.50396609714426, 131.38054261271458, 129.80474622468245, 127.69817992736135, 125.41005783442162], "pitch_int": [0.26, 0.27, 0.28, 0.29, 0.3, 0.31, 0.32, 0.33, 0.34, 0.35, 0.36, 0.37, 0.38, 0.39, 0.4, 0.41, 0.42, 0.43, 0.44, 0.45, 0.46, 0.47, 0.48, 0.49, 0.5, 0.51, 0.52, 0.53, 0.54, 0.55, 0.56, 0.57, 0.58, 0.59, 0.6, 0.61, 0.62, 0.63, 0.64, 0.65, 0.69, 0.7, 0.71, 0.72, 0.73, 0.74, 0.75, 0.76, 0.79, 0.87, 0.88, 0.89, 0.9, 0.91, 0.92, 0.93, 0.94, 0.95, 0.96, 0.97, 0.98, 0.99, 1.0, 1.01, 1.02, 1.03, 1.04, 1.05, 1.2, 1.21, 1.22, 1.23, 1.24, 1.25, 1.26, 1.27, 1.28, 1.29, 1.33, 1.34, 1.36, 1.37, 1.39, 1.4, 1.41, 1.42, 1.43, 1.5, 1.51, 1.52, 1.53, 1.54, 1.55, 1.56, 1.57, 1.58, 1.59, 1.6, 1.61, 1.62, 1.63, 1.64, 1.65, 1.66, 1.67, 1.68, 1.69, 1.7, 1.71, 1.72, 1.73, 1.74, 1.75, 1.76, 1.77, 1.78], "audio_url": "/file_processing/data_out/audio/Speaker8_France_Female_2_14.wav", "textgrid_url": "/file_processing/data_out/textgrid/Speaker8_France_Female_2_14.TextGrid", "labels": ["#", "Nous", "avons", "beaucoup", "march\u00e9", "aujourd\u2019hui!", "#"], "label_int": [0.25051, 0.15549000000000002, 0.19999999999999996, 0.32000000000000006, 0.39, 0.4940199999999999, 0.2499800000000001]}