{"filename": "Speaker7_Russia_Female_3_12", "pitches": [220.92217955225337, 218.18466018809485, 206.08148274001582, 203.53294358516115, 200.99730778230725, 197.79823129478126, 195.29880060730875, 193.97197544564577, 193.3592101988955, 194.1650191816797, 196.18623678956337, 198.28426027195889, 199.17096988854667, 198.35778297792882, 195.72237589385227, 195.72829751641922, 200.55899499500157, 206.81892384419814, 210.5705993539857, 214.0999049125149, 219.45602714135717, 224.63618849945018, 232.05786953321154, 238.552746320815, 247.20813822779436, 259.08759142569534, 268.69869990376753, 274.6674423988034, 282.5627144651285, 292.5148338271284, 297.3167228613102, 301.78813024105284, 303.74939217101377, 308.09970954201367, 278.0174866871767, 276.8624482069493, 254.41131789462193, 232.3779625435247, 202.57476757125085, 200.52338765812044, 199.79722379132895, 197.78980563151043, 193.99169507403025, 193.0188284602284, 193.52652107833453, 192.81129535297285, 190.72815433758973, 188.07898299196034, 186.7389007240807, 185.79101735748665, 185.12886622090883, 183.5155747990375, 181.2496772867365, 189.89404044635776, 188.5472119541065, 187.94973381032264, 235.46220515237408, 230.08817188632023, 226.22316847638174, 223.69330831432396, 220.39858988922578, 217.88567480115637, 216.44516610276884, 214.37853958830453, 211.6901285348507, 210.70429235526615, 193.94030374796628, 188.71402426355854, 186.26029162272832, 184.9135290906484, 185.2763724512249, 185.91783671194867, 187.02946209285756, 189.20292611468764, 190.88684153272666, 191.25248315167053, 189.2400590042285, 186.05526397850662, 183.1632650650957, 182.30724663278522, 177.57070161422217, 173.7392332728692, 170.69451227789756, 168.26201128008788, 164.66100436097832, 162.99921292282795, 162.5996830725229, 162.72244696665493, 162.51690967447422, 162.2858620365595, 161.83087624341684, 161.1745053596685, 161.11568596989272, 161.81366474504088, 162.884447484071, 166.31165520611236, 177.2096511476583, 181.40396305791202, 185.07304149291497, 185.61484501979436, 184.94547371195182, 182.56286667000035, 164.76254720891373, 163.79931881667375, 166.68466882103456, 166.46303838307682, 165.67101565939112, 165.40092991594162, 166.62759607487823, 164.9970662153898, 168.31989995010505, 170.42835050893143], "pitch_int": [0.29, 0.3, 0.31, 0.32, 0.33, 0.34, 0.35, 0.36, 0.37, 0.38, 0.39, 0.4, 0.41, 0.42, 0.43, 0.44, 0.45, 0.46, 0.47, 0.48, 0.49, 0.5, 0.51, 0.52, 0.53, 0.54, 0.55, 0.56, 0.57, 0.58, 0.59, 0.6, 0.61, 0.62, 0.67, 0.68, 0.69, 0.7, 0.86, 0.87, 0.88, 0.89, 0.9, 0.91, 0.92, 0.93, 0.94, 0.95, 0.96, 0.97, 0.98, 0.99, 1.0, 1.03, 1.04, 1.05, 1.1, 1.11, 1.12, 1.13, 1.14, 1.15, 1.16, 1.17, 1.18, 1.19, 1.21, 1.22, 1.23, 1.24, 1.25, 1.26, 1.27, 1.28, 1.29, 1.3, 1.31, 1.32, 1.33, 1.39, 1.4, 1.41, 1.42, 1.43, 1.44, 1.45, 1.46, 1.47, 1.48, 1.49, 1.5, 1.51, 1.52, 1.53, 1.54, 1.55, 1.56, 1.57, 1.59, 1.6, 1.61, 1.62, 1.64, 1.65, 1.66, 1.67, 1.68, 1.69, 1.7, 1.71, 1.77, 1.78], "audio_url": "/file_processing/data_out/audio/Speaker7_Russia_Female_3_12.wav", "textgrid_url": "/file_processing/data_out/textgrid/Speaker7_Russia_Female_3_12.TextGrid", "labels": ["#", "Paris,", "#", "c'est", "le", "c\u0153ur", "du", "pays.", "#"], "label_int": [0.25, 0.35, 0.20000000000000007, 0.10999999999999999, 0.08999999999999997, 0.22999999999999998, 0.09000000000000008, 0.29556000000000004, 0.24943999999999988]}