{"filename": "Speaker3_France_Male_1_12", "pitches": [193.04835882828792, 126.5600490511489, 128.10928947630256, 128.66557533354336, 129.09143972308811, 128.67445471382882, 127.28982488553866, 124.55279835832002, 122.54125593114628, 119.64803602741009, 118.68728867314793, 122.76238149026538, 128.12348768566605, 130.15668373589622, 131.2233206220703, 131.1751958016033, 130.35280441736822, 127.55588672158545, 124.92483731855664, 122.32989445433273, 120.19822473043325, 121.38037652063112, 126.81473744171981, 128.53236914460047, 129.80549437917526, 130.86835616697428, 132.6791289572197, 135.51459088834764, 137.57906469749415, 138.55750160131794, 137.85862246522106, 136.50172760647712, 134.04210636281348, 130.24130264311833, 126.75734606191554, 123.96664191042677, 121.20500917006322, 117.6902470391866, 135.95255040986768, 140.23369389405033, 147.12390717145345, 149.27792691180431, 152.38879598024505, 155.9197983912404, 158.23467579939208, 160.87354970807738, 162.08207317702474, 161.92204369939554, 160.68542252085285, 164.36414434908562, 165.4579000670552, 164.49670062169972, 162.77150454968847, 172.70780571584675, 176.00561021395373, 177.6343755296472, 176.8513314193332, 175.26292406061856, 173.5611393432828, 170.21117943933987, 166.1564066122423, 161.31420414307263, 156.98244164610534, 156.21146547353572, 156.75521842554363, 156.77899214832811, 156.3224878363304, 155.59524430686005, 154.40775872915418, 151.94487320361074, 147.92903750495623, 141.8637764861546, 137.86386436652506, 135.01133191340358, 132.7482556143568, 130.148042714547, 127.90474492444297, 124.93772906733884, 149.05008947937318, 149.81060206678748, 148.23464317019733, 146.44885101177965, 142.66568329827487, 137.44751590236126, 134.11468030330002, 130.3427053739295, 126.80260631933352, 124.37409656806264, 122.07138052658746, 117.998973752019, 115.63867250587882, 111.48860697044333, 111.40687528187189, 112.33368833719743, 113.06274515673003, 113.08263082036726, 112.64151845080404, 111.40262157900439, 109.88081352887313, 102.15482636214121, 100.92549844242326, 100.80645723833463, 101.50194083675187, 101.80321874513609, 100.53466074778612, 98.54295023091545, 96.49802185415678, 98.17321823532588, 97.49863619100557, 96.74555350463802, 96.23647528706047, 96.83940569791956, 97.14491431787648, 108.66811075727529, 123.20931303877286, 205.0531044181546], "pitch_int": [0.16, 0.25, 0.26, 0.27, 0.28, 0.29, 0.3, 0.31, 0.32, 0.33, 0.34, 0.35, 0.36, 0.37, 0.38, 0.39, 0.4, 0.41, 0.42, 0.43, 0.44, 0.45, 0.46, 0.47, 0.48, 0.49, 0.5, 0.51, 0.52, 0.53, 0.54, 0.55, 0.56, 0.57, 0.58, 0.59, 0.6, 0.61, 0.63, 0.64, 0.65, 0.66, 0.67, 0.68, 0.69, 0.7, 0.71, 0.72, 0.73, 0.81, 0.82, 0.83, 0.84, 0.86, 0.87, 0.88, 0.89, 0.9, 0.91, 0.92, 0.93, 0.94, 0.95, 0.96, 0.97, 0.98, 0.99, 1.0, 1.01, 1.02, 1.03, 1.04, 1.05, 1.06, 1.07, 1.08, 1.09, 1.1, 1.24, 1.25, 1.26, 1.27, 1.28, 1.29, 1.3, 1.31, 1.32, 1.33, 1.34, 1.35, 1.36, 1.37, 1.38, 1.39, 1.4, 1.41, 1.42, 1.43, 1.44, 1.46, 1.47, 1.48, 1.49, 1.5, 1.51, 1.52, 1.53, 1.56, 1.57, 1.58, 1.59, 1.6, 1.61, 1.62, 1.63, 1.68], "audio_url": "/file_processing/data_out/audio/Speaker3_France_Male_1_12.wav", "textgrid_url": "/file_processing/data_out/textgrid/Speaker3_France_Male_1_12.TextGrid", "labels": ["#", "Nous", "avons", "beaucoup", "march\u00e9", "aujourd\u2019hui!", "#"], "label_int": [0.25, 0.14, 0.17000000000000004, 0.3899999999999999, 0.3500000000000001, 0.5307299999999999, 0.2492700000000001]}