{"filename": "Speaker7_Russia_Female_2_1", "pitches": [176.48761529792168, 174.35803049139753, 175.3970591973042, 174.03947723661219, 171.42055912502406, 197.98141376835875, 198.53183339071464, 198.3509968735401, 196.85909251063305, 197.09810025725466, 196.10035456787915, 213.5166533273538, 206.7952761750661, 205.5129699549667, 205.70117783434867, 206.34461991397558, 209.65103723627442, 214.879347659641, 219.77669045381316, 223.32701078551847, 228.3951816863796, 236.62260967227724, 242.60073145945998, 250.9028824715956, 259.515903017289, 268.30541573895533, 273.8340835750286, 279.58741375506565, 284.2195818039677, 285.8168914301231, 286.7288465012523, 287.87008874386356, 288.30741836890417, 287.059135416451, 282.89945588141103, 218.28415754491715, 218.3878494937747, 220.23623870043332, 220.13070289238374, 219.647396916126, 218.89217738325476, 218.73357559670893, 219.4611084064195, 220.59243912316103, 222.40558446928628, 225.74009716831486, 232.33918191739883, 240.77017518124228, 247.62625410511774, 255.99224007797767, 264.6537479782163, 231.17867461458002, 221.04822171980055, 220.53590088946277, 220.51542791873, 220.22751243935946, 220.3541583345722, 219.98441958194067, 220.77436249931, 215.51427405942363, 214.20112733525974, 215.33964827005605, 216.37940595580812, 214.68085407974223, 211.5911735477087, 208.22773000626984, 205.59263600533552, 203.5170924529892, 201.3437151421411, 199.84005581125058, 198.6812097783167, 197.91729247495297, 198.05855057222047, 199.93872365059957, 201.68167509232686, 201.28300966536193, 199.74926250013658, 197.547111911294, 195.36581753097596, 192.6141141206564, 189.9544599718232, 187.17163249079834, 184.26216541335526, 182.18394107130567, 181.30207808069216, 180.62676490401262, 180.14638566776395, 178.64088236566693, 184.19291404882728, 210.92298675484363, 209.3655740912434, 208.92536637534602, 209.40596273494856, 211.32362680808345, 215.6375796064904, 217.9168565439326, 219.01635871659025, 219.51732211441566, 217.99539470223021, 214.03054611053807, 212.0510599818837, 210.32073194804786, 208.40171544704586, 207.0174725351286, 206.0591287440381, 205.1026544732031, 204.13890716968157, 204.40765691533494, 205.75862215263268, 208.79057439074012, 211.17474246317502, 209.7926993884218, 210.35653120383276, 165.59323720239172, 166.16860876297676, 168.32926701826526, 170.10081414132088, 168.48123402597764, 206.06574887109224, 202.75979105399642, 176.02117890778993, 175.38402141477383], "pitch_int": [0.01, 0.02, 0.03, 0.07, 0.08, 0.27, 0.28, 0.29, 0.3, 0.31, 0.32, 0.46, 0.47, 0.48, 0.49, 0.5, 0.51, 0.52, 0.53, 0.54, 0.55, 0.56, 0.57, 0.58, 0.59, 0.6, 0.61, 0.62, 0.63, 0.64, 0.65, 0.66, 0.67, 0.68, 0.69, 0.79, 0.8, 0.81, 0.82, 0.83, 0.84, 0.85, 0.86, 0.87, 0.88, 0.89, 0.9, 0.91, 0.92, 0.93, 0.94, 0.97, 1.07, 1.08, 1.09, 1.1, 1.11, 1.12, 1.3, 1.31, 1.32, 1.33, 1.34, 1.35, 1.36, 1.37, 1.38, 1.39, 1.4, 1.41, 1.42, 1.43, 1.44, 1.45, 1.46, 1.47, 1.48, 1.49, 1.5, 1.51, 1.52, 1.53, 1.54, 1.55, 1.56, 1.57, 1.58, 1.59, 1.62, 1.66, 1.67, 1.68, 1.69, 1.7, 1.71, 1.72, 1.73, 1.74, 1.84, 1.85, 1.86, 1.87, 1.88, 1.89, 1.9, 1.91, 1.92, 1.93, 1.94, 1.95, 1.96, 1.99, 2.0, 2.07, 2.08, 2.09, 2.13, 2.14, 2.18, 2.19, 2.34, 2.35], "audio_url": "/file_processing/data_out/audio/Speaker7_Russia_Female_2_1.wav", "textgrid_url": "/file_processing/data_out/textgrid/Speaker7_Russia_Female_2_1.TextGrid", "labels": ["#", "Il", "travaille", "en", "France,", "#", "mais", "il", "n'est", "pas", "fran\u00e7ais.", "#"], "label_int": [0.25, 0.08000000000000002, 0.29, 0.07999999999999996, 0.43999999999999995, 0.17000000000000015, 0.1399999999999999, 0.06000000000000005, 0.07000000000000006, 0.1499999999999999, 0.4498199999999999, 0.24917999999999996]}