{"filename": "Speaker8_France_Female_3_20", "pitches": [217.15975455983013, 214.84652663302091, 215.73410340008706, 216.68402458664573, 217.66160100245645, 217.10695503248078, 215.42486221756346, 212.15651106341465, 209.16975962847715, 207.05455398934492, 204.81228798287736, 203.53445897104507, 301.7807197579018, 303.30312839154266, 306.5861036351389, 309.15963107374733, 315.0336010506978, 325.74294112015457, 332.1757509203885, 336.959224456861, 339.53388123841427, 339.05649891296207, 336.43761617270786, 336.91724878865557, 331.43534022240834, 330.0010621601216, 365.5586669581049, 360.47564665662543, 357.26145830020045, 352.9167368795325, 345.81678959066676, 335.1446119673397, 331.4238478854845, 299.8566203312755, 299.3818837183146, 298.5561648378551, 296.74415706182793, 294.2715588302111, 290.5954232705834, 272.40521543360757, 268.7507108286021, 269.63727310491134, 270.1056656891425, 269.74804524859496, 268.4750149378306, 267.0460079591313, 265.1503012564561, 262.7863881988087, 260.3710429034812, 255.81124109875802, 248.34939532761123, 238.20961557412886, 234.91763477573255, 234.8677990184716, 323.7638494053757, 320.74927291804096, 316.83215842828423, 314.7049321472181, 312.383318719762, 311.27646732171195, 310.93924987066225, 310.22954653509754, 307.1980631469776, 296.6830220093327, 290.5011341391882, 285.770912287414, 280.0529509621246, 274.67425067274775, 265.4166971163872, 254.82318177156745, 243.07587164649527, 235.18638389881238, 227.10774924206402, 211.12923707467473, 210.63802148238625, 217.73269627428473, 218.06276275449935, 219.2808539885964, 309.3996432538007, 310.70948805552246, 311.2172305516619, 310.80808549883193, 310.0103776012544, 306.54527169666846, 300.28925682862354, 279.63855021143587, 275.18134762226634, 260.95566756604205, 253.5794878536089, 254.79436044450642, 250.47450050777886, 244.4846979145986, 238.8377146134599, 239.87654889758608, 193.23807134570598, 178.52798847082542, 175.83674090309955, 171.64756078354708, 168.62129918327008, 166.2966387648433, 164.8174819069975, 161.8693571061416, 157.97844171524287, 154.42891937198374, 146.7204339292319], "pitch_int": [0.24, 0.25, 0.26, 0.27, 0.28, 0.29, 0.3, 0.31, 0.32, 0.33, 0.34, 0.35, 0.45, 0.46, 0.47, 0.48, 0.49, 0.5, 0.51, 0.52, 0.53, 0.54, 0.55, 0.56, 0.57, 0.59, 0.65, 0.66, 0.67, 0.68, 0.69, 0.7, 0.71, 0.78, 0.79, 0.8, 0.81, 0.82, 0.83, 0.84, 0.85, 0.86, 0.87, 0.88, 0.89, 0.9, 0.91, 0.92, 0.93, 0.94, 0.95, 0.96, 0.97, 0.98, 1.08, 1.09, 1.1, 1.11, 1.12, 1.13, 1.14, 1.15, 1.16, 1.17, 1.18, 1.19, 1.2, 1.21, 1.22, 1.23, 1.24, 1.25, 1.26, 1.28, 1.29, 1.3, 1.31, 1.33, 1.41, 1.42, 1.43, 1.44, 1.45, 1.46, 1.47, 1.48, 1.49, 1.51, 1.52, 1.53, 1.54, 1.55, 1.56, 1.57, 1.59, 1.6, 1.61, 1.62, 1.63, 1.64, 1.65, 1.66, 1.67, 1.68, 1.69], "audio_url": "/file_processing/data_out/audio/Speaker8_France_Female_3_20.wav", "textgrid_url": "/file_processing/data_out/textgrid/Speaker8_France_Female_3_20.TextGrid", "labels": ["#", "Le", "#", "centre", "commercial", "est", "tout", "droit.", "#"], "label_int": [0.25, 0.09000000000000002, 0.02999999999999997, 0.35, 0.5, 0.06000000000000005, 0.19999999999999996, 0.25683999999999996, 0.24916000000000005]}