{"filename": "Speaker6_France_Female_3_7", "pitches": [294.63261162005756, 243.73400435567578, 238.55518937021955, 231.93319586929024, 227.7778262899841, 225.1360965906406, 220.75007903532395, 219.27679747705844, 219.74389211410187, 221.52510667163915, 223.44136830171868, 224.77384714454712, 225.90848818963198, 226.91514332531102, 227.32144772328581, 226.13888278209274, 223.38690138051527, 221.79750279731837, 221.83829034627155, 226.4494077142584, 229.09946364249888, 231.2848237635456, 228.41819823962487, 226.51925437032904, 224.57179410561028, 221.78368872223075, 219.19920807746337, 216.6886232896076, 214.6998449240544, 213.5742675062993, 213.6022069266595, 213.49246853304328, 212.63717075699105, 211.21725241504475, 210.08689248380853, 208.79634596195328, 208.6798397450138, 208.2614653751854, 207.59503383917306, 207.2092188100615, 209.20087957895868, 215.09509455130802, 221.0617042807396, 225.6767799487898, 231.87639149213325, 239.5700124925136, 247.3721290806037, 256.10204340768985, 265.21417503027374, 273.582709884564, 279.0267019268192, 287.775535740412, 295.7254888836956, 302.82007667052784, 308.28359844262843, 310.862951012013, 310.4582090224073, 307.86672491277295, 303.6178499845061, 298.52597908269877, 291.6928656103897, 286.81466210286015, 282.2109340361668, 276.99447785219655, 272.6546983704048, 265.11565935196916, 252.24056462383234, 245.51846811798893, 239.37891792496112, 233.8677512829217, 228.95807521713647, 224.06289934152892, 220.3750153100616, 217.0377309309704, 212.01963924600585, 209.2394430623147, 208.82597190324046, 208.84340397260667, 206.7312706524136, 202.32952834718765, 196.9573335691494, 194.15719370720223, 192.83276291307118, 191.51593266009405, 189.64269831728103, 186.0743383266839, 208.4366296386457, 205.62229834492672, 203.43668658474402, 202.62265050697738, 200.91513191212866, 198.6160288166758, 198.1109096139191, 199.48026489013967, 202.17463539379378, 204.83366557679378, 207.8742452038117, 213.1101524475224, 218.23728110642105, 219.5316600265877, 219.68239383445595, 208.41392617700595, 205.19471538652115, 205.3888793193953, 207.58010587097462], "pitch_int": [0.16, 0.29, 0.3, 0.31, 0.32, 0.33, 0.34, 0.35, 0.36, 0.37, 0.38, 0.39, 0.4, 0.41, 0.42, 0.43, 0.44, 0.45, 0.46, 0.47, 0.49, 0.51, 0.52, 0.53, 0.54, 0.55, 0.56, 0.57, 0.58, 0.59, 0.6, 0.61, 0.62, 0.63, 0.64, 0.65, 0.66, 0.67, 0.68, 0.69, 0.7, 0.71, 0.72, 0.73, 0.74, 0.75, 0.76, 0.77, 0.78, 0.79, 0.8, 0.81, 0.82, 0.83, 0.84, 0.85, 0.86, 0.87, 0.88, 0.89, 0.9, 0.91, 0.92, 0.93, 0.94, 0.95, 0.96, 0.97, 0.98, 0.99, 1.0, 1.01, 1.02, 1.03, 1.04, 1.05, 1.06, 1.07, 1.08, 1.09, 1.1, 1.11, 1.12, 1.13, 1.14, 1.15, 1.23, 1.24, 1.25, 1.26, 1.27, 1.28, 1.29, 1.3, 1.31, 1.32, 1.33, 1.34, 1.35, 1.36, 1.37, 1.41, 1.42, 1.43, 1.44], "audio_url": "/file_processing/data_out/audio/Speaker6_France_Female_3_7.wav", "textgrid_url": "/file_processing/data_out/textgrid/Speaker6_France_Female_3_7.TextGrid", "labels": ["#", "Vous", "\u00eates", "anglais", "ou", "am\u00e9ricain?", "#"], "label_int": [0.25001, 0.09591, 0.16708, 0.31999999999999995, 0.050000000000000044, 0.5025999999999999, 0.24940000000000007]}