{"filename": "Speaker5_Africa_Male_2_24", "pitches": [113.45155595980714, 109.1174276542717, 106.1747075575642, 108.33138289796807, 108.82947691949968, 108.52969706568427, 108.21969492498329, 107.67914090829518, 106.92187438475322, 195.74429653527133, 196.30666628620415, 197.80647843371787, 199.2308357353633, 201.04456049148766, 201.25238587564854, 199.60805352511358, 196.10225022221323, 188.22611590548956, 153.51359524419917, 147.60468011932852, 143.64620881457634, 139.88835206678212, 136.47358505771086, 132.89695608725634, 128.14685194556859, 124.40690178382522, 122.29680414031384, 118.63118490828927, 118.0239732356079, 114.90998471908505, 112.54944588095444, 109.68111735695169, 107.42388284593859, 106.18878947687156, 110.79104204141423, 109.3064352959035, 102.99346828907339, 100.94104848278867, 99.07539317774832, 97.42605577670383, 95.73349928407072, 95.54491748080355, 95.75355215977233, 95.53703643952234, 96.25800387122126, 98.84066928847075, 98.6772492638329, 98.61746532811978, 99.24652434566696, 100.38758706584602, 101.02428275896534, 101.38935292144279, 101.52736065812029, 101.87909883522912, 102.20620956933234, 99.47891017543304, 102.73053282249045, 108.40570200999858, 115.27362278365547, 111.99011407442555, 109.22686448403354, 106.56392218997172, 103.82830822266953, 100.77146913197019, 98.59191564728326, 98.59433024973325, 101.04174151810291, 102.72211870052357, 103.63694518453218, 111.47159857560355, 109.24652166843957, 102.24872903193099, 100.73077990189373, 98.85757712484889, 97.53491015984702, 96.39265393276858, 114.90188748180199, 114.13596375673572, 112.85860930945657, 111.10779644167116, 109.86812840566502, 108.87730897430275, 107.70406223943027, 106.08013784704285, 105.09211625436123, 105.08746819425193, 104.59146142286995, 104.70602311363254, 104.05613630668803, 103.22877181477426, 101.85895297771418, 99.5057771781301, 97.23250732343983, 95.14128092491973, 94.77512650261163, 185.4835179450669, 184.36091661404578, 180.59804499553675], "pitch_int": [0.25, 0.26, 0.27, 0.29, 0.3, 0.31, 0.32, 0.33, 0.34, 0.51, 0.52, 0.53, 0.54, 0.55, 0.56, 0.57, 0.58, 0.59, 0.62, 0.63, 0.64, 0.65, 0.66, 0.67, 0.68, 0.69, 0.7, 0.71, 0.85, 0.86, 0.87, 0.88, 0.89, 0.9, 1.03, 1.04, 1.06, 1.07, 1.08, 1.09, 1.1, 1.12, 1.13, 1.14, 1.15, 1.17, 1.18, 1.19, 1.2, 1.21, 1.22, 1.23, 1.24, 1.25, 1.26, 1.3, 1.32, 1.33, 1.38, 1.39, 1.4, 1.41, 1.42, 1.43, 1.44, 1.45, 1.46, 1.47, 1.48, 1.58, 1.59, 1.61, 1.62, 1.63, 1.64, 1.65, 1.86, 1.87, 1.88, 1.89, 1.9, 1.91, 1.92, 1.93, 1.94, 1.95, 1.96, 2.02, 2.03, 2.04, 2.05, 2.06, 2.07, 2.08, 2.09, 2.28, 2.3, 2.32], "audio_url": "/file_processing/data_out/audio/Speaker5_Africa_Male_2_24.wav", "textgrid_url": "/file_processing/data_out/textgrid/Speaker5_Africa_Male_2_24.TextGrid", "labels": ["#", "Je", "suis", "impressionn\u00e9e", "par", "#", "ta", "#", "progression.", "#"], "label_int": [0.25, 0.10999999999999999, 0.31000000000000005, 0.62, 0.16999999999999993, 0.08000000000000007, 0.11999999999999988, 0.14000000000000012, 0.5490600000000001, 0.24994000000000005]}