{"filename": "Speaker7_Russia_Female_1_28", "pitches": [206.81669807394783, 205.5130816652905, 203.91732584978723, 201.22956559793508, 198.2001629833125, 195.291935273116, 220.41086795018018, 217.93346562106404, 215.14362108075505, 214.32947198185457, 213.30893096513512, 211.45498410791717, 209.54419364589722, 208.3312963949703, 209.68117831999265, 217.33085730185766, 224.78361497284766, 229.94387758883417, 231.9913493767736, 231.49422839703197, 229.4521305691881, 227.27577032872853, 225.99383246176797, 224.24291348291024, 222.42178431341642, 221.78518672419017, 258.70720451618126, 256.6350506904836, 256.08150200466946, 255.580172010355, 253.85792637665762, 251.49995258758332, 248.04091572056709, 244.05790839413044, 241.97763642612924, 241.617097835275, 237.24311044359115, 233.141721798367, 227.99475001958155, 222.498186632247, 217.12902661601504, 212.33210716300857, 208.4269244314497, 209.29489027187935, 212.1045177835151, 212.63279266526206, 212.40948780598262, 212.18550643499321, 212.1462234116052, 212.44915206224945, 212.88474992786536, 212.9816738209192, 212.63601607736052, 212.40333575566493, 212.4876816098316, 213.47962743212972, 214.72404904353925, 213.24563128074624, 211.784108123647, 209.90689227542813, 222.89718938067256, 222.49209824901752, 222.44493763905956, 222.90643725485953, 224.77337012440896, 228.8018324685028, 233.89115459554398, 239.62655859288776, 250.51689110891087, 259.48095685304617, 268.1510851042598, 272.00393540149804, 273.7127676615481, 273.92167256357027, 272.61747823354494, 276.3429123588039, 278.2088955247043, 218.59346131903013, 216.5786746018619, 215.34556363335685, 213.23825847028345, 209.7479598815971, 208.8815181377441, 211.59001372991082, 248.3205348707017, 242.69779478686735, 242.6792688402564, 245.3279813164605, 251.14309181511356, 258.84480828283336, 272.0991312101358, 282.0711441617979, 312.0652067399639, 322.5414136499902, 331.444249300368, 248.46242080400447], "pitch_int": [0.26, 0.27, 0.28, 0.29, 0.3, 0.31, 0.4, 0.41, 0.42, 0.43, 0.44, 0.45, 0.46, 0.47, 0.48, 0.49, 0.5, 0.51, 0.52, 0.53, 0.54, 0.55, 0.56, 0.57, 0.58, 0.59, 0.68, 0.69, 0.7, 0.71, 0.72, 0.73, 0.74, 0.75, 0.76, 0.82, 0.83, 0.84, 0.85, 0.86, 0.87, 0.88, 0.89, 0.93, 0.94, 0.95, 0.96, 0.97, 0.98, 0.99, 1.0, 1.01, 1.02, 1.03, 1.04, 1.05, 1.06, 1.07, 1.08, 1.09, 1.15, 1.16, 1.17, 1.18, 1.19, 1.2, 1.21, 1.22, 1.23, 1.24, 1.25, 1.26, 1.27, 1.28, 1.29, 1.3, 1.31, 1.39, 1.4, 1.41, 1.42, 1.43, 1.44, 1.45, 1.51, 1.52, 1.53, 1.54, 1.55, 1.56, 1.57, 1.58, 1.6, 1.61, 1.62, 1.89], "audio_url": "/file_processing/data_out/audio/Speaker7_Russia_Female_1_28.wav", "textgrid_url": "/file_processing/data_out/textgrid/Speaker7_Russia_Female_1_28.TextGrid", "labels": ["#", "On", "se", "retrouve", "#", "\u00e0", "20", "heures,", "#", "d'accord?", "#"], "label_int": [0.25, 0.07, 0.08999999999999997, 0.37000000000000005, 0.04999999999999993, 0.07000000000000006, 0.2599999999999999, 0.15000000000000013, 0.050000000000000044, 0.2899999999999998, 0.25]}