{"filename": "Speaker1_Argentina_Female_1_15", "pitches": [168.96818313076216, 226.4887040730271, 224.25344068684967, 221.64174917096125, 218.0343162957223, 212.4203434486767, 208.48936404630538, 206.19213598640184, 205.6280730978847, 207.80812655819236, 232.33444428521176, 237.466764396426, 239.61808191892396, 240.40590983076277, 239.07826370033018, 236.98708214559701, 235.4949017567392, 234.49601370592615, 233.45477927949023, 230.75333164150982, 221.644711220837, 218.2789768295477, 219.99704612852332, 380.84281237190936, 387.26090454345, 301.2075527725899, 297.37385531570374, 269.7588895781511, 256.13072113294305, 250.25814286369007, 245.81676314665458, 242.30295643714666, 239.1195899842835, 236.3764007287008, 236.56188137473237, 234.48138329437367, 233.22065713754623, 231.69807111670988, 231.0095890971433, 230.32061972469444, 230.70720380328848, 233.35274302953144, 239.2066444760938, 242.94389436753832, 245.46222378448044, 248.3183318161767, 252.3426695864486, 254.5132393053257, 255.40152608766678, 241.7875191165802, 244.1077634090579, 245.48779891010292, 244.17725495521964, 245.4218944408984, 247.56532881557578, 248.4419301206201, 250.27247056654056, 250.2295286845944, 248.14058019931795, 236.09860999638838, 233.08485155407513, 229.9749883979264, 226.12059354663555, 221.23746258735142, 217.72915901200616, 215.6609042274049, 214.52776155553255, 213.43270417466672, 211.121520909901, 210.09595564953784, 209.82630817821303, 209.0398013011781, 207.6547965797857, 205.52905567215032, 202.9891027211006, 199.74984831675164, 196.52933679208235, 195.29130662489877, 195.0458338754279, 194.18324736993927, 192.37950012976756, 191.73815592310825, 193.2338577863166, 198.88820246957607, 205.60107257843254, 207.11851149307873, 208.0547842729307, 208.72715981351493, 210.45720140812574, 196.4802781160792, 196.70279582673032, 198.7122459289593, 209.73111004908645, 214.66714260152406, 223.0968400937112, 235.28266204409448, 244.33828433925555, 253.3143757255463, 410.2299894637378, 415.98135282415217, 185.98795890579714, 185.11698694698978, 180.51729437462012, 176.66753423251555, 174.5579711039029, 173.21410329950737, 171.8120814199827, 170.66451244606918, 168.54027953788778, 166.35698704914108, 164.6568950330966, 162.81585806760427, 172.76991754164158, 175.66957073624502, 166.5105032275041, 166.06387790227024, 169.73901093239385, 173.4099709980295, 176.7766364231757, 183.6311117867118, 183.13583986690787, 165.82070828675506, 223.33657265452092], "pitch_int": [0.07, 0.3, 0.31, 0.32, 0.33, 0.34, 0.35, 0.36, 0.37, 0.38, 0.4, 0.41, 0.42, 0.43, 0.44, 0.45, 0.46, 0.47, 0.48, 0.49, 0.5, 0.51, 0.52, 0.62, 0.63, 0.73, 0.74, 0.76, 0.77, 0.78, 0.79, 0.8, 0.81, 0.82, 0.85, 0.86, 0.87, 0.88, 0.89, 0.9, 0.91, 0.92, 0.93, 0.94, 0.95, 0.96, 0.97, 0.98, 0.99, 1.01, 1.02, 1.03, 1.04, 1.05, 1.06, 1.07, 1.08, 1.09, 1.1, 1.14, 1.15, 1.16, 1.17, 1.18, 1.19, 1.2, 1.21, 1.22, 1.23, 1.24, 1.25, 1.26, 1.27, 1.28, 1.29, 1.3, 1.31, 1.32, 1.33, 1.34, 1.35, 1.36, 1.37, 1.38, 1.39, 1.4, 1.41, 1.42, 1.43, 1.47, 1.48, 1.49, 1.51, 1.52, 1.53, 1.54, 1.55, 1.56, 1.63, 1.64, 1.82, 1.83, 1.84, 1.85, 1.86, 1.87, 1.88, 1.89, 1.9, 1.91, 1.92, 1.93, 1.97, 1.98, 2.02, 2.03, 2.05, 2.06, 2.07, 2.14, 2.15, 2.26, 2.36], "audio_url": "/file_processing/data_out/audio/Speaker1_Argentina_Female_1_15.wav", "textgrid_url": "/file_processing/data_out/textgrid/Speaker1_Argentina_Female_1_15.TextGrid", "labels": ["#", "Pouvez-vous", "#", "parler", "plus", "lentement", "#", "s\u2019il", "vous", "pla\u00eet?", "#"], "label_int": [0.25, 0.37, 0.07999999999999996, 0.32000000000000006, 0.24, 0.3799999999999999, 0.08000000000000007, 0.1100000000000001, 0.07999999999999985, 0.26292000000000004, 0.2490800000000002]}