{"filename": "Speaker3_France_Male_2_13", "pitches": [129.47541041841404, 124.13930029879364, 146.15958795456024, 142.80825468662343, 139.213058432875, 137.2813184298842, 135.515837398489, 133.0850816335864, 131.20071384427135, 130.12588337223696, 130.13538415107453, 130.8976592762999, 131.7139096917853, 133.00778098315308, 133.90678962952595, 134.87750810555224, 136.48371064751336, 138.6000370553644, 140.96256672221622, 144.961908762616, 148.98264695354345, 152.04494989944976, 155.1323484363736, 156.6964567501907, 158.38173736414316, 160.7097715383799, 163.19708958400798, 165.51425904327445, 168.41123181089085, 172.23367871868652, 175.46794564787106, 178.44077586740815, 179.9554241086747, 179.82479495343355, 177.71360923657568, 175.13986302309286, 173.74778209249925, 171.65275965407105, 167.7758376836514, 162.73694543383976, 156.61712292104303, 153.7338728418934, 174.70990024336285, 173.1022316868048, 171.46885282040358, 166.4050965074772, 161.24102365384147, 157.87292372391934, 156.26965987553382, 156.91628094601782, 158.13081984708268, 158.33951459714717, 157.4668583776695, 156.44044891502813, 156.00291206378185, 155.9702321529755, 156.1256927379196, 156.07461957411977, 155.53163371224576, 154.81652544204815, 153.2952349579443, 150.3784874533542, 147.64052116815162, 154.74111646364668, 154.03192020839776, 154.33990518464216, 155.1165937154882, 152.43652608863871, 148.9853444827429, 146.39931823036233, 145.60678546658767, 145.08544202850197, 146.48544876442543, 147.85099740970153, 148.08988354704204, 147.72627109019396, 146.57023838540465, 142.28932674914572, 138.2951088310735, 136.22442396200827, 134.52683807159016, 132.77989992172428, 130.6794493761174, 128.54776664610804, 126.64404044438241, 125.52623445344588, 143.83518461800526, 146.79874609894236, 147.91364442189084, 152.3964302640925, 154.5837494661694, 154.13233594720032, 148.64695809423162, 147.22725071827648, 146.93314504032372, 147.92429940952766, 152.1436965814118], "pitch_int": [0.37, 0.4, 0.51, 0.52, 0.53, 0.54, 0.55, 0.56, 0.57, 0.58, 0.59, 0.6, 0.61, 0.62, 0.63, 0.64, 0.65, 0.66, 0.67, 0.68, 0.69, 0.7, 0.71, 0.72, 0.73, 0.74, 0.75, 0.76, 0.77, 0.78, 0.79, 0.8, 0.81, 0.82, 0.83, 0.84, 0.85, 0.86, 0.87, 0.88, 0.89, 0.9, 0.95, 0.96, 0.97, 0.98, 0.99, 1.0, 1.01, 1.02, 1.03, 1.04, 1.05, 1.06, 1.07, 1.08, 1.09, 1.1, 1.11, 1.12, 1.13, 1.14, 1.15, 1.18, 1.19, 1.2, 1.21, 1.22, 1.23, 1.24, 1.25, 1.26, 1.27, 1.28, 1.29, 1.3, 1.31, 1.32, 1.33, 1.34, 1.35, 1.36, 1.37, 1.38, 1.39, 1.4, 1.47, 1.48, 1.49, 1.51, 1.52, 1.53, 1.58, 1.59, 1.6, 1.61, 1.75], "audio_url": "/file_processing/data_out/audio/Speaker3_France_Male_2_13.wav", "textgrid_url": "/file_processing/data_out/textgrid/Speaker3_France_Male_2_13.TextGrid", "labels": ["#", "Si", "tu", "viens,", "nous", "pourrons", "commencer.", "#"], "label_int": [0.25027, 0.14673000000000003, 0.16999999999999993, 0.27, 0.08000000000000007, 0.24, 0.3999999999999999, 0.25]}