{"filename": "Speaker8_France_Female_3_25", "pitches": [343.00092953732303, 342.56405725516777, 343.82770010004714, 343.9912700167001, 345.9127588901071, 346.4369355208729, 345.97609451496896, 346.4547596640464, 349.4442897588456, 354.4664162013505, 363.8594193455722, 368.60031880533245, 369.1200866203403, 366.5804410341535, 361.15933876333816, 356.2510628403723, 353.5876734872741, 350.9141953954193, 347.131815577842, 342.5492215956887, 337.6896935372826, 334.19384127380636, 331.37909851690483, 328.5921907405127, 321.6287595520588, 311.0529792318927, 307.99470985481446, 310.07174496617904, 313.9126860905211, 316.9400770144024, 318.19514261333256, 318.34131506141324, 317.2352016111848, 315.406054682318, 310.803980766548, 304.41591794371243, 301.7573327582601, 308.053810908792, 329.6283674469401, 330.4196631355911, 329.0089991716507, 329.0215438410128, 329.8451775797315, 329.50143293178314, 327.73545577958953, 324.80541080499154, 320.8546385915623, 318.06321204471016, 315.71316069916855, 314.34544295056816, 312.6617734617587, 309.64179043318944, 303.88925975508886, 297.3942332237338, 266.7761600064499, 272.2474223231456, 274.1314544195145, 274.27431211451676, 276.1018126663651, 277.2350842163204, 277.643286540515, 277.31831335843947, 276.6360220839143, 276.129359140734, 276.0940393582877, 276.87140287837485, 277.52538518419243, 277.04526995586457, 275.8587465017985, 275.2090024050137, 275.570454279465, 277.47033806473235, 278.8714858582366, 281.63725409698293, 285.5796057898344, 289.67306318995713, 296.0070719988118, 303.15722109195866, 311.8920773592755, 347.8152943186028, 429.3997651317475, 443.3819390633312, 452.70209110850834, 455.37913930681447, 454.21862812909035, 444.5659756673417, 439.6481728338732, 340.23174694340753, 331.93443313579934, 330.179288089459, 325.07173907233266, 320.3085387160948, 313.0559072555361, 300.23633585290395, 294.15242263926507, 332.94982052765954, 331.2647196101375, 329.1517549345067, 325.0891432311292, 319.61770923617723, 315.7353021291268, 315.53820451133197, 320.5391414835716, 333.3047091452901, 346.5611439306691, 386.6405866646188, 435.8260968724271, 439.2359267487743, 439.7981851903716, 438.04967372476585], "pitch_int": [0.3, 0.31, 0.32, 0.33, 0.34, 0.35, 0.36, 0.37, 0.38, 0.39, 0.4, 0.41, 0.42, 0.43, 0.44, 0.45, 0.46, 0.47, 0.48, 0.49, 0.5, 0.51, 0.52, 0.53, 0.54, 0.55, 0.56, 0.57, 0.58, 0.59, 0.6, 0.61, 0.62, 0.63, 0.64, 0.65, 0.66, 0.67, 0.74, 0.75, 0.76, 0.77, 0.78, 0.79, 0.8, 0.81, 0.82, 0.83, 0.84, 0.85, 0.86, 0.87, 0.88, 0.89, 0.92, 1.04, 1.05, 1.06, 1.07, 1.08, 1.09, 1.1, 1.11, 1.12, 1.13, 1.14, 1.15, 1.16, 1.17, 1.18, 1.19, 1.2, 1.21, 1.22, 1.23, 1.24, 1.25, 1.26, 1.27, 1.29, 1.32, 1.33, 1.34, 1.35, 1.36, 1.37, 1.38, 1.46, 1.47, 1.48, 1.49, 1.5, 1.51, 1.52, 1.53, 1.65, 1.66, 1.67, 1.68, 1.69, 1.7, 1.71, 1.72, 1.73, 1.74, 1.76, 1.78, 1.79, 1.8, 1.81], "audio_url": "/file_processing/data_out/audio/Speaker8_France_Female_3_25.wav", "textgrid_url": "/file_processing/data_out/textgrid/Speaker8_France_Female_3_25.TextGrid", "labels": ["#", "Tu", "viens", "avec", "#", "nous", "au", "cin\u00e9ma", "#", "le", "soir?", "#"], "label_int": [0.25, 0.10999999999999999, 0.16000000000000003, 0.18999999999999995, 0.040000000000000036, 0.06000000000000005, 0.10999999999999999, 0.44000000000000006, 0.10999999999999988, 0.07000000000000006, 0.28, 0.24999999999999978]}