{"filename": "Speaker6_France_Female_2_21", "pitches": [222.65217131928577, 220.0664516056221, 216.77579121648432, 213.03773475616197, 211.20125552779527, 211.89795427006092, 241.09537723591617, 240.87975375227956, 240.76919863116817, 240.10900438391502, 238.90602083295664, 237.95737495434878, 237.4965340345892, 237.11153106876645, 235.93480590308582, 234.7733016285264, 261.54891066093523, 260.5909996231246, 259.0627494092015, 257.62273668362445, 254.9879848982675, 251.205872617935, 249.04375846150685, 246.48234048113528, 245.26288374511068, 258.3931401907897, 254.32009403259897, 251.74624376989914, 250.12951102828865, 246.86939086045444, 241.32626317287026, 236.53339424046695, 232.24304317565048, 231.44928459987443, 232.67088089421094, 233.43343072080603, 233.99739518922001, 236.10585555015479, 239.48086514836376, 242.390696267604, 242.80264168207054, 242.37122368451008, 241.5316037649431, 239.96222954710612, 238.23463908064383, 235.5750192559789, 221.1221474080644, 218.19871655647472, 226.59486092874954, 223.0143844045332, 220.50949163153618, 217.64409172059658, 214.5447396624783, 211.4245165990205, 209.7701039602038, 209.53484496096334, 210.34282224181425, 210.75280841589313, 235.12528519618473, 222.6997577405352, 219.46649672327493, 216.44925954517336, 214.47335848041735, 213.26493500234977, 211.29056331170105, 209.4314565502225, 207.79685065574083, 206.84858479340807, 206.09809811947878, 208.24085147830192, 226.42073118139197, 223.90649718758368, 222.5458118245226, 217.29791207359085, 213.93321991656438, 210.0556228557463, 208.03075910434725, 207.6964593338468, 210.81152698389315, 206.1949626675255, 202.1737930640917, 199.6145697831468, 198.16168946046204, 196.54341488480654, 195.35728455301734, 194.2360329455338, 193.63811147032965, 193.20583808750573, 192.04804386376014, 189.3351121833351, 171.99072959469896, 170.3459527017963, 169.7337475743443, 171.0382292673238, 177.427910131465, 182.64490404707388, 185.94545488549937, 175.5770011324036, 177.22041649589198, 177.81640103014624, 175.63318173972033, 173.15119460027944, 172.82332174307288], "pitch_int": [0.44, 0.45, 0.46, 0.47, 0.48, 0.49, 0.51, 0.52, 0.53, 0.54, 0.55, 0.56, 0.57, 0.58, 0.59, 0.6, 0.7, 0.71, 0.72, 0.73, 0.74, 0.75, 0.76, 0.77, 0.78, 0.86, 0.87, 0.88, 0.89, 0.9, 0.91, 0.92, 0.93, 0.94, 0.95, 0.96, 0.97, 0.98, 0.99, 1.0, 1.01, 1.02, 1.03, 1.04, 1.05, 1.06, 1.08, 1.09, 1.14, 1.15, 1.16, 1.17, 1.18, 1.19, 1.2, 1.21, 1.22, 1.23, 1.26, 1.29, 1.3, 1.31, 1.32, 1.33, 1.34, 1.35, 1.36, 1.37, 1.38, 1.39, 1.46, 1.47, 1.48, 1.49, 1.5, 1.51, 1.52, 1.53, 1.54, 1.55, 1.56, 1.57, 1.58, 1.59, 1.6, 1.61, 1.62, 1.63, 1.64, 1.65, 1.8, 1.81, 1.82, 1.83, 1.84, 1.85, 1.86, 2.02, 2.03, 2.04, 2.05, 2.06, 2.07], "audio_url": "/file_processing/data_out/audio/Speaker6_France_Female_2_21.wav", "textgrid_url": "/file_processing/data_out/textgrid/Speaker6_France_Female_2_21.TextGrid", "labels": ["#", "Je", "suis", "impressionn\u00e9e", "par", "ta", "progression.", "#"], "label_int": [0.2502, 0.12580000000000002, 0.16000000000000003, 0.55, 0.1399999999999999, 0.1499999999999999, 0.5086000000000002, 0.24939999999999984]}