{"filename": "Speaker5_Africa_Male_3_22", "pitches": [121.64341111278809, 120.49510238436967, 119.8708801133154, 118.85618476832121, 116.91579811819605, 116.19767842939113, 116.09333594090816, 116.1068353079869, 115.73019297847125, 114.99533538035861, 113.9080030711245, 112.83240303642513, 113.26516358561366, 113.95884832371969, 113.5607356348223, 112.67410535215174, 112.13719926961501, 111.62703766475454, 111.52592479731442, 111.6042931736017, 111.70434066891269, 111.65886015798166, 111.37920005285103, 111.04601392783393, 110.65637136617366, 109.91128009181074, 109.04875314492739, 108.36061585057391, 108.35435252294079, 108.61659220980388, 108.3085548454134, 107.80235155965299, 108.24312591812262, 121.79622799750413, 121.0834694821394, 119.39366468736061, 117.05281429526367, 115.81122867352308, 113.9481503737747, 111.6725054853982, 110.3034508708889, 108.95243421794973, 110.21886731486539, 112.41212330901911, 114.0114838244714, 119.81675942207912, 120.86573878552483, 118.24348161579748, 115.12449207768779, 112.85474691544444, 109.70846511599129, 107.50825864708295, 105.46585894737592, 103.7217307666941, 103.57427898846876, 104.14168488394384, 104.07267893385642, 104.03511867527797, 104.27579890373556, 105.33126532077112, 105.70606961676381, 104.61813373834268, 104.34060410150013, 104.85715781676416, 106.42489441656572, 107.92998467116801, 110.18334631300266, 113.18318483234181, 116.23485514829106, 119.80830188107436, 123.84074175497304, 143.81087786309755, 146.677850029374, 147.78933637341873, 147.98156030799925, 215.85786743529417, 215.0035262935796, 213.80788305982833, 214.67969950635253, 215.05619844381985, 215.2492965765316, 208.24714719469267, 210.57807544240833, 147.98899435419295, 132.32953363539337, 111.10614650720393, 112.53576950400398, 113.54090425651371, 113.8699058572869, 113.96717426781319, 114.3195791714574, 115.99864174683597, 117.55740222290123, 118.65060656068694, 118.79644898136166, 118.80438318943087, 118.04397258240222, 116.33346076135257, 110.73027480961983, 97.95912626182086], "pitch_int": [0.32, 0.33, 0.34, 0.35, 0.36, 0.37, 0.38, 0.39, 0.4, 0.41, 0.42, 0.43, 0.44, 0.45, 0.46, 0.47, 0.48, 0.49, 0.5, 0.51, 0.52, 0.53, 0.54, 0.55, 0.56, 0.57, 0.58, 0.59, 0.6, 0.61, 0.62, 0.63, 0.64, 0.75, 0.76, 0.77, 0.78, 0.79, 0.8, 0.81, 0.82, 0.83, 0.86, 0.87, 0.88, 0.91, 0.95, 0.96, 0.97, 0.98, 0.99, 1.0, 1.01, 1.02, 1.03, 1.04, 1.05, 1.06, 1.07, 1.08, 1.09, 1.1, 1.11, 1.12, 1.13, 1.14, 1.15, 1.16, 1.17, 1.18, 1.19, 1.22, 1.23, 1.24, 1.25, 1.37, 1.38, 1.39, 1.4, 1.41, 1.42, 1.59, 1.6, 1.66, 1.67, 1.71, 1.72, 1.73, 1.74, 1.75, 1.76, 1.77, 1.78, 1.79, 1.8, 1.81, 1.82, 1.83, 1.85, 1.88], "audio_url": "/file_processing/data_out/audio/Speaker5_Africa_Male_3_22.wav", "textgrid_url": "/file_processing/data_out/textgrid/Speaker5_Africa_Male_3_22.TextGrid", "labels": ["#", "Tu", "m'impressionnes,", "#", "bravo!", "#"], "label_int": [0.25, 0.13, 0.8099999999999999, 0.40000000000000013, 0.3799999999999999, 0.2500000000000002]}