{"filename": "Speaker9_France_Male_1_26", "pitches": [124.9723587165679, 123.26838050394073, 122.64730842099753, 122.4911390766981, 123.23302232610544, 124.61704658017231, 127.16276044455874, 128.65114524904743, 129.66780987291716, 128.36983617273046, 125.26768592375046, 122.12852732901916, 119.29448142267857, 117.14548278121913, 116.33799247059115, 115.6886865239745, 114.83661642294535, 113.56712962957289, 111.44304556321231, 111.09039584015588, 114.14517351493123, 149.5041783709509, 153.12554599821678, 156.07470029666936, 157.3391063864249, 157.15368772203252, 156.33588588273335, 154.93091329139978, 151.75837074825526, 147.44953271981646, 97.95040668805505, 95.28637200769028, 92.7281012210422, 90.70398969432375, 89.73799147073741, 88.68372208914676, 87.46739311824834, 87.98754822841036, 87.55967140362833, 88.7504341680091, 92.49183322218826, 93.20775575102803, 93.40129394981582, 93.64863424997822, 93.77984611466628, 93.79484872983097, 93.33692201309066, 91.97339417657909, 91.75943065049285, 101.77626482460295, 104.34652030159343, 106.06899044275869, 107.67938474753974, 109.04392933274359, 110.1563508821142, 110.57956670143314, 110.8085464108326, 110.9484582146641, 111.32989872178727, 111.7804205796543, 111.89146286293324, 111.77870579449129, 111.48131412938145, 110.96342697316803, 110.07443030449798, 108.96812369690787, 107.44476242551889, 105.71052920399637, 104.50605896836751, 103.40121919400525, 102.40822985093973, 99.28732241653321, 96.8896439106891, 127.05089285822324, 128.0139393552194, 128.37054764833306, 128.5061632338147, 127.6444778977224, 126.02497736093389, 123.89912134870445, 118.5807269544274, 114.80787638842367, 110.65137491279897, 104.38436331223303, 102.10746774140421, 99.02405942659706, 95.56084908592011, 92.88165970504494, 91.67124419338172, 91.89147162646225, 92.021102751047, 91.75313566461982, 90.88713355289465, 90.39508176124265, 90.48731188598687, 90.63657379839006, 90.27073140607003, 89.35334689292341, 91.63892229012339, 91.70767549247606, 92.08602013692611, 92.05358915402178, 92.10367019211236, 91.9873880417005, 91.76692730577928, 92.47223986810447, 93.01877971744403, 93.20579927451413, 93.72552812876096], "pitch_int": [0.27, 0.28, 0.29, 0.3, 0.31, 0.32, 0.33, 0.34, 0.35, 0.36, 0.37, 0.38, 0.39, 0.4, 0.41, 0.42, 0.43, 0.44, 0.45, 0.46, 0.47, 0.51, 0.52, 0.53, 0.54, 0.55, 0.56, 0.57, 0.58, 0.59, 0.73, 0.74, 0.75, 0.76, 0.77, 0.78, 0.79, 0.91, 0.92, 0.93, 0.94, 0.95, 0.96, 0.97, 0.98, 0.99, 1.0, 1.01, 1.02, 1.04, 1.05, 1.06, 1.07, 1.08, 1.09, 1.1, 1.11, 1.12, 1.13, 1.14, 1.15, 1.16, 1.17, 1.18, 1.19, 1.2, 1.21, 1.22, 1.23, 1.24, 1.25, 1.26, 1.27, 1.3, 1.31, 1.32, 1.33, 1.34, 1.35, 1.36, 1.37, 1.38, 1.39, 1.4, 1.41, 1.42, 1.43, 1.44, 1.45, 1.46, 1.47, 1.48, 1.49, 1.5, 1.51, 1.52, 1.53, 1.54, 1.71, 1.72, 1.73, 1.74, 1.75, 1.76, 1.77, 1.78, 1.79, 1.8, 1.81], "audio_url": "/file_processing/data_out/audio/Speaker9_France_Male_1_26.wav", "textgrid_url": "/file_processing/data_out/textgrid/Speaker9_France_Male_1_26.TextGrid", "labels": ["#", "Imagine", "si", "on", "pouvait", "voyager", "dans", "ce", "temps.", "#"], "label_int": [0.25, 0.33999999999999997, 0.13, 0.06000000000000005, 0.22999999999999998, 0.3699999999999999, 0.17000000000000015, 0.040000000000000036, 0.24922, 0.2497799999999999]}