{"filename": "Speaker3_France_Male_1_0", "pitches": [72.8227572493447, 72.8452378141582, 134.6022271367668, 133.1824812655122, 132.2283951867773, 131.3349154752261, 130.41202423526542, 128.9007796557006, 127.50123634539099, 127.78957236610796, 129.71167481111738, 132.12394538438633, 134.02602076088928, 134.92014921617738, 135.0833277050453, 134.77580462986236, 134.7353292840611, 135.61153393671887, 136.5006121423772, 136.6640578684056, 135.7856238652443, 134.50011216499115, 132.7350603407854, 130.68584557470106, 127.77079432812066, 125.31867251253695, 123.38586062203194, 120.64209234657226, 117.82482880148382, 133.77474572958607, 135.6108748249985, 133.90977051420816, 133.25939128774277, 148.9730263234537, 148.43869399506755, 148.2061018638155, 148.00118257104054, 148.3091864599329, 148.68501281916528, 149.1305590389301, 149.8819766642527, 151.86197781652675, 154.2734405099814, 156.43881063731814, 160.28761621791585, 162.44267578549608, 164.4433566885647, 166.28817935073667, 168.89520966314038, 172.5959763248086, 172.54336483333904, 170.56002276989273, 168.62691967778122, 168.32017032207017, 162.85608567215374, 163.82137652579877, 165.13208067889315, 142.64414279708137, 126.27034469576544, 122.41929989019597, 120.81256574576037, 119.86345514181166, 119.63449251589472, 119.40873855418707, 120.2638050850341, 121.6512624217155, 122.0672481297201, 121.68200143260158, 121.53004226583745, 121.47981547231652, 122.11430048936262, 122.29504782783698, 122.48682827989632, 122.48830273582985, 122.36853653309554, 122.187089578527, 121.74210377865633, 120.84422318378783, 119.96713646138468, 120.5382866247179, 121.03662059307602, 120.71308905850493, 119.04277999037747, 117.6340256265916, 117.09628023514199, 116.76994017407227, 116.6868591178217, 116.70243473327461, 116.71259495194377, 116.77150271071818, 117.0184326813464, 116.89461991330188, 118.5931354890904, 119.48914775270958, 118.83510105194603, 117.56097570785231, 116.55551194188227, 115.6301338573517, 115.25293834071881, 114.99502993712503, 115.67689115526736, 119.82423694716917, 118.16746170299199, 118.27905189051529, 118.522166527206, 118.28583766783854, 135.69861410124057, 136.1216017864557, 136.84385606019183, 137.20384499605308, 136.515916635602, 134.54021414155238, 132.7490443238055, 132.22899090950366, 118.69113389518569, 179.3229420015919, 191.93091297628433, 211.23322033003146, 220.18097497258054, 215.22522037397604, 211.64470981339093, 210.55607611652076], "pitch_int": [0.14, 0.15, 0.35, 0.36, 0.37, 0.38, 0.39, 0.4, 0.41, 0.42, 0.43, 0.44, 0.45, 0.46, 0.47, 0.48, 0.49, 0.5, 0.51, 0.52, 0.53, 0.54, 0.55, 0.56, 0.57, 0.58, 0.59, 0.6, 0.61, 0.71, 0.72, 0.73, 0.74, 0.81, 0.82, 0.83, 0.84, 0.85, 0.86, 0.87, 0.88, 0.89, 0.9, 0.91, 0.92, 0.93, 0.94, 0.95, 0.96, 0.97, 0.98, 0.99, 1.0, 1.01, 1.07, 1.08, 1.09, 1.22, 1.24, 1.25, 1.26, 1.27, 1.28, 1.29, 1.3, 1.31, 1.32, 1.33, 1.34, 1.35, 1.36, 1.37, 1.38, 1.39, 1.4, 1.41, 1.42, 1.43, 1.44, 1.45, 1.46, 1.47, 1.48, 1.49, 1.5, 1.51, 1.52, 1.53, 1.54, 1.55, 1.56, 1.57, 1.58, 1.59, 1.6, 1.61, 1.62, 1.63, 1.64, 1.65, 1.66, 1.68, 1.69, 1.7, 1.71, 1.72, 1.76, 1.77, 1.78, 1.79, 1.8, 1.81, 1.82, 1.83, 1.86, 1.94, 1.95, 1.96, 1.97, 1.98, 1.99, 2.0], "audio_url": "/file_processing/data_out/audio/Speaker3_France_Male_1_0.wav", "textgrid_url": "/file_processing/data_out/textgrid/Speaker3_France_Male_1_0.TextGrid", "labels": ["#", "Il", "travaille", "en", "France,", "#", "mais", "il", "n'est", "pas", "fran\u00e7ais.", "#"], "label_int": [0.131, 0.07999999999999999, 0.3400000000000001, 0.06999999999999995, 0.56, 0.07999999999999985, 0.09000000000000008, 0.18999999999999995, 0.1200000000000001, 0.1499999999999999, 0.3599999999999999, 0.25]}