{"filename": "Speaker9_France_Male_3_16", "pitches": [127.28483950249354, 120.18154219589616, 118.3843588260552, 116.63895467467054, 115.24559891164154, 113.27493804191379, 112.92726893702292, 116.37519176692506, 125.57288459277225, 128.42302797323254, 129.23852603219794, 129.85135957173026, 130.1553106590927, 129.86702016213795, 129.3703439316776, 128.64637332961388, 127.615943648361, 127.65211690528162, 128.70231350242094, 133.69921438732501, 138.5228638388936, 147.20271623123855, 165.38240672627575, 180.10900014700616, 184.18053807723885, 185.52948711277702, 184.62204315273257, 181.5095808110724, 178.27686172910802, 139.96383287216906, 137.65741212548997, 136.06718078119084, 134.22456114080825, 131.26946606334695, 124.2183433300258, 118.7980064602456, 116.63314143747796, 116.98555821018141, 117.95115774517897, 119.60111294360281, 121.76069389458979, 123.73010103516063, 126.71231690869092, 129.97708052717576, 131.52346426086297, 132.65060006700165, 133.090547560882, 133.04851936327336, 132.54727818607736, 131.91403425893182, 127.08137957084595, 127.10492888588286, 126.4210403219655, 125.62650032442642, 124.47974526812419, 123.54406534553156, 122.92495008503862, 122.86145355577528, 123.01814700517988, 123.19617518950771, 123.04570612205634, 122.81657110345023, 122.24735912702917, 121.48609365544502, 120.35284340954266, 118.54045285800181, 139.87452055237728, 138.67563312052397, 139.06662492641627, 138.3634000230659, 138.45846299206863, 139.14209249341278, 140.59290154362205, 142.11870586854454, 143.70321993759575, 145.28664015813354, 145.85259407361363, 145.69686156754818, 144.86352571982124, 145.52206913915757, 124.15609025479418, 122.69322448003719, 120.77429771544189, 121.12355883376095, 122.17887579237404, 122.54057498905267, 122.8817273944618, 123.46442579038808, 124.17705497052668, 125.30307067158569, 125.74285255921426, 125.3177126021387, 124.5264767034373, 123.86239609765504, 123.17935923954872, 122.34775992837936, 120.83065610139342, 118.5717341219049, 117.26977630616179, 116.52959822326123, 126.5481340736136, 131.01650343411043, 138.7121676640669, 135.5512639385159, 135.05449002719186, 134.5065671532191, 134.15863754466127, 134.63498714174293, 135.33945792936177, 136.07392241642214, 136.83689622331573, 135.85723875314915, 133.4941158324068, 194.43130097552793, 179.72620923654287], "pitch_int": [0.31, 0.35, 0.36, 0.37, 0.38, 0.39, 0.4, 0.41, 0.42, 0.43, 0.44, 0.45, 0.46, 0.47, 0.48, 0.49, 0.5, 0.51, 0.52, 0.53, 0.54, 0.55, 0.57, 0.59, 0.6, 0.61, 0.62, 0.63, 0.64, 0.68, 0.69, 0.7, 0.71, 0.72, 0.73, 0.74, 0.75, 0.76, 0.77, 0.78, 0.79, 0.8, 0.81, 0.82, 0.83, 0.84, 0.85, 0.86, 0.87, 0.88, 1.02, 1.03, 1.04, 1.05, 1.06, 1.07, 1.08, 1.09, 1.1, 1.11, 1.12, 1.13, 1.14, 1.15, 1.16, 1.17, 1.27, 1.28, 1.29, 1.3, 1.31, 1.32, 1.33, 1.34, 1.35, 1.36, 1.37, 1.38, 1.39, 1.4, 1.52, 1.53, 1.54, 1.55, 1.56, 1.57, 1.58, 1.59, 1.6, 1.61, 1.62, 1.63, 1.64, 1.65, 1.66, 1.67, 1.68, 1.69, 1.7, 1.71, 1.77, 1.78, 1.82, 1.83, 1.84, 1.85, 1.86, 1.87, 1.88, 1.89, 1.9, 1.91, 1.92, 2.07, 2.08], "audio_url": "/file_processing/data_out/audio/Speaker9_France_Male_3_16.wav", "textgrid_url": "/file_processing/data_out/textgrid/Speaker9_France_Male_3_16.TextGrid", "labels": ["#", "Pouvez-vous", "parler", "plus", "lentement", "s\u2019il", "vous", "pla\u00eet?", "#"], "label_int": [0.25, 0.38, 0.26, 0.18000000000000005, 0.32999999999999985, 0.19000000000000017, 0.10999999999999988, 0.23530000000000006, 0.24970000000000003]}