{"filename": "Speaker8_France_Female_1_10", "pitches": [300.5731910452642, 298.4125823702187, 298.0833232058118, 296.57999460598217, 294.992429365627, 289.76192239257693, 223.53779982976812, 222.37200261602936, 221.28202858287347, 220.03408081603763, 217.68674833764265, 215.06546220482832, 210.59643977319774, 206.76741554664434, 204.96817285335408, 215.497162604665, 217.72045308518645, 217.9542069641413, 242.16403666951516, 272.17316085300337, 346.44423252589957, 348.0092368057578, 349.303917691241, 349.1941275096587, 348.64189175877954, 346.3100298091205, 340.11646239752633, 334.8673208338631, 316.9506404762939, 283.9388680219024, 275.4366958403271, 271.69532988636223, 268.2304489921676, 255.74297690463638, 244.23091188143206, 235.32290781389145, 230.81497021973064, 225.92808079943794, 220.22835298657816, 215.80292875218697, 212.24214972432432, 208.74039644861912, 206.03892976607602, 203.08457142596848, 199.9534850229826, 197.67357054693846, 195.82734844050339, 194.21354650646344, 191.68036573076452, 189.07812393539137, 187.01975689586064, 186.00789129264197, 185.19970265055724, 184.0433765812301, 183.0728204604097, 181.96492957766623, 181.01275240585127, 179.0269623518361, 176.4656941341906, 173.2049511674005, 168.7761756267666, 236.94887311431074, 237.2487609827307, 236.82000115451333, 236.16904726032135, 235.4242141500453, 232.5412095675307, 227.28748240412568, 337.11789167851606, 333.4816660895959, 333.5991766200345, 333.61269109105706, 333.2976771095202, 332.68588027441945, 331.1393866467449, 328.8934406042293, 254.72669654372777, 254.34027747525462, 252.17404376497257, 249.81971559943872, 242.2331658935056, 233.25322143309648, 225.20008775523831, 215.21442166854055, 206.58598596631177, 183.59310271570462, 176.49021512118497, 197.70136516319553, 197.17651819835453, 197.22265531120215, 197.31887995979565, 197.82054254479345, 198.40154978691828, 198.73204266566228, 197.91564775596095, 178.03408582623618, 183.31130124925622, 182.58718995237837, 181.0013971811295, 179.07918531484594, 176.82987513238845, 175.53282483079752, 174.866634679012, 174.55417445792634, 174.3317842303213, 173.88345435832375, 173.48127601001784, 173.02887594350182, 172.9697211231582, 177.03135025253633, 239.71202553925136, 249.6034855547437, 257.422464193595, 262.79857834849554, 265.9501412645157, 266.8840218162553, 265.64579985165005, 261.42464595257195, 253.48121233857458, 245.3851223556067, 240.30276441403174], "pitch_int": [0.3, 0.31, 0.32, 0.33, 0.34, 0.35, 0.43, 0.44, 0.45, 0.46, 0.47, 0.48, 0.49, 0.5, 0.51, 0.53, 0.54, 0.55, 0.58, 0.59, 0.61, 0.62, 0.63, 0.64, 0.65, 0.66, 0.67, 0.68, 0.69, 0.7, 0.71, 0.72, 0.73, 0.74, 0.75, 0.76, 0.77, 0.78, 0.79, 0.8, 0.81, 0.82, 0.83, 0.84, 0.85, 0.86, 0.87, 0.88, 0.89, 0.9, 0.91, 0.92, 0.93, 0.94, 0.95, 0.96, 0.97, 0.98, 0.99, 1.0, 1.01, 1.22, 1.23, 1.24, 1.25, 1.26, 1.27, 1.28, 1.43, 1.44, 1.45, 1.46, 1.47, 1.48, 1.49, 1.5, 1.61, 1.62, 1.63, 1.64, 1.65, 1.66, 1.67, 1.68, 1.69, 1.71, 1.72, 1.79, 1.8, 1.81, 1.82, 1.83, 1.84, 1.85, 1.86, 1.89, 1.98, 1.99, 2.0, 2.01, 2.02, 2.03, 2.04, 2.05, 2.06, 2.07, 2.08, 2.09, 2.1, 2.11, 2.16, 2.17, 2.18, 2.19, 2.2, 2.21, 2.22, 2.23, 2.24, 2.25, 2.26], "audio_url": "/file_processing/data_out/audio/Speaker8_France_Female_1_10.wav", "textgrid_url": "/file_processing/data_out/textgrid/Speaker8_France_Female_1_10.TextGrid", "labels": ["#", "Ces", "chaussures", "ne", "m\u2019ont", "co\u00fbt\u00e9", "que", "50", "euros!", "#"], "label_int": [0.25, 0.12, 0.37, 0.07000000000000006, 0.12, 0.37, 0.20999999999999996, 0.47, 0.32342000000000004, 0.2495799999999999]}