{"filename": "Speaker5_Africa_Male_2_21", "pitches": [107.66820183065612, 107.25568955877343, 107.37570380654981, 108.52046394091235, 109.54292072650397, 109.93501914821539, 109.9447913159214, 110.02708029881317, 109.91958080418668, 109.58592907825789, 106.94559267311986, 107.43084217919397, 107.43865879871427, 107.75299429793064, 108.68849682703456, 140.3013918747195, 149.60985938136992, 148.98133192217978, 148.9241696161032, 149.5209459401, 151.78472564028365, 153.8933953910099, 155.03256715973103, 155.4653807585201, 155.7447806838113, 155.98007573118275, 156.59925274777257, 156.63617663332346, 155.70765891439154, 154.09953326411198, 152.1722011481051, 151.01767376697052, 153.57198708868452, 155.01421526657677, 155.57891287488707, 149.02652530560306, 149.3134313462604, 154.16230864371056, 135.84258509116464, 135.12262836299146, 134.34446358215396, 132.4182313193428, 128.42885763005188, 128.20505802673173, 127.83363611713563, 127.60838953213941, 127.27598447431325, 126.77550896832956, 126.44117047537138, 125.96248311858885, 125.32265820183794, 124.91000443497519, 124.26410554231899, 123.581080080642, 132.711255423056, 133.4325961361387, 133.6643786010117, 139.55946407800965, 135.2831726348854, 132.46932737595745, 131.4864296412203, 130.39234480268448, 129.33344338613188, 129.4124262079476, 130.34191172784557, 131.4397411983982, 132.9994387559879, 134.94798603035568, 137.02290093308054, 138.2997100364558, 138.83513984531413, 139.4211945059107, 140.48344268258384, 142.5121177517218, 143.15737674916232, 142.12415370733322, 140.3962561010966, 138.74589867845455, 137.71970644041022, 142.55006733478933, 139.6257468197029, 140.90413024516195, 142.56773974882324, 147.32232603659878, 118.4476849787339, 117.18105986145085, 116.05284112600323, 115.16039702610576, 113.70161325378075, 112.29406622107204, 110.31037956018223, 148.1806071365967, 147.0144316076317, 145.0271700703994, 143.73251823530092, 141.44033248861294, 139.59427705750846, 138.2352424056276, 136.96760168604533, 132.11188191788503, 128.8675487649623, 127.26897127703928, 125.68829016700137, 98.55169200636044, 97.59266707727492, 97.03053668440728, 96.24964927127883, 94.77614879578432, 93.65896557922561, 134.3496878468605, 146.81807715761497], "pitch_int": [0.26, 0.27, 0.28, 0.29, 0.3, 0.31, 0.32, 0.33, 0.34, 0.35, 0.41, 0.45, 0.46, 0.47, 0.48, 0.51, 0.52, 0.53, 0.54, 0.55, 0.56, 0.57, 0.58, 0.59, 0.6, 0.61, 0.62, 0.63, 0.64, 0.65, 0.66, 0.67, 0.68, 0.69, 0.7, 0.73, 0.74, 0.76, 0.83, 0.84, 0.85, 0.86, 0.88, 0.89, 0.9, 0.91, 0.92, 0.93, 0.94, 0.95, 0.96, 0.97, 0.98, 0.99, 1.06, 1.07, 1.08, 1.21, 1.22, 1.23, 1.24, 1.25, 1.26, 1.27, 1.28, 1.29, 1.3, 1.31, 1.32, 1.33, 1.34, 1.35, 1.36, 1.37, 1.38, 1.39, 1.4, 1.41, 1.42, 1.44, 1.45, 1.47, 1.48, 1.49, 1.52, 1.53, 1.54, 1.55, 1.56, 1.57, 1.58, 1.75, 1.76, 1.77, 1.78, 1.79, 1.8, 1.81, 1.82, 1.85, 1.86, 1.87, 1.88, 1.92, 1.93, 1.94, 1.95, 1.96, 1.97, 2.02, 2.03], "audio_url": "/file_processing/data_out/audio/Speaker5_Africa_Male_2_21.wav", "textgrid_url": "/file_processing/data_out/textgrid/Speaker5_Africa_Male_2_21.TextGrid", "labels": ["#", "Le", "centre", "commercial", "#", "est", "#", "tout", "droit.", "#"], "label_int": [0.25, 0.12, 0.37, 0.69, 0.08000000000000007, 0.08000000000000007, 0.09999999999999987, 0.14000000000000012, 0.27760000000000007, 0.24940000000000007]}