{"filename": "Speaker6_France_Female_1_19", "pitches": [158.27812730337652, 156.5950016167174, 154.79393211704124, 154.57473576854875, 154.64683223462407, 154.8007362205352, 155.39433899572438, 220.0422525155472, 232.8519511097343, 225.36456665175484, 211.68010424761175, 207.90367550131242, 205.4936515367041, 204.38945262235276, 274.51534777081014, 271.06847319062996, 270.7902081848511, 271.5292173252344, 272.62927261514324, 275.028277145476, 276.4384419262249, 275.86072636940287, 273.4342156422319, 270.8367453265365, 269.87585504163417, 270.11982758830726, 269.5284902574017, 273.0856956323573, 242.6587042785938, 240.70591089163744, 238.42533101728608, 235.78827322893332, 258.66935812829746, 254.67799301954437, 253.1702464368156, 251.7005624310701, 249.66019331371592, 246.00687950616023, 240.6192474268927, 235.6245071890761, 230.70394532753355, 227.39148834679978, 224.88545848258812, 222.45383838168974, 220.97865359445504, 219.67569903138872, 218.46514708362656, 216.60863073874694, 214.4094275962201, 211.98181675386655, 211.06290708852302, 211.93085436350287, 213.20239588584298, 213.4082472662855, 207.2826671340801, 204.74740203176398, 203.10890667947353, 200.6972875028547, 198.3638354017864, 197.25364660066245, 197.2325388971945, 197.98779735237108, 199.60535061883516, 201.0736155847344, 202.37470727934328, 203.45493517594264, 204.83036198368694, 206.10793287694477, 206.68361369929826, 206.83849066311336, 206.16836835702017, 207.10196308725656, 210.47893407511194, 207.4930545748398, 230.55782719648673, 213.29928008712875, 205.82300257031312, 203.31621996681702, 199.8771905645469, 194.24391491303766, 188.48408933149415, 184.2094474095619, 180.5210249017365, 176.72283762380684, 173.07982739292612, 169.68285380547053, 166.95132503444538, 166.0594564801194, 166.41663239409166, 168.48294649587731, 173.30271054871844, 179.72698906099382, 181.48555290406796, 180.50983907600084, 175.265363561229, 174.6172594328974, 174.71536619943913], "pitch_int": [0.14, 0.15, 0.16, 0.2, 0.21, 0.22, 0.23, 0.28, 0.29, 0.3, 0.32, 0.33, 0.34, 0.35, 0.41, 0.42, 0.43, 0.44, 0.45, 0.46, 0.47, 0.48, 0.49, 0.5, 0.51, 0.52, 0.53, 0.58, 0.6, 0.61, 0.62, 0.63, 0.73, 0.74, 0.75, 0.76, 0.77, 0.78, 0.79, 0.8, 0.81, 0.82, 0.83, 0.84, 0.85, 0.86, 0.87, 0.88, 0.89, 0.9, 0.91, 0.92, 0.93, 0.94, 1.08, 1.09, 1.1, 1.11, 1.12, 1.13, 1.14, 1.15, 1.16, 1.17, 1.18, 1.19, 1.2, 1.21, 1.22, 1.23, 1.24, 1.25, 1.26, 1.27, 1.46, 1.51, 1.52, 1.53, 1.54, 1.55, 1.56, 1.57, 1.58, 1.59, 1.6, 1.61, 1.62, 1.63, 1.64, 1.65, 1.66, 1.67, 1.68, 1.69, 1.85, 1.86, 1.87], "audio_url": "/file_processing/data_out/audio/Speaker6_France_Female_1_19.wav", "textgrid_url": "/file_processing/data_out/textgrid/Speaker6_France_Female_1_19.TextGrid", "labels": ["#", "Le", "", "centre", "commercial", "est", "tout", "droit.", "#"], "label_int": [0.25017, 0.08461999999999997, 0.0042300000000000115, 0.30498000000000003, 0.64, 0.040000000000000036, 0.15999999999999992, 0.2522899999999999, 0.2497100000000001]}