{"filename": "Speaker6_France_Female_1_27", "pitches": [169.84464046379918, 173.10945080243653, 190.7371412331808, 225.46575772471567, 222.44430955635667, 221.03095776377754, 218.65452316225463, 215.91248309649328, 213.22515495199264, 209.77233019265694, 209.12351725057965, 242.23969678543543, 239.58384921304298, 237.4718555744384, 235.78678572423314, 234.46325716450923, 232.57637818694644, 228.8891416541373, 225.9273540447133, 226.94398646736911, 230.09834434837896, 233.7757543854094, 239.86174215637112, 243.309227722122, 244.44437021717187, 244.17589034526398, 241.91038174662907, 238.94084622972338, 235.75102404639804, 231.05592280970723, 221.03876236788096, 244.48329002731015, 242.95446687347533, 241.3892334971031, 239.47363050230558, 238.95211038380046, 237.62269296744876, 235.96793022186944, 234.22748166383798, 231.00054058328826, 227.3188651194908, 223.35304478147117, 220.4432423884751, 217.86242595844212, 215.0522383547543, 211.6087730780797, 210.10495594468225, 212.4498812706576, 221.0445063251259, 228.60680255097458, 234.09783590342198, 237.1151170974856, 240.18844724465163, 242.95954332349874, 245.2507244480193, 246.40726559493285, 246.29546234352915, 244.18291358089635, 241.7942591213658, 241.0960712472273, 243.52905324064784, 241.9226030052023, 210.72623751311625, 207.73621261652437, 206.11938835110442, 204.7868264094426, 203.27700242773406, 201.7953912005916, 200.0753946405756, 198.36442624315907, 196.99061523394528, 195.44633714543733, 193.31112002589174, 190.81184220664966, 187.5940093198432, 185.33979768050497, 195.90549376568595, 195.17003741183856, 194.23658655706976, 197.07501407377578, 199.62318872597444, 198.9914594186978, 197.47653367166959, 196.2717916636401, 194.83529048436884, 193.6181768983201, 191.73742661691875, 188.4995551309997, 185.81841801970924, 198.30854533108595, 196.73823881319922, 196.5697603151421, 254.94769235461544, 250.76058304999344, 251.97541487312108, 253.5879776796789, 255.12470367105118, 259.43578230078094, 269.13629942719825, 273.6420487075706, 283.1501565226698, 293.84677999925805, 298.7305507064588, 301.976723595514, 304.87485052128034, 256.6282340523199], "pitch_int": [0.18, 0.19, 0.24, 0.3, 0.31, 0.32, 0.33, 0.34, 0.35, 0.36, 0.37, 0.44, 0.45, 0.46, 0.47, 0.48, 0.49, 0.5, 0.51, 0.52, 0.53, 0.54, 0.55, 0.56, 0.57, 0.58, 0.59, 0.6, 0.61, 0.62, 0.64, 0.72, 0.73, 0.74, 0.75, 0.76, 0.77, 0.78, 0.79, 0.8, 0.81, 0.82, 0.83, 0.84, 0.85, 0.86, 0.87, 0.88, 0.89, 0.9, 0.91, 0.92, 0.93, 0.94, 0.95, 0.96, 0.97, 0.98, 0.99, 1.0, 1.02, 1.03, 1.09, 1.1, 1.11, 1.12, 1.13, 1.14, 1.15, 1.16, 1.17, 1.18, 1.19, 1.2, 1.21, 1.22, 1.28, 1.29, 1.3, 1.31, 1.32, 1.33, 1.34, 1.35, 1.36, 1.37, 1.38, 1.39, 1.4, 1.43, 1.44, 1.45, 1.49, 1.5, 1.51, 1.52, 1.53, 1.54, 1.55, 1.56, 1.57, 1.58, 1.59, 1.6, 1.61, 1.83], "audio_url": "/file_processing/data_out/audio/Speaker6_France_Female_1_27.wav", "textgrid_url": "/file_processing/data_out/textgrid/Speaker6_France_Female_1_27.TextGrid", "labels": ["#", "On", "", "se", "retrouve", "\u00e0", "20", "heures,", "d'accord?", "#"], "label_int": [0.25045, 0.08250000000000002, 0.010579999999999978, 0.15647, 0.31999999999999995, 0.040000000000000036, 0.2400000000000001, 0.18999999999999995, 0.41999999999999993, 0.25]}