{"filename": "Speaker9_France_Male_2_25", "pitches": [103.69885508361452, 103.36667161238381, 104.49679458312167, 107.50831484464344, 108.98015706036028, 109.52106896837884, 110.4960183409847, 112.33224261650602, 114.15051004341038, 115.47847511474843, 116.2045615707249, 116.64408448475217, 116.68363930217177, 116.28314852929003, 115.41780948321089, 114.86020656372031, 114.74505375266489, 114.56804022833228, 114.07681620833034, 113.10013575698555, 112.44136949065361, 112.35386013889014, 113.0280983067641, 115.59516990486696, 119.7743690472293, 122.02309418484043, 122.39565529959593, 122.5241154838251, 122.12925346915748, 121.72358837875477, 120.25308910630754, 119.53398802700066, 119.25626561565056, 120.85603222532377, 141.0556838253169, 140.83852866647766, 138.61482970867388, 136.6134855400953, 134.29749754718597, 132.41864341008386, 131.09452208240262, 130.21209745012723, 128.95841797329086, 127.4165711295037, 126.15672434836983, 124.75681086098044, 123.55501467247855, 122.17451117119715, 119.98161557653597, 118.5192730702363, 119.48583368404918, 125.6358233944924, 123.7734425876931, 122.90306269631044, 122.98201008036321, 122.90373299891684, 123.02086272456252, 123.25145989226506, 122.8559576001684, 121.23914724973247, 119.01279087593137, 118.06028422496978, 117.51813882521715, 117.04929084749928, 116.17220513166737, 115.64170302707552, 116.27818261921072, 117.40945816691166, 119.43884944026874, 121.21994533903583, 132.1873116769413, 133.9166090018972, 135.331989852685, 137.34653856154662, 139.9390191611236, 145.2832831634956, 150.94123640244112, 157.1485132685052, 164.22689219399726, 168.51117388475166, 173.58077561090363, 175.42405580911696, 175.8207672059948, 175.04755511570875, 171.87571319577486, 135.21594655501184, 135.10844764212038, 134.8093824163688, 134.45171374524904, 133.3314302151342, 131.0721505769538, 129.42913833952514, 158.0647372786488, 157.92627448780325, 158.00729982198624, 158.72197299420293, 161.0888645479356, 163.70149696110792, 165.94922339501232, 168.2432243287599, 169.52322731336594, 169.16971853670944, 166.32770022491496, 163.91537561300382, 637.9920893230176], "pitch_int": [0.36, 0.37, 0.38, 0.39, 0.4, 0.41, 0.42, 0.43, 0.44, 0.45, 0.46, 0.47, 0.48, 0.49, 0.5, 0.51, 0.52, 0.53, 0.54, 0.55, 0.56, 0.57, 0.58, 0.59, 0.6, 0.61, 0.62, 0.63, 0.64, 0.65, 0.66, 0.67, 0.68, 0.7, 0.76, 0.77, 0.78, 0.79, 0.8, 0.81, 0.82, 0.83, 0.84, 0.85, 0.86, 0.87, 0.88, 0.89, 0.9, 0.91, 0.92, 1.01, 1.02, 1.03, 1.04, 1.05, 1.06, 1.07, 1.08, 1.09, 1.1, 1.11, 1.12, 1.13, 1.14, 1.15, 1.16, 1.17, 1.18, 1.19, 1.2, 1.21, 1.22, 1.23, 1.24, 1.25, 1.26, 1.27, 1.28, 1.29, 1.3, 1.31, 1.32, 1.33, 1.34, 1.43, 1.44, 1.45, 1.46, 1.47, 1.48, 1.49, 1.65, 1.66, 1.67, 1.68, 1.69, 1.7, 1.71, 1.72, 1.73, 1.74, 1.75, 1.76, 2.0], "audio_url": "/file_processing/data_out/audio/Speaker9_France_Male_2_25.wav", "textgrid_url": "/file_processing/data_out/textgrid/Speaker9_France_Male_2_25.TextGrid", "labels": ["#", "Tu", "viens", "avec", "nous", "au", "cin\u00e9ma", "#", "le", "soir?", "#"], "label_int": [0.25, 0.13, 0.12, 0.27, 0.07999999999999996, 0.050000000000000044, 0.44000000000000006, 0.08999999999999986, 0.06000000000000005, 0.28271, 0.2492899999999998]}