{"filename": "Speaker4_France_Male_1_6", "pitches": [234.38636208392637, 236.22680224389717, 235.3320721700555, 98.76523454728337, 97.82494484323095, 97.00529934760229, 95.80970479703639, 96.24017930572586, 98.99987755526132, 102.78709989015768, 104.75537394206745, 105.1336119764211, 104.93449841100377, 104.48594011616363, 103.99402126553696, 103.32628250891615, 111.59725655356242, 116.14828530997355, 124.07520540268003, 113.11317493428255, 111.68956968769778, 110.66495397181092, 110.47189250908035, 111.05456547803563, 111.77603305423085, 112.02258685763113, 111.89641168291564, 111.51279847651607, 111.31125070495807, 111.08289985897166, 110.67682327545704, 110.12724336442773, 109.56165244915731, 109.81186850345796, 111.84856857458308, 116.23366227675568, 119.1986906452611, 122.26730582572578, 125.08268588799154, 129.4220488464825, 133.6274626267596, 142.1858935561125, 147.48506881090424, 151.82476047104635, 157.52266944512144, 164.4124620108643, 169.1788705369547, 175.06471182325237, 178.21398576689796, 180.6762307299353, 181.30332563266475, 179.5415398767227, 177.16041190425557, 173.3958325529032, 168.16774018035477, 162.3074882387905, 156.18237767723787, 151.82277426754868, 134.95331652729033, 131.41802199210088, 125.0285897954973, 118.77900620978494, 113.41679984583143, 110.31208017337536, 107.77687826304039, 105.36522603584638, 102.80129113388924, 99.70203104123392, 99.05763235756326, 100.7695481682932, 101.65287506356181, 101.54374037870774, 101.46183306799288, 101.64248091318007, 100.70455787849272, 99.08336340594333, 97.64585532239909, 96.4030749157496, 95.0079247830797, 93.54261584384005, 92.54550908508065, 91.8339103894268, 91.39735704065583, 90.97354028430244, 90.54160139661533, 90.27868896273085, 89.99316481927798, 90.27086995254692, 90.3859224115262, 89.95858930389241, 89.59210712504047, 88.69227939060448, 93.28370122962247, 93.0305578955309, 94.42476154527567, 95.90936419453271, 100.55527362400916, 110.6905664834494, 120.09898507932849, 143.22601643478555, 185.58696888164778], "pitch_int": [0.16, 0.17, 0.18, 0.29, 0.3, 0.31, 0.32, 0.33, 0.34, 0.35, 0.36, 0.37, 0.38, 0.39, 0.4, 0.41, 0.47, 0.48, 0.49, 0.53, 0.54, 0.55, 0.56, 0.57, 0.58, 0.59, 0.6, 0.61, 0.62, 0.63, 0.64, 0.65, 0.66, 0.67, 0.68, 0.69, 0.7, 0.71, 0.72, 0.73, 0.74, 0.75, 0.76, 0.77, 0.78, 0.79, 0.8, 0.81, 0.82, 0.83, 0.84, 0.85, 0.86, 0.87, 0.88, 0.89, 0.9, 0.91, 0.93, 0.94, 0.95, 0.96, 0.97, 0.98, 0.99, 1.0, 1.01, 1.02, 1.03, 1.04, 1.05, 1.06, 1.07, 1.08, 1.09, 1.1, 1.11, 1.12, 1.13, 1.14, 1.15, 1.16, 1.17, 1.18, 1.19, 1.2, 1.21, 1.22, 1.23, 1.24, 1.25, 1.26, 1.42, 1.43, 1.44, 1.45, 1.46, 1.47, 1.48, 1.5, 1.67], "audio_url": "/file_processing/data_out/audio/Speaker4_France_Male_1_6.wav", "textgrid_url": "/file_processing/data_out/textgrid/Speaker4_France_Male_1_6.TextGrid", "labels": ["#", "Vous", "\u00eates", "anglais", "ou", "am\u00e9ricain?", "#"], "label_int": [0.25, 0.10999999999999999, 0.17000000000000004, 0.32999999999999996, 0.12, 0.5300400000000001, 0.24995999999999996]}