{"filename": "Speaker6_France_Female_2_7", "pitches": [225.58369704467097, 223.57623682336816, 221.58173706359847, 219.21825959935742, 216.9170138219654, 214.52259023111483, 211.06604851982274, 210.92292350727902, 214.29119129191469, 221.75398446174944, 225.60834626823916, 228.37079901408518, 229.38099756333017, 229.12517946454128, 227.19213415808866, 225.44319490809298, 223.758602722213, 222.75871242470376, 219.88410129231136, 219.59082813519655, 225.49716797262394, 225.26397989102543, 226.56406594277823, 230.66688252136225, 226.8693881481536, 225.66858860262843, 223.61833554375184, 221.5694944371269, 218.4650520231995, 216.23911674743454, 214.8983091126877, 213.60825256703203, 212.75957611542438, 212.6045118941305, 212.8094193998433, 213.16942567238374, 211.94572354726532, 209.87615274338268, 208.03118217602403, 205.85501137237603, 202.65044097665523, 200.1560662542448, 197.9622295901898, 199.8168114506069, 211.81479869830656, 212.47180115156095, 213.57599219522143, 214.34043791030987, 216.37046696647874, 219.93322325427795, 225.10881572476788, 236.7119264434642, 244.948163947695, 253.66868632596243, 261.0478264713542, 268.2876159305688, 272.0390186442016, 274.1690608554934, 276.5813286865977, 279.73186265611724, 285.4357513118891, 288.44099636001107, 288.0733415808809, 285.8020567350827, 283.38861120164324, 279.47622982709566, 276.3135097893303, 274.0466667486925, 272.0050100127452, 269.4951164112422, 266.09187063778603, 261.68686622153007, 256.6049181562445, 248.0226670231471, 244.5671266188779, 241.3863972502386, 239.15311912953928, 236.55109645785546, 235.78960641863216, 235.18665223953985, 234.02269124747238, 231.43753810348326, 228.11516197087425, 224.66181033318432, 221.9127976850672, 220.9033855253945, 220.26419417509302, 218.37753649841827, 214.24503463069894, 208.2002915414949, 203.726522322129, 201.5259173059329, 200.4294927534392, 199.64786923914178, 199.02201297820298, 198.27669069496375, 208.79273087673457, 204.74160975640416, 203.13089018723034, 201.720655256788, 198.35527167104937, 195.82506310390588, 194.36027287906856, 194.2945931559596, 196.34707088492607, 200.84418877459672, 205.62764129656884, 208.09561056295703, 210.10721253342385, 214.33020565070865, 217.24037593301495, 203.22292015260376, 197.78071145265022, 203.13138341242532, 201.49246848907683, 200.04818797853312, 197.4966336962518], "pitch_int": [0.27, 0.28, 0.29, 0.3, 0.31, 0.32, 0.33, 0.34, 0.35, 0.36, 0.37, 0.38, 0.39, 0.4, 0.41, 0.42, 0.43, 0.44, 0.45, 0.46, 0.48, 0.49, 0.5, 0.53, 0.54, 0.55, 0.56, 0.57, 0.58, 0.59, 0.6, 0.61, 0.62, 0.63, 0.64, 0.65, 0.66, 0.67, 0.68, 0.69, 0.7, 0.71, 0.72, 0.73, 0.75, 0.76, 0.77, 0.78, 0.79, 0.8, 0.81, 0.82, 0.83, 0.84, 0.85, 0.86, 0.87, 0.88, 0.89, 0.9, 0.91, 0.92, 0.93, 0.94, 0.95, 0.96, 0.97, 0.98, 0.99, 1.0, 1.01, 1.02, 1.03, 1.04, 1.05, 1.06, 1.07, 1.08, 1.09, 1.1, 1.11, 1.12, 1.13, 1.14, 1.15, 1.16, 1.17, 1.18, 1.19, 1.2, 1.21, 1.22, 1.23, 1.24, 1.25, 1.26, 1.35, 1.36, 1.37, 1.38, 1.39, 1.4, 1.41, 1.42, 1.43, 1.44, 1.45, 1.46, 1.47, 1.48, 1.49, 1.54, 1.61, 1.64, 1.65, 1.66, 1.67], "audio_url": "/file_processing/data_out/audio/Speaker6_France_Female_2_7.wav", "textgrid_url": "/file_processing/data_out/textgrid/Speaker6_France_Female_2_7.TextGrid", "labels": ["#", "Vous", "\u00eates", "anglais", "ou", "am\u00e9ricain?", "#"], "label_int": [0.25, 0.12, 0.17000000000000004, 0.36, 0.039999999999999925, 0.5635600000000001, 0.24943999999999988]}