{"filename": "Speaker8_France_Female_2_23", "pitches": [219.47062332785805, 218.48965670564755, 216.78142201074766, 215.11919391869588, 213.12455273434483, 209.61568030231007, 206.34060008620398, 204.09312617669036, 191.87575285800477, 190.07189118441246, 188.46242351574747, 185.9432802857429, 182.1883638335402, 176.56458493521282, 172.8146524359878, 169.53954946851286, 166.27084470178968, 166.11295818920996, 208.2344045098406, 214.4590565211216, 220.8123771166075, 226.52464935120005, 232.82747020939297, 239.09378828749675, 245.25502169064254, 252.62144951609685, 260.84199862430995, 267.8225284753088, 270.18099825484944, 268.77614943982854, 266.6267436547141, 323.0667262798289, 319.6780306925862, 317.85305893264047, 316.7614948560106, 313.94905380806415, 307.6601123472685, 301.60973995314004, 300.3654568636575, 310.606032984282, 307.83985570655307, 304.99719897536454, 298.97988805281494, 293.7777905156387, 286.78110642012405, 275.55617611655566, 272.4163427542544, 270.3926038103929, 268.0931278025941, 264.9960070726018, 262.4438409110753, 260.74674383017464, 260.29988488003244, 261.37853514033833, 264.18982931326946, 267.5425373985971, 270.00048658679, 270.6939560704866, 268.7009492500967, 264.6050508746432, 272.67036060095876, 253.38666592065806, 246.90226033592353, 243.14300702735565, 238.86664235142305, 232.31960006510053, 223.23705051399017, 208.64459142185774, 203.57670759920492, 199.41079058011098, 195.10927561529172, 190.07846363872414, 185.7363454809496, 180.93141260657723, 177.3905568011679, 176.46876457415783, 179.53788228767723, 179.29490657372398, 179.12311193011814, 178.4808135028864, 177.52082168264027, 176.1413196237549, 174.77203661310315, 173.26697263000972, 171.70791765673687, 170.09620514618294, 168.83803007883097, 168.1747635826967, 170.7940080335624, 173.97645812986667, 175.76929566613455, 175.4357618848368, 173.76609949006797, 161.51947417859276, 161.20711238902373, 161.7036886430884, 161.2605249697866, 160.07630874524165, 158.3019438174335, 156.57236432206042, 155.15008068090043, 152.9335013508852, 150.09878151795888, 147.69614011442687, 144.19343026283116, 135.5157708381912, 133.76865008302318, 131.29570530538248, 129.2698882096703, 127.37011579563232, 125.76994069540194, 124.50205166956636, 123.75933692102893], "pitch_int": [0.32, 0.33, 0.34, 0.35, 0.36, 0.37, 0.38, 0.39, 0.5, 0.51, 0.52, 0.53, 0.54, 0.55, 0.56, 0.57, 0.58, 0.59, 0.63, 0.64, 0.65, 0.66, 0.67, 0.68, 0.69, 0.7, 0.71, 0.72, 0.73, 0.74, 0.75, 0.85, 0.86, 0.87, 0.88, 0.89, 0.9, 0.91, 0.92, 1.04, 1.05, 1.06, 1.07, 1.08, 1.09, 1.1, 1.11, 1.12, 1.13, 1.14, 1.15, 1.16, 1.17, 1.18, 1.19, 1.2, 1.21, 1.22, 1.23, 1.24, 1.27, 1.31, 1.32, 1.33, 1.34, 1.35, 1.36, 1.49, 1.5, 1.51, 1.52, 1.53, 1.54, 1.55, 1.56, 1.57, 1.6, 1.61, 1.7, 1.71, 1.72, 1.73, 1.74, 1.75, 1.76, 1.77, 1.78, 1.79, 1.8, 1.81, 1.82, 1.83, 1.84, 1.86, 1.87, 1.88, 1.89, 1.9, 1.91, 1.92, 1.93, 1.94, 1.95, 1.96, 2.12, 2.13, 2.14, 2.15, 2.16, 2.17, 2.18, 2.19, 2.2], "audio_url": "/file_processing/data_out/audio/Speaker8_France_Female_2_23.wav", "textgrid_url": "/file_processing/data_out/textgrid/Speaker8_France_Female_2_23.TextGrid", "labels": ["#", "Je", "", "suis", "impressionn\u00e9e", "par", "ta", "progression.", "#"], "label_int": [0.25056, 0.10303000000000001, 0.014409999999999978, 0.26, 0.62, 0.17999999999999994, 0.1200000000000001, 0.68825, 0.24975000000000014]}