{"filename": "Speaker5_Africa_Male_3_12", "pitches": [203.1246921165575, 122.47684277344271, 118.57964207460108, 116.06513738375631, 114.44652222535902, 113.18860593915738, 112.09503945957694, 110.88404149436117, 109.32722510644737, 108.06056630637573, 106.51335116928078, 104.76265221875397, 101.83466600089842, 114.68031710550468, 115.47253220328132, 115.92980200923726, 116.7096274355626, 118.12194586067442, 119.98456202896872, 121.78829827829145, 124.47487912695323, 127.27654187462679, 131.37325208281146, 135.1935286231703, 138.7064711153369, 141.82390103436683, 143.7184674108628, 145.59661439175014, 115.54767930916326, 113.51075583837256, 111.00006867734967, 108.4076999842581, 101.76553040993787, 101.95815691472399, 102.2547123582455, 102.44765193885888, 102.53392653158141, 102.17744617104927, 101.07019485189497, 99.92009626658361, 134.39988030070555, 133.39276540254343, 131.12916582067933, 130.34935068488983, 129.44871254265666, 128.11812595416404, 127.23440850609315, 127.62192802513079, 128.15459739101578, 129.03682191865798, 129.83191254021773, 130.51670416753424, 130.92548111267752, 130.93241250108852, 130.82436150009426, 130.933052784678, 131.02116515121656, 131.18154474993017, 131.55864394464214, 131.9560168396524, 132.408774394376, 132.19821995473362, 131.78961443434684, 130.6730375234836, 125.35371394067846, 125.2361341759452, 127.24701743664744, 129.95819165417896, 113.33141670846594, 113.3573034702291, 115.17701903123691, 115.26394219487514, 115.22407936067313, 114.47333806568247, 113.98126288608938, 113.03234757611314, 112.45590647279401, 111.72296359561645, 111.21710754790806, 110.90334892831055, 110.79300364091301, 110.71954207064935, 110.83119913726028, 111.06374764492237, 110.90108118929021, 110.52679378402476, 123.36686966968779, 126.16814151680641, 127.2878352406395, 128.14788378186088, 112.59909689955576, 110.68049880597192, 107.58696252265534, 104.16071670740328, 101.19530905025663, 98.71741816754037, 97.94982846429096, 97.14894819740694, 95.24549002399462, 92.47092335139861, 91.00396211620811, 138.82262267359943, 156.91084060952736, 159.02845279745776, 161.44557147110874], "pitch_int": [0.05, 0.3, 0.31, 0.32, 0.33, 0.34, 0.35, 0.36, 0.37, 0.38, 0.39, 0.4, 0.41, 0.43, 0.44, 0.45, 0.46, 0.47, 0.48, 0.49, 0.5, 0.51, 0.52, 0.53, 0.54, 0.55, 0.56, 0.57, 0.7, 0.71, 0.72, 0.73, 0.76, 0.77, 0.78, 0.79, 0.8, 0.81, 0.82, 0.83, 0.97, 0.98, 0.99, 1.0, 1.01, 1.02, 1.03, 1.04, 1.05, 1.06, 1.07, 1.08, 1.09, 1.1, 1.11, 1.12, 1.13, 1.14, 1.15, 1.16, 1.17, 1.18, 1.19, 1.2, 1.22, 1.23, 1.24, 1.25, 1.29, 1.3, 1.31, 1.32, 1.33, 1.34, 1.35, 1.36, 1.37, 1.38, 1.39, 1.4, 1.41, 1.42, 1.43, 1.44, 1.45, 1.46, 1.52, 1.53, 1.54, 1.6, 1.63, 1.64, 1.65, 1.66, 1.67, 1.68, 1.69, 1.7, 1.71, 1.72, 1.73, 1.8, 1.84, 1.85, 1.86], "audio_url": "/file_processing/data_out/audio/Speaker5_Africa_Male_3_12.wav", "textgrid_url": "/file_processing/data_out/textgrid/Speaker5_Africa_Male_3_12.TextGrid", "labels": ["#", "Paris,", "c'est", "le", "#", "c\u0153ur", "#", "du", "#", "pays.", "#"], "label_int": [0.25, 0.31000000000000005, 0.18999999999999995, 0.08999999999999997, 0.10999999999999999, 0.25, 0.09000000000000008, 0.17999999999999994, 0.09000000000000008, 0.30481, 0.2491899999999998]}