{"filename": "Speaker8_France_Female_1_19", "pitches": [194.38324817018537, 193.47003037925563, 190.2538638810488, 187.15401992814992, 183.6679087766368, 179.81908174255784, 176.04684016701827, 174.81086471753383, 172.7266040239038, 260.56270106380015, 263.45352944722026, 265.89619124189136, 269.806029306306, 275.99327940408386, 284.7427338154104, 291.6921833502446, 296.8349569603846, 298.8772495062042, 298.3013184154316, 297.7355250131481, 283.2436508483823, 279.90453277262407, 276.3267760615315, 274.5413961128628, 268.5388493387275, 229.73955507000355, 229.07895105475373, 227.0825144579012, 224.6117597304922, 219.523488590503, 212.6751388089984, 206.63597993803245, 205.55416655705005, 206.36154662113609, 206.10952239809927, 204.5780922644684, 201.39848529324266, 197.7158645333331, 196.11985222203228, 196.19186843621327, 196.99150710941763, 197.51856160353313, 196.79679713100967, 252.95140897687904, 253.56601774272116, 253.87245962054385, 254.50506907353957, 255.30871728502422, 255.6080279438086, 255.16296177932685, 253.91196243588308, 251.27962949701143, 246.0025074985518, 240.18946888795352, 236.42792424851876, 230.33497094584726, 222.70168362991453, 182.76339540034084, 175.82301760810648, 173.30058906681916, 171.59565034460653, 170.37064929882064, 169.35321146319663, 189.17358154696203, 274.26114715970925, 271.22799859361317, 271.27166455883713, 271.28752377378527, 271.45102384993606, 271.00284867808017, 266.2738075728007, 240.7970248381977, 235.71271085731712, 232.47040768662856, 232.37665513937085, 227.95984895401045, 224.40352859963386, 221.90430259732355, 218.12168856245702, 210.4926754328066, 207.3700852286812, 198.84010249258773, 181.71255474001805, 178.13475800194826, 176.21060027180175, 173.31254234896033, 171.004820869599, 168.13694733335043, 164.92590116666005, 163.15664906600207, 161.84022322786478, 160.81102175798583, 158.9818450175169, 157.24102563630234, 155.54839463683567, 149.91620566317886], "pitch_int": [0.25, 0.26, 0.27, 0.28, 0.29, 0.3, 0.31, 0.32, 0.33, 0.4, 0.41, 0.42, 0.43, 0.44, 0.45, 0.46, 0.47, 0.48, 0.49, 0.5, 0.6, 0.61, 0.62, 0.63, 0.64, 0.72, 0.73, 0.74, 0.75, 0.76, 0.77, 0.78, 0.79, 0.8, 0.81, 0.82, 0.83, 0.84, 0.85, 0.86, 0.87, 0.88, 0.89, 1.03, 1.04, 1.05, 1.06, 1.07, 1.08, 1.09, 1.1, 1.11, 1.12, 1.13, 1.14, 1.15, 1.16, 1.19, 1.2, 1.21, 1.22, 1.23, 1.24, 1.3, 1.38, 1.39, 1.4, 1.41, 1.42, 1.43, 1.44, 1.46, 1.47, 1.48, 1.49, 1.5, 1.51, 1.52, 1.53, 1.54, 1.55, 1.56, 1.57, 1.58, 1.59, 1.6, 1.61, 1.62, 1.63, 1.64, 1.65, 1.66, 1.67, 1.68, 1.69, 1.7], "audio_url": "/file_processing/data_out/audio/Speaker8_France_Female_1_19.wav", "textgrid_url": "/file_processing/data_out/textgrid/Speaker8_France_Female_1_19.TextGrid", "labels": ["#", "Le", "#", "centre", "commercial", "est", "tout", "droit.", "#"], "label_int": [0.251, 0.06, 0.030000000000000027, 0.32, 0.5, 0.07000000000000006, 0.21999999999999997, 0.28435999999999995, 0.24964000000000008]}