{"filename": "Speaker8_France_Female_3_23", "pitches": [220.92230576224435, 220.0273945820987, 216.3392692040908, 214.11539642060123, 211.1694038129492, 207.3130171195891, 204.3324616283744, 175.70076020628386, 174.55447634832086, 173.64388301092794, 172.70503156941805, 171.93264167660345, 170.5651052845859, 168.19932353262655, 165.73960451527282, 163.49288049471022, 161.60367804308095, 160.1747737484578, 160.25117121245194, 162.2857261729535, 167.20765119586162, 235.21288543772326, 243.00910793717844, 251.73722257840245, 260.30901322788003, 270.91266975575843, 287.36142131267906, 296.6832697382548, 304.20573315970034, 309.3577690900515, 311.20242547437647, 308.5203740055256, 302.97757038039884, 303.4517086657369, 305.6640647231071, 329.7077022146869, 322.37836740675573, 316.93268913105834, 315.29532222441213, 312.2029473293255, 302.16407742140814, 295.73321882896056, 276.1517415478395, 272.04952863862434, 269.93551958823923, 267.66207161967776, 262.98879635201536, 258.7306699197144, 253.36016043950855, 244.22721103021829, 238.63099038635767, 235.45734510874044, 233.7839337510913, 232.43513265139782, 231.75589470242977, 231.1192967245375, 230.45463030306396, 229.93719876542085, 229.49261270517928, 228.51902061277423, 226.58524436892534, 223.2541193171324, 220.10267680400656, 219.89627148123304, 220.38506458511196, 218.1684003249852, 214.20368652772135, 212.08781330326588, 209.29509526893756, 207.21364393533173, 204.93821358872304, 203.04723694747173, 200.2131221197223, 195.52960657796095, 189.15675290275686, 183.44579149999075, 178.42022483369016, 177.1726395149739, 176.3618890952765, 175.03543528690238, 173.57532573509403, 171.91702707966948, 169.0968410587878, 166.34661102052382, 164.95060905775077, 163.89863011264606, 164.0947878054503, 164.9444388017196, 169.33006356425113, 166.45213205914996, 165.13580754098118, 164.3121075356284, 163.5570381554375, 162.65168886502937, 161.4227933883236, 160.12902092633624, 158.7406686733575, 156.8716834506512, 154.3491296196726, 142.46445127057598, 138.75843870821168, 136.44777026736395, 134.72137037371257, 131.13468644853094, 127.14320627880807, 124.01664666598101, 122.61346686655307], "pitch_int": [0.31, 0.32, 0.33, 0.34, 0.35, 0.36, 0.37, 0.49, 0.5, 0.51, 0.52, 0.53, 0.54, 0.55, 0.56, 0.57, 0.58, 0.59, 0.6, 0.61, 0.62, 0.68, 0.69, 0.7, 0.71, 0.72, 0.73, 0.74, 0.75, 0.76, 0.77, 0.78, 0.79, 0.8, 0.81, 0.9, 0.91, 0.92, 0.93, 0.94, 0.95, 0.96, 1.09, 1.1, 1.11, 1.12, 1.13, 1.14, 1.15, 1.16, 1.17, 1.18, 1.19, 1.2, 1.21, 1.22, 1.23, 1.24, 1.25, 1.26, 1.27, 1.28, 1.31, 1.32, 1.36, 1.37, 1.38, 1.39, 1.4, 1.41, 1.56, 1.57, 1.58, 1.59, 1.6, 1.61, 1.62, 1.77, 1.78, 1.79, 1.8, 1.81, 1.82, 1.83, 1.84, 1.85, 1.86, 1.87, 1.91, 1.92, 1.93, 1.94, 1.95, 1.96, 1.97, 1.98, 1.99, 2.0, 2.01, 2.17, 2.18, 2.19, 2.2, 2.21, 2.22, 2.23, 2.24], "audio_url": "/file_processing/data_out/audio/Speaker8_France_Female_3_23.wav", "textgrid_url": "/file_processing/data_out/textgrid/Speaker8_France_Female_3_23.TextGrid", "labels": ["#", "Je", "", "suis", "impressionn\u00e9e", "par", "ta", "progression.", "#"], "label_int": [0.25059, 0.08599000000000001, 0.011419999999999986, 0.32000000000000006, 0.63, 0.17999999999999994, 0.13000000000000012, 0.6634500000000001, 0.24954999999999972]}