{"filename": "Speaker2_Spain_Male_1_7", "pitches": [137.39360315637057, 137.60388154918041, 137.68819703703662, 137.97556119818597, 138.3210576219668, 138.2199712460468, 137.9027388704822, 137.36303740878898, 136.76506385343265, 135.98719327686408, 135.0570111168844, 133.62702515997535, 130.83509399742462, 137.16970736582712, 138.58201923720276, 138.19178258250037, 137.52306537465466, 137.52439924811333, 137.4476061036397, 136.0490249041663, 134.50961889022102, 133.02846500930886, 131.36648812795522, 130.0292046701863, 129.3146655153148, 128.70066132596946, 128.32301620814437, 128.26778362752356, 128.01644516950572, 126.88394144721565, 125.83171381183666, 124.17700276589233, 121.8920144991742, 116.2543568649752, 117.1082240591712, 117.33707328011354, 116.99029930956128, 116.43127018380959, 115.97141036655685, 115.62950891417499, 115.47633865409601, 115.6373101833136, 115.65399332448479, 115.28234248346529, 115.26210076321378, 115.48367946197973, 115.84094155486534, 116.57158219418703, 117.67841570863, 118.85257717061594, 120.53606564268968, 123.23934235976024, 125.23497575995464, 127.26373980116597, 129.57749768927562, 132.20790240010328, 135.83684413598166, 143.7423728298722, 150.43834766395543, 154.2005842325629, 156.2056947742914, 157.40933526385123, 157.33289835310882, 156.66023927690927, 155.76592299987993, 153.77558657472176, 150.1238252270058, 145.11278979146252, 138.96881681512977, 135.2162989232134, 131.82983419456806, 129.09354956639913, 125.95328951814741, 124.47473324205225, 123.16000386514928, 122.613154798711, 122.72464552967661, 122.37152293109273, 121.5574929805456, 121.02670157599243, 120.65929738784698, 121.234352714035, 121.44831548559591, 120.95478132404614, 120.26395773508065, 121.03938177890822, 121.12245982954221, 120.94074919846821, 120.45016822165974, 119.79980507379511, 118.96519034189198, 117.59723513629966, 116.52268038723933, 115.51600270688618, 114.24095065581405, 113.74650549264645, 113.89646035934337, 115.07826646617917, 116.48279103933424, 116.34960584713747, 115.73483857355814, 115.0822494614018, 114.31665618322262, 112.82930336183892, 110.94328762695409, 115.02490059260786, 114.72343787465675, 115.16891473834313, 115.71762166690142, 116.15249728227474], "pitch_int": [0.75, 0.76, 0.77, 0.78, 0.79, 0.8, 0.81, 0.82, 0.83, 0.84, 0.85, 0.86, 0.87, 0.9, 0.91, 0.92, 0.93, 0.94, 0.97, 0.98, 0.99, 1.0, 1.01, 1.02, 1.03, 1.04, 1.05, 1.06, 1.07, 1.08, 1.09, 1.1, 1.11, 1.2, 1.23, 1.24, 1.25, 1.26, 1.27, 1.28, 1.29, 1.3, 1.31, 1.32, 1.33, 1.34, 1.35, 1.36, 1.37, 1.38, 1.39, 1.4, 1.41, 1.42, 1.43, 1.44, 1.45, 1.46, 1.47, 1.48, 1.49, 1.5, 1.51, 1.52, 1.53, 1.54, 1.55, 1.56, 1.57, 1.58, 1.59, 1.6, 1.61, 1.62, 1.63, 1.64, 1.65, 1.66, 1.67, 1.68, 1.69, 1.7, 1.71, 1.72, 1.73, 1.74, 1.75, 1.76, 1.77, 1.78, 1.79, 1.8, 1.81, 1.82, 1.83, 1.84, 1.85, 1.86, 1.87, 1.88, 1.89, 1.9, 1.91, 1.92, 1.93, 1.97, 1.98, 1.99, 2.0, 2.01], "audio_url": "/file_processing/data_out/audio/Speaker2_Spain_Male_1_7.wav", "textgrid_url": "/file_processing/data_out/textgrid/Speaker2_Spain_Male_1_7.TextGrid", "labels": ["#", "#", "Vous", "\u00eates", "anglais", "ou", "am\u00e9ricain?", "#"], "label_int": [0.25, 0.42000000000000004, 0.30999999999999994, 0.19999999999999996, 0.3600000000000001, 0.1399999999999999, 0.6619300000000001, 0.24907000000000012]}