{"filename": "Speaker8_France_Female_2_13", "pitches": [374.8047998478054, 373.61553947357845, 374.847884377781, 373.3336320522631, 370.214482954994, 355.87818302499835, 352.63290853712675, 328.46028756965904, 328.92417730157, 327.7218510924553, 325.94804802362114, 324.9716754633857, 321.5631154965758, 316.6132877392057, 266.1585726927008, 256.44218209844433, 252.74941732578765, 250.34232550279344, 248.5925754517164, 250.1152109725042, 255.8274696530362, 261.69206510358174, 264.3107978684628, 266.08062852173725, 266.95583075460195, 269.2201429373937, 272.6018853472923, 279.38645399963497, 288.55615385072747, 296.44243584246703, 304.63338456502123, 320.6143500972796, 331.4687282278304, 339.5555498541089, 346.6469875672051, 350.21045319154007, 353.4479506634983, 355.4973258979323, 355.7679730908227, 352.46335451638754, 348.42639741148366, 341.03365442756, 330.3462829711509, 267.6047270376869, 254.50396703372522, 254.92856050959313, 255.23086658219628, 255.78219432980663, 255.73933453698055, 254.304221027437, 251.68304843968744, 246.1160284595062, 245.9576444469348, 253.77372347023478, 256.16397778298585, 258.94386642773253, 261.91093327720637, 264.1913681380103, 266.1230041786106, 267.23188666141306, 266.9641348503748, 265.80735343770226, 263.7795843377642, 261.5951027996464, 258.4506259784133, 255.06932926822657, 267.7757760184967, 263.54001731179284, 286.03792859614936, 280.05745859217495, 279.3725108876095, 279.84614956641036, 278.9801430059323, 276.1522027714815, 272.7560786554902, 271.22832341696994, 272.21386326553466, 272.18238697903195, 270.72511561852957, 268.97849392946455, 266.8193316364891, 266.41885365649193, 266.5358814221383, 266.38940533957464, 266.0990898423637, 265.89944495323226, 265.2115601820463, 263.41804074983946, 260.3194991483795, 254.2152284317926, 180.41045303303252, 177.59837335805614, 175.25402799341924, 173.22984083302288, 171.2051902172456, 167.43541825432322, 163.64855807056117, 160.59509810511872], "pitch_int": [0.3, 0.31, 0.32, 0.33, 0.34, 0.36, 0.38, 0.44, 0.45, 0.46, 0.47, 0.48, 0.49, 0.5, 0.53, 0.54, 0.55, 0.56, 0.57, 0.58, 0.59, 0.6, 0.61, 0.62, 0.63, 0.64, 0.65, 0.66, 0.67, 0.68, 0.69, 0.7, 0.71, 0.72, 0.73, 0.74, 0.75, 0.76, 0.77, 0.78, 0.79, 0.8, 0.81, 0.85, 0.96, 0.97, 0.98, 0.99, 1.0, 1.01, 1.02, 1.03, 1.04, 1.05, 1.06, 1.07, 1.08, 1.09, 1.1, 1.11, 1.12, 1.13, 1.14, 1.15, 1.16, 1.17, 1.2, 1.21, 1.23, 1.24, 1.25, 1.26, 1.27, 1.28, 1.29, 1.3, 1.31, 1.32, 1.33, 1.34, 1.35, 1.36, 1.37, 1.38, 1.39, 1.4, 1.41, 1.42, 1.43, 1.44, 1.58, 1.59, 1.6, 1.61, 1.62, 1.63, 1.64, 1.65], "audio_url": "/file_processing/data_out/audio/Speaker8_France_Female_2_13.wav", "textgrid_url": "/file_processing/data_out/textgrid/Speaker8_France_Female_2_13.TextGrid", "labels": ["#", "Si", "tu", "viens,", "nous", "#", "pourrons", "commencer.", "#"], "label_int": [0.25, 0.10999999999999999, 0.16000000000000003, 0.25, 0.07999999999999996, 0.07000000000000006, 0.2499999999999999, 0.49, 0.25]}