{"filename": "Speaker8_France_Female_3_26", "pitches": [188.22382977465512, 187.6370959288785, 186.84951569406547, 185.24232073903704, 184.11772645271455, 181.88774941797323, 177.67759512041215, 173.60082785230094, 170.54500646007108, 166.14140099401772, 162.82665193894832, 174.51746051149337, 174.06527184571564, 172.30642648836556, 170.55413306141023, 168.85405601092816, 164.9256358858729, 220.21106060099387, 218.97252078767778, 218.33098194309179, 217.83660747445705, 217.44809367506002, 216.7514555806653, 216.43826546780627, 216.15640228301416, 215.22834049369357, 212.63111336180432, 208.5913484076944, 205.19058132862014, 202.16260338491654, 198.9396167508524, 195.93522407584248, 193.58488019969568, 190.89292939217447, 187.32626902522918, 183.74003558208182, 183.09412001159882, 183.5792160416565, 182.48672465971057, 181.57888173205805, 180.92768674560403, 180.0560296815799, 179.22395108801285, 179.09798941162703, 178.7688295780022, 177.8173024163149, 176.06374256082552, 174.4426693243227, 171.97505030057005, 151.20864833882217, 150.75837315444227, 148.41743227072172, 145.4217121766639, 184.44939476046568, 185.7666809452238, 186.44663735229767, 186.82789222312994, 185.78689185121868, 184.03189788345142, 182.04651023512437, 182.19540217856874, 183.64020438666972, 183.8100226126333, 184.15687244049133, 186.10394394172704, 192.12026085381765, 197.11080179136906, 201.02540523233773, 203.95221359813974, 205.1342846045283, 205.1779957329722, 204.2851935803563, 202.41357969048738, 199.4015457964488, 178.40407406432863, 178.050790608891, 175.92144367794216, 176.17410558452787, 175.27105450629708, 173.69842136225196, 171.31937738909335, 168.28926767166112, 167.1915825280825, 167.18502490696648, 166.6754220668248, 165.5558039196029, 164.44077281220763, 163.6591215337756, 162.63171185541805, 161.52835257208017, 159.9918989818657, 158.07406487746144, 156.79817793453904, 151.74093470230756, 150.22192212006024, 148.15143248315837, 145.97699625006982, 142.62838520940102, 139.51991720561676, 137.66066396446814, 135.1514029102265, 132.04343009121254, 128.49248130361332, 125.03822984514085, 125.61608166646744, 128.56838982644175, 129.33742011232664, 129.50798044618676, 86.5097985532178, 85.24643735879664], "pitch_int": [0.36, 0.37, 0.38, 0.39, 0.4, 0.41, 0.42, 0.43, 0.44, 0.45, 0.46, 0.54, 0.55, 0.56, 0.57, 0.58, 0.59, 0.71, 0.72, 0.73, 0.74, 0.75, 0.76, 0.77, 0.78, 0.79, 0.8, 0.81, 0.82, 0.83, 0.84, 0.85, 0.86, 0.87, 0.88, 0.89, 0.9, 1.04, 1.05, 1.06, 1.07, 1.08, 1.09, 1.1, 1.11, 1.12, 1.13, 1.14, 1.15, 1.3, 1.31, 1.32, 1.33, 1.59, 1.6, 1.61, 1.62, 1.63, 1.64, 1.65, 1.66, 1.67, 1.68, 1.69, 1.7, 1.71, 1.72, 1.73, 1.74, 1.75, 1.76, 1.77, 1.78, 1.79, 1.82, 1.93, 1.94, 1.95, 1.96, 1.97, 1.98, 1.99, 2.0, 2.01, 2.02, 2.03, 2.04, 2.05, 2.06, 2.07, 2.08, 2.09, 2.1, 2.27, 2.28, 2.29, 2.3, 2.31, 2.32, 2.33, 2.34, 2.35, 2.36, 2.37, 2.38, 2.39, 2.4, 2.41, 2.53, 2.54], "audio_url": "/file_processing/data_out/audio/Speaker8_France_Female_3_26.wav", "textgrid_url": "/file_processing/data_out/textgrid/Speaker8_France_Female_3_26.TextGrid", "labels": ["#", "Je", "ne", "peux", "pas", "y", "croire,", "c'est", "trop", "beau", "pour", "\u00eatre", "vrai.", "#"], "label_int": [0.25045, 0.08701999999999999, 0.09853, 0.15999999999999998, 0.25, 0.050000000000000044, 0.3003699999999999, 0.14756000000000014, 0.30206999999999984, 0.18691000000000013, 0.22309, 0.29000000000000004, 0.25814000000000004, 0.24985999999999997]}