{"filename": "Speaker5_Africa_Male_1_7", "pitches": [49.3319203156208, 49.09046319815296, 88.82424008918996, 106.13835372311256, 105.49004678413452, 105.30814705261315, 105.59413793846632, 104.8342715443982, 103.55089215110164, 103.26994939893433, 104.18028906751039, 105.98766020090102, 108.12745219330644, 109.20529177506566, 109.87307337582823, 110.19547429512991, 110.14429547797539, 109.91303846904353, 109.29137683217658, 107.90233902497212, 108.12980826833801, 108.84202082963361, 109.30752262050966, 123.64139955978699, 120.83026027568742, 109.16209132685674, 107.3654470390042, 105.50201203862896, 104.04383957011989, 102.78250096285632, 101.9119791833692, 102.30736532318032, 102.94410528470239, 103.37101050017259, 103.64164854371131, 103.94537731541952, 103.80809626414965, 102.94648620624123, 107.72088544759995, 108.82452785674437, 109.66234234355015, 111.36387309029959, 114.97584083588337, 125.16245408159571, 128.20870271163153, 131.91838577539934, 135.7192250118646, 146.5720987317966, 151.32235091463312, 154.9134518456929, 157.7675587051951, 160.3638133826634, 161.285451260667, 160.8291785057547, 158.69712520767212, 156.61122175110927, 155.55040148028672, 154.94591954266286, 154.24103626390757, 153.08874686471265, 151.20409295666923, 149.58786829601715, 147.1280939337316, 136.18849471537774, 128.39118655511533, 124.80391803677834, 123.84735825231675, 122.37987120204158, 120.68975151776698, 118.09274811121811, 115.92721282833912, 113.60695476970845, 111.25819562098332, 109.16844432304025, 107.58842497903791, 105.43655484704047, 106.34271057685041, 105.76400396301521, 103.93979630998076, 102.67922357346733, 101.59771022202561, 100.4297272209109, 99.64716488431038, 99.16798736600686, 98.16622037873165, 97.11540153288075, 95.17952910636365, 94.23886846002007, 93.50086411077146, 92.87412610900263, 92.45465234459843, 91.91016366080399, 98.91077272972385, 112.786513871608, 165.77556951690144, 165.89959699487986, 164.7510812035954], "pitch_int": [0.2, 0.21, 0.38, 0.41, 0.42, 0.43, 0.44, 0.45, 0.46, 0.47, 0.48, 0.49, 0.5, 0.51, 0.52, 0.53, 0.54, 0.55, 0.56, 0.59, 0.6, 0.61, 0.62, 0.64, 0.65, 0.67, 0.68, 0.69, 0.7, 0.71, 0.72, 0.73, 0.74, 0.75, 0.76, 0.77, 0.78, 0.79, 0.84, 0.85, 0.86, 0.87, 0.88, 0.89, 0.9, 0.91, 0.92, 0.93, 0.94, 0.95, 0.96, 0.97, 0.98, 0.99, 1.0, 1.01, 1.02, 1.03, 1.04, 1.05, 1.06, 1.07, 1.08, 1.1, 1.11, 1.12, 1.13, 1.14, 1.15, 1.16, 1.17, 1.18, 1.19, 1.2, 1.21, 1.23, 1.24, 1.25, 1.26, 1.27, 1.28, 1.29, 1.3, 1.31, 1.32, 1.33, 1.34, 1.35, 1.36, 1.37, 1.38, 1.39, 1.4, 1.41, 1.57, 1.58, 1.59], "audio_url": "/file_processing/data_out/audio/Speaker5_Africa_Male_1_7.wav", "textgrid_url": "/file_processing/data_out/textgrid/Speaker5_Africa_Male_1_7.TextGrid", "labels": ["#", "Vous", "\u00eates", "anglais", "ou", "am\u00e9ricain?", "#"], "label_int": [0.25058, 0.25442, 0.15000000000000002, 0.3699999999999999, 0.16000000000000014, 0.4524999999999999, 0.24950000000000006]}