{"filename": "Speaker6_France_Female_1_9", "pitches": [225.4159681294006, 224.26052888061375, 222.73775985904155, 221.2117514340667, 218.63485485209787, 214.4892496147145, 211.06126202186803, 212.29567071174694, 217.6894814501733, 223.98772521891777, 229.04038081090138, 233.93212764928086, 236.96473652193956, 239.79877627476898, 241.2441859425795, 241.54511519469673, 240.77504501741234, 238.88269246739978, 237.07563714656803, 235.32270118326838, 260.626331459683, 257.86254149761936, 254.8313881741407, 251.85145202105872, 247.81089402882387, 245.19084891766312, 243.25647214765073, 241.2419555381064, 239.10925631310678, 235.78048249345062, 216.85344579854603, 216.9798775239418, 217.7831631673138, 217.4271781995589, 216.71960445615355, 215.20211926282946, 211.8290785356167, 209.9644478254768, 208.56587372429317, 217.74230717177727, 218.65151673692827, 220.59895335214122, 240.9746781140389, 239.61188161694565, 239.61876855947372, 241.14380478125685, 243.90879164363935, 249.36719064313178, 254.35599041632545, 259.137535543368, 265.2299985698431, 268.805773415817, 271.1279422390754, 272.668340993615, 273.15492121284285, 273.68568097490885, 237.3765981768381, 229.963666613356, 227.17662168419199, 224.25070432826047, 219.0140876053843, 213.8038946050857, 210.65510271142298, 209.592876689204, 209.82812516327442, 210.3747845182337, 211.14477645590426, 212.61459965838372, 214.35924199440416, 215.383530408689, 215.9205300656204, 215.55838642915106, 216.70977628560453, 221.52311776675742, 227.14612127773134, 233.25441152381927, 237.07279649259252, 240.16946144301673, 241.02476039256427, 241.01615308211305, 239.48235733642778, 238.03218853881475, 234.65211517755674, 234.87692988957798, 235.61600617386605, 237.11198961155674, 236.287347302311, 191.73204558024167, 188.18510634477053, 186.13086842361008, 183.52157302785312, 180.3753424018317, 180.1736511716041, 182.73057454120772, 187.3261388601847, 191.08297611482845, 192.22146770627208, 190.6945936567203, 189.28087182381933], "pitch_int": [0.31, 0.32, 0.33, 0.34, 0.35, 0.36, 0.37, 0.38, 0.39, 0.4, 0.41, 0.42, 0.43, 0.44, 0.45, 0.46, 0.47, 0.48, 0.49, 0.5, 0.6, 0.61, 0.62, 0.63, 0.64, 0.65, 0.66, 0.67, 0.68, 0.69, 0.71, 0.72, 0.73, 0.74, 0.75, 0.76, 0.77, 0.78, 0.79, 0.82, 0.83, 0.84, 0.92, 0.93, 0.94, 0.95, 0.96, 0.97, 0.98, 0.99, 1.0, 1.01, 1.02, 1.03, 1.04, 1.05, 1.4, 1.41, 1.42, 1.43, 1.44, 1.45, 1.46, 1.47, 1.48, 1.49, 1.5, 1.51, 1.52, 1.53, 1.54, 1.55, 1.56, 1.57, 1.58, 1.59, 1.6, 1.61, 1.62, 1.63, 1.64, 1.65, 1.66, 1.69, 1.7, 1.71, 1.72, 1.78, 1.79, 1.8, 1.81, 1.82, 1.83, 1.84, 1.85, 1.86, 1.87, 1.88, 1.89], "audio_url": "/file_processing/data_out/audio/Speaker6_France_Female_1_9.wav", "textgrid_url": "/file_processing/data_out/textgrid/Speaker6_France_Female_1_9.TextGrid", "labels": ["#", "Je", "vais", "faire", "les", "courses", "#", "si", "j'ai", "le", "temps.", "#"], "label_int": [0.25, 0.12, 0.14, 0.17000000000000004, 0.09999999999999998, 0.45999999999999996, 0.08000000000000007, 0.1399999999999999, 0.17999999999999994, 0.030000000000000027, 0.24579000000000018, 0.24920999999999993]}