{"filename": "Speaker5_Africa_Male_1_2", "pitches": [107.06766194261037, 107.56893010005632, 107.80005079913676, 107.43435828562528, 106.60087877681251, 125.48405599274608, 121.5905549743135, 119.11450037920027, 117.34713858021381, 116.3291624772802, 114.7403841444102, 114.57207362932547, 112.06045762739907, 110.05418113439463, 108.88205932356823, 108.15737325085307, 107.52509185934716, 106.10772888439989, 130.954459438041, 124.3012733502371, 116.9747495036215, 115.11145315613633, 114.47017682544626, 114.53822784503245, 115.68402324208881, 117.23121786383331, 120.01522613724165, 123.31338274748626, 126.0745711763075, 128.71293816204692, 131.18363546956883, 133.46726723145036, 135.82082509572717, 137.97213814156524, 138.50101931279937, 138.34253858583298, 138.6969107754179, 136.51164602069144, 111.23572491311722, 110.44030813330492, 109.4800061987826, 108.37320363638774, 106.37155220399723, 104.2654691508671, 101.76156384780606, 99.17321581640125, 98.19788601047163, 97.6985848618126, 97.68827311851602, 99.37098161496613, 101.54466348032373, 103.51695551702348, 105.16340461062639, 105.80919054632679, 105.46645097978333, 104.72252965514025, 103.59629821571075, 100.9995897717146, 98.54505430057544, 96.18715300537079, 91.58285074098558, 107.65649035400587, 108.3192076461261, 108.81460946197717, 109.11363981772482, 109.37267331632387, 109.35090884036704, 109.02691459968905, 108.44572517833004, 107.89970497229787, 107.9908316461597, 107.84322245838992, 107.22615732631668, 107.75830690438058, 108.7151405363479, 107.88923101534799, 107.05089524111061, 106.39719627648505, 106.42789283819552, 106.7661318666108, 107.18331209471808, 108.02348416349585, 108.12015231887266, 107.26296639154073, 105.61624616872494, 104.50396623073826, 103.81762684371488, 102.90573202368444, 101.87151256724697, 100.858880788767, 101.09382440692171, 100.97400169853694, 109.39106245882945, 107.48181120052564, 97.44951922673377, 93.98744457965122, 91.78284041127071, 89.2868088758518, 86.77857831370586, 84.70387864527736, 82.7107712227652, 81.32713517581033, 78.72852702589032, 77.23370805597058, 76.27103041511266, 75.76694017336119, 75.48597434409007, 76.41070444420009, 78.21364907363197, 79.21440362501443, 80.03165175490506, 80.10404534375445, 80.1984585705413, 158.12313051894753], "pitch_int": [0.3, 0.31, 0.32, 0.33, 0.34, 0.46, 0.47, 0.48, 0.49, 0.5, 0.51, 0.52, 0.66, 0.67, 0.68, 0.69, 0.7, 0.71, 0.86, 0.87, 0.88, 0.89, 0.9, 0.91, 0.92, 0.93, 0.94, 0.95, 0.96, 0.97, 0.98, 0.99, 1.0, 1.01, 1.02, 1.03, 1.04, 1.18, 1.28, 1.29, 1.3, 1.31, 1.32, 1.33, 1.34, 1.35, 1.36, 1.37, 1.38, 1.39, 1.4, 1.41, 1.42, 1.43, 1.44, 1.45, 1.46, 1.47, 1.48, 1.49, 1.51, 1.56, 1.57, 1.58, 1.59, 1.6, 1.61, 1.62, 1.63, 1.64, 1.65, 1.66, 1.67, 1.68, 1.69, 1.7, 1.71, 1.72, 1.73, 1.74, 1.75, 1.76, 1.77, 1.78, 1.79, 1.8, 1.81, 1.82, 1.83, 1.84, 1.85, 1.86, 1.97, 1.98, 2.14, 2.15, 2.16, 2.17, 2.18, 2.19, 2.2, 2.21, 2.22, 2.23, 2.24, 2.25, 2.26, 2.27, 2.28, 2.29, 2.3, 2.31, 2.32, 2.45], "audio_url": "/file_processing/data_out/audio/Speaker5_Africa_Male_1_2.wav", "textgrid_url": "/file_processing/data_out/textgrid/Speaker5_Africa_Male_1_2.TextGrid", "labels": ["#", "Je", "suis", "fran\u00e7ais", "#", "et", "je", "viens", "de", "la", "Bretagne.", "#"], "label_int": [0.25018, 0.10881999999999997, 0.17000000000000004, 0.5199999999999999, 0.21999999999999997, 0.08000000000000007, 0.14000000000000012, 0.16999999999999993, 0.06000000000000005, 0.1299999999999999, 0.5765100000000001, 0.24948999999999977]}