{"filename": "Speaker7_Russia_Female_3_10", "pitches": [156.6121186043412, 214.34082186148004, 203.50876194585393, 199.71703832802342, 197.05248382549263, 193.18549516381236, 190.57624391178007, 188.32111579695663, 186.50125698764134, 185.59742102186152, 186.137689042913, 188.8302283290436, 192.91997589030063, 194.9580670052697, 195.10411474864486, 194.0752450014926, 193.04556859397337, 192.99661108731672, 193.4237562529884, 193.9126548919691, 194.73406395816082, 194.6131703047196, 194.68692180077883, 194.17351690371004, 192.5141240390493, 191.37994752810297, 191.9392586929993, 191.92304240288587, 191.77594185196176, 228.55571604314287, 226.40741699514766, 225.42713547776265, 225.60248651364896, 227.9433704157659, 234.51047037484608, 242.44213852449525, 247.51247237762044, 249.53438780479078, 247.94963051015745, 244.73690909092457, 241.37428739420238, 239.04088696774565, 238.5896617355259, 239.07319087444995, 241.27787518327935, 242.75499703906024, 244.3950791877342, 246.51229543313744, 247.32286460924968, 246.84698207279456, 245.893464875293, 244.51470730950692, 242.19448923432086, 239.97301171131778, 258.29481152511516, 257.16305030232326, 257.11907163254483, 257.3112528568499, 258.3145989316505, 260.76196582231387, 263.56878094009295, 266.0295430030389, 267.3484982528634, 266.8727694271309, 213.38466853494336, 208.66342178817695, 206.14977893666833, 204.98115509177472, 203.264939982423, 200.81762098452168, 197.97367154272422, 195.28101673354655, 190.24313885930454, 185.83126656746487, 183.86860792508887, 185.29319535592418, 187.36355997841102, 188.36785568827196, 187.61610111553887, 185.55556847304533, 183.54311477114382, 181.81068455011564, 181.26026068307806, 181.31839361941698, 181.53346233141514, 180.99103735116816, 179.5540034555591, 177.94708778071, 175.66847291597756, 173.53181266290702, 171.48600930188692, 169.39830348641718, 167.55800217712715, 166.2608097835864, 165.0404498868579, 162.13027605036385, 149.547026441326, 146.85194973722696, 146.40327268367395, 149.63342509430004, 173.07046996402389, 175.67827809326525, 176.43894973678354, 175.35715599739126, 165.83825296149325, 167.4039834543892, 171.23769292855815, 174.03533986838383, 174.7254753051261, 177.71457300803363, 177.56425035536432, 177.63250425864373, 176.00316752012907, 173.98094093975985, 173.39330530970858, 177.15956645634117, 177.12137832926643, 177.15944036365903, 173.38859804878527, 170.9478196258718], "pitch_int": [0.19, 0.24, 0.25, 0.26, 0.27, 0.28, 0.29, 0.3, 0.31, 0.32, 0.33, 0.34, 0.35, 0.36, 0.37, 0.38, 0.39, 0.4, 0.41, 0.42, 0.45, 0.46, 0.47, 0.48, 0.49, 0.5, 0.51, 0.52, 0.53, 0.57, 0.58, 0.59, 0.6, 0.61, 0.62, 0.63, 0.64, 0.65, 0.66, 0.67, 0.68, 0.69, 0.7, 0.71, 0.72, 0.73, 0.74, 0.75, 0.76, 0.77, 0.78, 0.79, 0.8, 0.81, 0.91, 0.92, 0.93, 0.94, 0.95, 0.96, 0.97, 0.98, 0.99, 1.0, 1.63, 1.64, 1.65, 1.66, 1.67, 1.68, 1.69, 1.7, 1.71, 1.72, 1.73, 1.74, 1.75, 1.76, 1.77, 1.78, 1.79, 1.8, 1.81, 1.82, 1.83, 1.84, 1.85, 1.86, 1.87, 1.88, 1.89, 1.9, 1.91, 1.92, 1.93, 1.94, 2.02, 2.03, 2.04, 2.05, 2.12, 2.13, 2.14, 2.15, 2.17, 2.18, 2.19, 2.2, 2.26, 2.27, 2.28, 2.29, 2.3, 2.31, 2.32, 2.35, 2.36, 2.37, 2.38, 2.39], "audio_url": "/file_processing/data_out/audio/Speaker7_Russia_Female_3_10.wav", "textgrid_url": "/file_processing/data_out/textgrid/Speaker7_Russia_Female_3_10.TextGrid", "labels": ["#", "Je", "vais", "faire", "les", "courses", "#", "si", "j'ai", "le", "temps.", "#"], "label_int": [0.25075, 0.08431000000000005, 0.08893999999999996, 0.3, 0.08999999999999997, 0.44000000000000006, 0.31000000000000005, 0.1299999999999999, 0.15000000000000013, 0.07999999999999985, 0.23363000000000023, 0.24936999999999987]}