{"filename": "Speaker9_France_Male_2_1", "pitches": [123.16432639981824, 119.70424778358307, 117.99928475830507, 115.81860893698844, 114.10631410102235, 112.85463143797429, 111.18976026102722, 134.06423654492295, 132.17600881204015, 131.0717207870365, 129.61012833659518, 127.53813359052346, 125.59097381445454, 123.79725607681755, 121.16169421422615, 118.50070167823516, 118.7417992498281, 138.42949907906126, 141.815505314478, 144.67701901581188, 147.49761058702398, 149.27459082910005, 150.59008314213594, 150.84979665217202, 149.80216302715465, 147.79233169096855, 144.9782142795501, 139.90234912758777, 136.03387038177388, 130.89170654208016, 124.9855366019595, 119.71443057866388, 114.25832684711635, 110.11622674060393, 106.34546297082368, 103.91577167714846, 102.38556962409928, 100.56028421490238, 98.17754854283922, 96.14869436799549, 94.1086055783149, 118.54838478768957, 115.89033953237163, 115.20457740784371, 116.2688454408014, 118.63299108617937, 122.35514941511536, 125.14026529122134, 129.80379002538643, 135.39652335214362, 140.6073920363934, 144.1943666057767, 146.01989864206348, 146.80043060609242, 104.28937351358321, 102.69070285120613, 101.16114200133305, 98.24483455222308, 96.47249152687823, 95.48947786521965, 95.07288676915263, 100.85910427646297, 98.84846538001817, 95.78959278228871, 93.02780861454562, 90.81601961062947, 88.93151158106058, 88.6127247490623, 88.93542299579715, 89.32560604329686, 89.49677688149026, 89.79580374935136, 90.18492499685608, 90.1288350230673, 89.62898203684529, 88.95249763769709, 88.28887314281806, 87.41265589558544, 95.56676212312041, 119.48398501383168, 121.59504557440124, 127.48806946367134, 130.16840161224857, 132.0947197812205, 133.76762019625946, 132.56481701892238, 130.44871793452552, 125.60079199967966, 122.81636052325373, 120.92212091021196, 118.19129500957891, 115.52199959989241, 112.13372348293974, 110.16951520141475, 107.87492105917337], "pitch_int": [0.27, 0.28, 0.29, 0.3, 0.31, 0.32, 0.33, 0.5, 0.51, 0.52, 0.53, 0.54, 0.55, 0.56, 0.57, 0.58, 0.59, 0.61, 0.62, 0.63, 0.64, 0.65, 0.66, 0.67, 0.68, 0.69, 0.7, 0.71, 0.72, 0.73, 0.74, 0.75, 0.76, 0.77, 0.78, 0.79, 0.8, 0.81, 0.82, 0.83, 0.84, 1.01, 1.02, 1.03, 1.04, 1.05, 1.06, 1.07, 1.08, 1.09, 1.1, 1.11, 1.12, 1.13, 1.29, 1.3, 1.31, 1.32, 1.33, 1.34, 1.35, 1.43, 1.44, 1.45, 1.46, 1.47, 1.48, 1.49, 1.5, 1.51, 1.52, 1.53, 1.54, 1.55, 1.56, 1.57, 1.58, 1.59, 1.66, 1.69, 1.7, 1.71, 1.72, 1.73, 1.74, 1.75, 1.76, 1.89, 1.9, 1.91, 1.92, 1.93, 1.94, 1.95, 1.96], "audio_url": "/file_processing/data_out/audio/Speaker9_France_Male_2_1.wav", "textgrid_url": "/file_processing/data_out/textgrid/Speaker9_France_Male_2_1.TextGrid", "labels": ["#", "Il", "travaille", "en", "France,", "mais", "il", "n'est", "pas", "fran\u00e7ais.", "#"], "label_int": [0.25, 0.09999999999999998, 0.42000000000000004, 0.06999999999999995, 0.43000000000000005, 0.16999999999999993, 0.06000000000000005, 0.1100000000000001, 0.1299999999999999, 0.4099999999999999, 0.25]}